MSSubClass,MSZoning,LotFrontage,LotArea,Alley,LotShape,LotConfig,Neighborhood,Condition1,BldgType,HouseStyle,OverallQual,OverallCond,YearBuilt,YearRemodAdd,RoofStyle,MasVnrType,MasVnrArea,ExterQual,ExterCond,Foundation,BsmtQual,BsmtCond,BsmtExposure,BsmtFinType1,BsmtFinType2,TotalBsmtSF,HeatingQC,CentralAir,Electrical,1stFlrSF,2ndFlrSF,LowQualFinSF,GrLivArea,BsmtFullBath,BsmtHalfBath,FullBath,HalfBath,BedroomAbvGr,KitchenAbvGr,KitchenQual,TotRmsAbvGrd,Functional,Fireplaces,FireplaceQu,GarageType,GarageFinish,GarageCars,GarageArea,PavedDrive,WoodDeckSF,OpenPorchSF,EnclosedPorch,3SsnPorch,ScreenPorch,PoolArea,Fence,MiscVal,SaleType,SaleCondition,SalePrice,SalePriceLog,ExteriorMat,HouseFin,ExteriorStyle
60,RL,65.0,8450,NA,Reg,Inside,CollgCr,Norm,1Fam,2.0Story,7,5,2003,2003,Gable,BrkFace,196.0,Gd,Gd,PConc,Gd,TA,No,GLQ,Unf,856,Ex,Y,SBrkr,856,854,0,1710,1,0,2,1,3,1,Gd,8,Typ,0,NA,Attchd,RFn,2,548,Y,0,61,0,0,0,0,NA,0,WD,Normal,208500,12.247694320220994,VinylSd,Finished,Siding
20,RL,80.0,9600,NA,Reg,FR2,Veenker,Feedr,1Fam,1.0Story,6,8,1976,1976,Gable,None,0.0,TA,Gd,CBlock,Gd,TA,Gd,ALQ,Unf,1262,Ex,Y,SBrkr,1262,0,0,1262,0,1,2,0,3,1,TA,6,Typ,1,TA,Attchd,RFn,2,460,Y,298,0,0,0,0,0,NA,0,WD,Normal,181500,12.109010932687042,MetalSd,Finished,Siding
60,RL,68.0,11250,NA,IR,Inside,CollgCr,Norm,1Fam,2.0Story,7,5,2001,2002,Gable,BrkFace,162.0,Gd,Gd,PConc,Gd,TA,Mn,GLQ,Unf,920,Ex,Y,SBrkr,920,866,0,1786,1,0,2,1,3,1,Gd,6,Typ,1,TA,Attchd,RFn,2,608,Y,0,42,0,0,0,0,NA,0,WD,Normal,223500,12.31716669303576,VinylSd,Finished,Siding
70,RL,60.0,9550,NA,IR,Corner,Crawfor,Norm,1Fam,2.0Story,7,5,1915,1970,Gable,None,0.0,TA,Gd,BrkTil,TA,Gd,No,ALQ,Unf,756,Gd,Y,SBrkr,961,756,0,1717,1,0,1,0,3,1,Gd,7,Typ,1,Gd,Detchd,Unf,3,642,Y,0,35,272,0,0,0,NA,0,WD,Abnorml,140000,11.84939770159144,Wood,Finished,Shingle
60,RL,84.0,14260,NA,IR,FR2,NoRidge,Norm,1Fam,2.0Story,8,5,2000,2000,Gable,BrkFace,350.0,Gd,Gd,PConc,Gd,TA,Av,GLQ,Unf,1145,Ex,Y,SBrkr,1145,1053,0,2198,1,0,2,1,4,1,Gd,9,Typ,1,TA,Attchd,RFn,3,836,Y,192,84,0,0,0,0,NA,0,WD,Normal,250000,12.429216196844383,VinylSd,Finished,Siding
50,RL,85.0,14115,NA,IR,Inside,Mitchel,Norm,1Fam,1.5Story,5,5,1993,1995,Gable,None,0.0,TA,Gd,Oth,Gd,TA,No,GLQ,Unf,796,Ex,Y,SBrkr,796,566,0,1362,1,0,1,1,1,1,TA,5,Typ,0,NA,Attchd,Unf,2,480,Y,40,30,0,320,0,0,Fence,700,WD,Normal,143000,11.870599909242044,VinylSd,Finished,Siding
20,RL,75.0,10084,NA,Reg,Inside,Somerst,Norm,1Fam,1.0Story,8,5,2004,2005,Gable,Stone,186.0,Gd,Gd,PConc,Ex,TA,Av,GLQ,Unf,1686,Ex,Y,SBrkr,1694,0,0,1694,1,0,2,0,3,1,Gd,7,Typ,1,Gd,Attchd,RFn,2,636,Y,255,57,0,0,0,0,NA,0,WD,Normal,307000,12.634603026569334,VinylSd,Finished,Siding
60,RL,70.05,10382,NA,IR,Corner,NWAmes,Pos,1Fam,2.0Story,7,6,1973,1973,Gable,Stone,240.0,TA,Gd,CBlock,Gd,TA,Mn,ALQ,BLQ,1107,Ex,Y,SBrkr,1107,983,0,2090,1,0,2,1,3,1,TA,7,Typ,2,TA,Attchd,RFn,2,484,Y,235,204,228,0,0,0,NA,350,WD,Normal,200000,12.206072645530174,HdBoard,Finished,Other
50,RM,51.0,6120,NA,Reg,Inside,OldTown,Artery,1Fam,1.5Story,7,5,1931,1950,Gable,None,0.0,TA,Gd,BrkTil,TA,TA,No,Unf,Unf,952,Gd,Y,Fuse,1022,752,0,1774,0,0,2,0,2,2,TA,8,Atype,2,TA,Detchd,Unf,2,468,Y,90,0,205,0,0,0,NA,0,WD,Abnorml,129900,11.77452020265869,Wood,Finished,Shingle
190,RL,50.0,7420,NA,Reg,Corner,BrkSide,Artery,Oth,1.5Story,5,6,1939,1950,Gable,None,0.0,TA,Gd,BrkTil,TA,TA,No,GLQ,Unf,991,Ex,Y,SBrkr,1077,0,0,1077,1,0,1,0,2,2,TA,5,Typ,2,TA,Attchd,RFn,1,205,Y,0,4,0,0,0,0,NA,0,WD,Normal,118000,11.678439903447801,MetalSd,Unfinished,Siding
20,RL,70.0,11200,NA,Reg,Inside,Sawyer,Norm,1Fam,1.0Story,5,5,1965,1965,Hip,None,0.0,TA,Gd,CBlock,TA,TA,No,Rec,Unf,1040,Ex,Y,SBrkr,1040,0,0,1040,1,0,1,0,3,1,TA,5,Typ,0,NA,Detchd,Unf,1,384,Y,0,0,0,0,0,0,NA,0,WD,Normal,129500,11.771436160121729,HdBoard,Finished,Other
60,RL,85.0,11924,NA,IR,Inside,NridgHt,Norm,1Fam,2.0Story,9,5,2005,2006,Hip,Stone,286.0,Ex,Gd,PConc,Ex,TA,No,GLQ,Unf,1175,Ex,Y,SBrkr,1182,1142,0,2324,1,0,3,0,4,1,Ex,11,Typ,2,Gd,Attchd,Fin,3,736,Y,147,21,0,0,0,0,NA,0,Oth,Partial,345000,12.751299696013497,Wood,Finished,Shingle
20,RL,70.05,12968,NA,IR,Inside,Sawyer,Norm,1Fam,1.0Story,5,6,1962,1962,Hip,None,0.0,TA,Gd,CBlock,TA,TA,No,ALQ,Unf,912,TA,Y,SBrkr,912,0,0,912,1,0,1,0,2,1,TA,4,Typ,0,NA,Detchd,Unf,1,352,Y,140,0,0,0,176,0,NA,0,WD,Normal,144000,11.877568578558138,Plywood,Finished,Other
20,RL,91.0,10652,NA,IR,Inside,CollgCr,Norm,1Fam,1.0Story,7,5,2006,2007,Gable,Stone,306.0,Gd,Gd,PConc,Gd,TA,Av,Unf,Unf,1494,Ex,Y,SBrkr,1494,0,0,1494,0,0,2,0,3,1,Gd,7,Typ,1,Gd,Attchd,RFn,3,840,Y,160,33,0,0,0,0,NA,0,Oth,Partial,279500,12.540757571577291,VinylSd,Finished,Siding
20,RL,70.05,10920,NA,IR,Corner,NAmes,Norm,1Fam,1.0Story,6,5,1960,1960,Hip,BrkFace,212.0,TA,Gd,CBlock,TA,TA,No,BLQ,Unf,1253,TA,Y,SBrkr,1253,0,0,1253,1,0,1,1,2,1,TA,5,Typ,1,Po,Attchd,RFn,1,352,Y,0,213,176,0,0,0,Fence,0,WD,Normal,157000,11.964001084330445,MetalSd,Finished,Siding
45,RM,51.0,6120,NA,Reg,Corner,BrkSide,Norm,1Fam,1.5Story,7,8,1929,2001,Gable,None,0.0,TA,Gd,BrkTil,TA,TA,No,Unf,Unf,832,Ex,Y,Fuse,854,0,0,854,0,0,1,0,2,1,TA,5,Typ,0,NA,Detchd,Unf,2,576,Y,48,112,0,0,0,0,Fence,0,WD,Normal,132000,11.790557201568507,Wood,Unfinished,Siding
20,RL,70.05,11241,NA,IR,CulDSac,NAmes,Norm,1Fam,1.0Story,6,7,1970,1970,Gable,BrkFace,180.0,TA,Gd,CBlock,TA,TA,No,ALQ,Unf,1004,Ex,Y,SBrkr,1004,0,0,1004,1,0,1,0,2,1,TA,5,Typ,1,TA,Attchd,Fin,2,480,Y,0,0,0,0,0,0,NA,700,WD,Normal,149000,11.911701584927597,Wood,Finished,Siding
90,RL,72.0,10791,NA,Reg,Inside,Sawyer,Norm,Oth,1.0Story,4,5,1967,1967,Gable,None,0.0,TA,Gd,Oth,NA,NA,No,NA,NA,0,TA,Y,SBrkr,1296,0,0,1296,0,0,2,0,2,2,TA,6,Typ,0,NA,Detchd,Unf,2,516,Y,0,0,0,0,0,0,NA,500,WD,Normal,90000,11.407564949312402,MetalSd,Finished,Siding
20,RL,66.0,13695,NA,Reg,Inside,SawyerW,NRR,1Fam,1.0Story,5,5,2004,2004,Gable,None,0.0,TA,Gd,PConc,TA,TA,No,GLQ,Unf,1114,Ex,Y,SBrkr,1114,0,0,1114,1,0,1,1,3,1,Gd,6,Typ,0,NA,Detchd,Unf,2,576,Y,0,102,0,0,0,0,NA,0,WD,Normal,159000,11.976659481202368,VinylSd,Finished,Siding
20,RL,70.0,7560,NA,Reg,Inside,NAmes,Norm,1Fam,1.0Story,5,6,1958,1965,Hip,None,0.0,TA,Gd,CBlock,TA,TA,No,LwQ,Unf,1029,TA,Y,SBrkr,1339,0,0,1339,0,0,1,0,3,1,TA,6,Atype,0,NA,Attchd,Unf,1,294,Y,0,0,0,0,0,0,Fence,0,Oth,Abnorml,139000,11.842229212112828,Plywood,Finished,Other
60,RL,101.0,14215,NA,IR,Corner,NridgHt,Norm,1Fam,2.0Story,8,5,2005,2006,Gable,BrkFace,380.0,Gd,Gd,PConc,Ex,TA,Av,Unf,Unf,1158,Ex,Y,SBrkr,1158,1218,0,2376,0,0,3,1,4,1,Gd,9,Typ,1,Gd,Attchd,RFn,3,853,Y,240,154,0,0,0,0,NA,0,Oth,Partial,325300,12.692503112461443,VinylSd,Finished,Siding
45,RM,57.0,7449,Grvl,Reg,Inside,IDOTRR,Norm,1Fam,1.5Story,7,7,1930,1950,Gable,None,0.0,TA,Gd,PConc,TA,TA,No,Unf,Unf,637,Ex,Y,Fuse,1108,0,0,1108,0,0,1,0,3,1,Gd,6,Typ,1,Gd,Attchd,Unf,1,280,N,0,0,205,0,0,0,Fence,0,WD,Normal,139400,11.845102777308561,Wood,Unfinished,Siding
20,RL,75.0,9742,NA,Reg,Inside,CollgCr,Norm,1Fam,1.0Story,8,5,2002,2002,Hip,BrkFace,281.0,Gd,Gd,PConc,Gd,TA,No,Unf,Unf,1777,Ex,Y,SBrkr,1795,0,0,1795,0,0,2,0,3,1,Gd,7,Typ,1,Gd,Attchd,RFn,2,534,Y,171,159,0,0,0,0,NA,0,WD,Normal,230000,12.345834587905333,VinylSd,Finished,Siding
120,RM,44.0,4224,NA,Reg,Inside,MeadowV,Norm,Twnhs,1.0Story,5,7,1976,1976,Gable,None,0.0,TA,Gd,PConc,Gd,TA,No,GLQ,Unf,1040,TA,Y,SBrkr,1060,0,0,1060,1,0,1,0,3,1,TA,6,Typ,1,TA,Attchd,Unf,2,572,Y,100,110,0,0,0,0,NA,0,WD,Normal,129900,11.77452020265869,Other,Finished,Other
20,RL,70.05,8246,NA,IR,Inside,Sawyer,Norm,1Fam,1.0Story,5,8,1968,2001,Gable,None,0.0,TA,Gd,CBlock,TA,TA,Mn,Rec,ALQ,1060,Ex,Y,SBrkr,1060,0,0,1060,1,0,1,0,3,1,Gd,6,Typ,1,TA,Attchd,Unf,1,270,Y,406,90,0,0,0,0,Fence,0,WD,Normal,154000,11.944707881395766,Plywood,Finished,Other
20,RL,110.0,14230,NA,Reg,Corner,NridgHt,Norm,1Fam,1.0Story,8,5,2007,2007,Gable,Stone,640.0,Gd,Gd,PConc,Gd,TA,No,Unf,Unf,1566,Ex,Y,SBrkr,1600,0,0,1600,0,0,2,0,3,1,Gd,7,Typ,1,Gd,Attchd,RFn,3,890,Y,0,56,0,0,0,0,NA,0,WD,Normal,256300,12.454103912352162,VinylSd,Finished,Siding
20,RL,60.0,7200,NA,Reg,Corner,NAmes,Norm,1Fam,1.0Story,5,7,1951,2000,Gable,None,0.0,TA,Gd,CBlock,TA,TA,Mn,BLQ,Rec,900,TA,Y,SBrkr,900,0,0,900,0,1,1,0,3,1,Gd,5,Typ,0,NA,Detchd,Unf,2,576,Y,222,32,0,0,0,0,NA,0,WD,Normal,134800,11.811547477460344,Wood,Finished,Siding
20,RL,98.0,11478,NA,Reg,Inside,NridgHt,Norm,1Fam,1.0Story,8,5,2007,2008,Gable,Stone,200.0,Gd,Gd,PConc,Ex,TA,No,GLQ,Unf,1704,Ex,Y,SBrkr,1704,0,0,1704,1,0,2,0,3,1,Gd,7,Typ,1,Gd,Attchd,RFn,3,772,Y,0,50,0,0,0,0,NA,0,WD,Normal,306000,12.631340380934517,VinylSd,Finished,Siding
20,RL,47.0,16321,NA,IR,CulDSac,NAmes,Norm,1Fam,1.0Story,5,6,1957,1997,Gable,None,0.0,TA,Gd,CBlock,TA,TA,Gd,BLQ,Unf,1484,TA,Y,SBrkr,1600,0,0,1600,1,0,1,0,2,1,TA,6,Typ,2,Gd,Attchd,RFn,1,319,Y,288,258,0,0,0,0,NA,0,WD,Normal,207500,12.24288661865289,MetalSd,Finished,Siding
30,RM,60.0,6324,NA,IR,Inside,BrkSide,Feedr,1Fam,1.0Story,4,6,1927,1950,Gable,None,0.0,TA,Gd,BrkTil,TA,TA,No,Unf,Unf,520,Fa,N,SBrkr,520,0,0,520,0,0,1,0,1,1,Fa,4,Typ,0,NA,Detchd,Unf,1,240,Y,49,0,87,0,0,0,NA,0,WD,Normal,68500,11.134589024250317,MetalSd,Finished,Siding
70,C (all),50.0,8500,Pave,Reg,Inside,IDOTRR,Feedr,1Fam,2.0Story,4,4,1920,1950,Oth,None,0.0,TA,Fa,BrkTil,TA,TA,No,Unf,Unf,649,TA,N,SBrkr,649,668,0,1317,0,0,1,0,3,1,TA,6,Typ,0,NA,Detchd,Unf,1,250,N,0,54,172,0,0,0,Fence,0,WD,Normal,40000,10.596634733096073,Other,Finished,Other
20,RL,70.05,8544,NA,IR,CulDSac,Sawyer,Norm,1Fam,1.0Story,5,6,1966,2006,Gable,None,0.0,TA,Gd,CBlock,TA,TA,No,Unf,Unf,1228,Gd,Y,SBrkr,1228,0,0,1228,0,0,1,1,3,1,Gd,6,Typ,0,NA,Attchd,Unf,1,271,Y,0,65,0,0,0,0,Fence,0,WD,Normal,149350,11.914047823644255,HdBoard,Finished,Other
20,RL,85.0,11049,NA,Reg,Corner,CollgCr,Norm,1Fam,1.0Story,8,5,2007,2007,Gable,None,0.0,Gd,Gd,PConc,Ex,TA,Av,Unf,Unf,1234,Ex,Y,SBrkr,1234,0,0,1234,0,0,2,0,3,1,Gd,7,Typ,0,NA,Attchd,RFn,2,484,Y,0,30,0,0,0,0,NA,0,WD,Normal,179900,12.100156419938624,VinylSd,Finished,Siding
20,RL,70.0,10552,NA,IR,Inside,NAmes,Norm,1Fam,1.0Story,5,5,1959,1959,Hip,None,0.0,TA,Gd,CBlock,TA,TA,No,Rec,Unf,1398,Gd,Y,SBrkr,1700,0,0,1700,0,1,1,1,4,1,Gd,6,Typ,1,Gd,Attchd,RFn,2,447,Y,0,38,0,0,0,0,NA,0,WD,Normal,165500,12.016726473799254,Other,Finished,Other
120,RL,60.0,7313,NA,Reg,Inside,NridgHt,Norm,Twnhs,1.0Story,9,5,2005,2005,Hip,BrkFace,246.0,Ex,Gd,PConc,Ex,TA,No,GLQ,Unf,1561,Ex,Y,SBrkr,1561,0,0,1561,1,0,2,0,2,1,Ex,6,Typ,1,Gd,Attchd,Fin,2,556,Y,203,47,0,0,0,0,NA,0,WD,Normal,277500,12.533576212168626,MetalSd,Finished,Siding
60,RL,108.0,13418,NA,Reg,Inside,NridgHt,Norm,1Fam,2.0Story,8,5,2004,2005,Gable,Stone,132.0,Gd,Gd,PConc,Ex,TA,Av,Unf,Unf,1117,Ex,Y,SBrkr,1132,1320,0,2452,0,0,3,1,4,1,Gd,9,Typ,1,Gd,Attchd,Fin,3,691,Y,113,32,0,0,0,0,NA,0,WD,Normal,309000,12.641096555879882,VinylSd,Finished,Siding
20,RL,112.0,10859,NA,Reg,Corner,CollgCr,Norm,1Fam,1.0Story,5,5,1994,1995,Gable,None,0.0,TA,Gd,PConc,Gd,TA,No,Unf,Unf,1097,Ex,Y,SBrkr,1097,0,0,1097,0,0,1,1,3,1,TA,6,Typ,0,NA,Attchd,Unf,2,672,Y,392,64,0,0,0,0,NA,0,WD,Normal,145000,11.884489021402711,VinylSd,Finished,Siding
20,RL,74.0,8532,NA,Reg,Inside,NAmes,Norm,1Fam,1.0Story,5,6,1954,1990,Hip,BrkFace,650.0,TA,Gd,CBlock,TA,TA,No,Rec,Unf,1297,Gd,Y,SBrkr,1297,0,0,1297,0,1,1,0,3,1,TA,5,Typ,1,TA,Attchd,Fin,2,498,Y,0,0,0,0,0,0,NA,0,WD,Normal,153000,11.938193200374572,Wood,Finished,Siding
20,RL,68.0,7922,NA,Reg,Inside,NAmes,Norm,1Fam,1.0Story,5,7,1953,2007,Gable,None,0.0,TA,Gd,CBlock,TA,TA,No,GLQ,Unf,1057,TA,Y,SBrkr,1057,0,0,1057,1,0,1,0,3,1,Gd,5,Typ,0,NA,Detchd,Unf,1,246,Y,0,52,0,0,0,0,NA,0,WD,Abnorml,109000,11.59910316121128,VinylSd,Finished,Siding
90,RL,65.0,6040,NA,Reg,Inside,Edwards,Norm,Oth,1.0Story,4,5,1955,1955,Gable,None,0.0,TA,Gd,PConc,NA,NA,No,NA,NA,0,TA,N,Fuse,1152,0,0,1152,0,0,2,0,2,2,Fa,6,Typ,0,NA,NA,NA,0,0,N,0,0,0,0,0,0,NA,0,WD,Abnorml,82000,11.314474526246391,Plywood,Finished,Other
20,RL,84.0,8658,NA,Reg,Inside,NAmes,Norm,1Fam,1.0Story,6,5,1965,1965,Gable,BrkFace,101.0,TA,Gd,CBlock,TA,TA,No,Rec,Unf,1088,Ex,Y,SBrkr,1324,0,0,1324,0,0,2,0,3,1,TA,6,Typ,1,TA,Attchd,RFn,2,440,Y,0,138,0,0,0,0,Fence,0,WD,Abnorml,160000,11.982929094215963,Wood,Finished,Siding
20,RL,115.0,16905,NA,Reg,Inside,Timber,Norm,1Fam,1.0Story,5,6,1959,1959,Gable,None,0.0,TA,Gd,CBlock,TA,TA,Gd,BLQ,Unf,1350,Gd,Y,SBrkr,1328,0,0,1328,0,1,1,1,2,1,TA,5,Typ,2,Gd,Attchd,RFn,1,308,N,0,104,0,0,0,0,NA,0,WD,Normal,170000,12.043553716032399,VinylSd,Finished,Siding
85,RL,70.05,9180,NA,IR,CulDSac,SawyerW,Norm,1Fam,SFoyer,5,7,1983,1983,Gable,None,0.0,TA,Gd,CBlock,Gd,TA,Av,ALQ,LwQ,840,Gd,Y,SBrkr,884,0,0,884,1,0,1,0,2,1,Gd,5,Typ,0,NA,Attchd,RFn,2,504,Y,240,0,0,0,0,0,Fence,0,WD,Normal,144000,11.877568578558138,HdBoard,Finished,Other
20,RL,70.05,9200,NA,IR,CulDSac,CollgCr,Norm,1Fam,1.0Story,5,6,1975,1980,Hip,None,0.0,TA,Gd,CBlock,Gd,TA,Av,LwQ,BLQ,938,TA,Y,SBrkr,938,0,0,938,1,0,1,0,3,1,TA,5,Typ,0,NA,Detchd,Unf,1,308,Y,145,0,0,0,0,0,Fence,0,WD,Normal,130250,11.777210959615614,VinylSd,Finished,Siding
20,RL,70.0,7945,NA,Reg,Inside,NAmes,Norm,1Fam,1.0Story,5,6,1959,1959,Gable,None,0.0,TA,Gd,CBlock,TA,TA,No,ALQ,BLQ,1150,Ex,Y,Fuse,1150,0,0,1150,1,0,1,0,3,1,TA,6,Typ,0,NA,Attchd,RFn,1,300,Y,0,0,0,0,0,0,NA,0,WD,Normal,141000,11.856515169360305,Wood,Finished,Siding
120,RL,61.0,7658,NA,Reg,Inside,NridgHt,Norm,Twnhs,1.0Story,9,5,2005,2005,Hip,BrkFace,412.0,Ex,Gd,PConc,Ex,TA,No,GLQ,Unf,1752,Ex,Y,SBrkr,1752,0,0,1752,1,0,2,0,2,1,Ex,6,Typ,1,Gd,Attchd,RFn,2,576,Y,196,82,0,0,0,0,NA,0,WD,Normal,319900,12.675763725937609,MetalSd,Finished,Siding
50,RL,48.0,12822,NA,IR,CulDSac,Mitchel,Norm,1Fam,1.5Story,7,5,2003,2003,Gable,None,0.0,Gd,Gd,PConc,Ex,TA,No,GLQ,Unf,1434,Ex,Y,SBrkr,1518,631,0,2149,1,0,1,1,1,1,Gd,6,Typ,1,Gd,Attchd,RFn,2,670,Y,168,43,0,0,198,0,NA,0,WD,Abnorml,239686,12.387085012375499,VinylSd,Finished,Siding
20,FV,84.0,11096,NA,Reg,Inside,Somerst,Norm,1Fam,1.0Story,8,5,2006,2006,Gable,None,0.0,Gd,Gd,PConc,Gd,TA,Av,GLQ,Unf,1656,Ex,Y,SBrkr,1656,0,0,1656,0,0,2,0,3,1,Gd,7,Typ,0,NA,Attchd,RFn,3,826,Y,0,146,0,0,0,0,NA,0,WD,Normal,249700,12.428015476267865,VinylSd,Finished,Siding
190,RM,33.0,4456,NA,Reg,Inside,OldTown,Norm,Oth,2.0Story,4,5,1920,2008,Gable,None,0.0,TA,Gd,BrkTil,TA,TA,No,Unf,Unf,736,Gd,Y,SBrkr,736,716,0,1452,0,0,2,0,2,3,TA,8,Typ,0,NA,NA,NA,0,0,N,0,0,102,0,0,0,NA,0,Oth,Partial,113000,11.635143097694478,MetalSd,Finished,Siding
20,RL,66.0,7742,NA,Reg,Inside,Sawyer,Norm,1Fam,1.0Story,5,7,1966,1966,Gable,None,0.0,TA,Gd,CBlock,TA,TA,No,BLQ,Unf,955,Ex,Y,SBrkr,955,0,0,955,1,0,1,0,3,1,TA,6,Typ,0,NA,Attchd,Unf,1,386,Y,0,0,0,0,0,0,Fence,0,WD,Normal,127000,11.751942365440728,HdBoard,Finished,Other
60,RL,70.05,13869,NA,IR,Corner,Gilbert,Norm,1Fam,2.0Story,6,6,1997,1997,Gable,None,0.0,TA,Gd,PConc,Gd,TA,Av,GLQ,Unf,794,Gd,Y,SBrkr,794,676,0,1470,0,1,2,0,3,1,TA,6,Typ,0,NA,Attchd,Fin,2,388,Y,0,75,0,0,0,0,NA,0,WD,Normal,177000,12.083905011555967,VinylSd,Finished,Siding
50,RM,52.0,6240,NA,Reg,Inside,BrkSide,Norm,1Fam,1.5Story,6,6,1934,1950,Gable,None,0.0,TA,Gd,PConc,TA,TA,No,Unf,Unf,816,TA,Y,SBrkr,816,0,360,1176,0,0,1,0,3,1,TA,6,Typ,1,Gd,Detchd,Unf,2,528,Y,112,0,0,0,0,0,Fence,400,WD,Normal,114500,11.648330101976432,Wood,Finished,Siding
90,RM,110.0,8472,NA,IR,Corner,IDOTRR,NRR,Oth,1.0Story,5,5,1963,1963,Gable,None,0.0,Fa,Gd,CBlock,Gd,TA,Gd,LwQ,GLQ,816,TA,N,SBrkr,816,0,0,816,1,0,1,0,2,1,TA,5,Typ,0,NA,Detchd,Unf,2,516,Y,106,0,0,0,0,0,NA,0,WD,Normal,110000,11.608235644774552,Wood,Finished,Siding
20,RL,68.0,50271,NA,IR,Inside,Veenker,Norm,1Fam,1.0Story,9,5,1981,1987,Gable,None,0.0,Gd,Gd,CBlock,Ex,TA,Gd,GLQ,Unf,1842,Gd,Y,SBrkr,1842,0,0,1842,2,0,0,1,0,1,Gd,5,Typ,1,Gd,Attchd,Fin,3,894,Y,857,72,0,0,0,0,NA,0,WD,Normal,385000,12.86099861326992,Wood,Finished,Shingle
80,RL,60.0,7134,NA,Reg,Inside,NAmes,Norm,1Fam,SLvl,5,5,1955,1955,Gable,None,0.0,TA,Gd,CBlock,TA,TA,No,ALQ,Unf,384,TA,Y,SBrkr,1360,0,0,1360,0,0,1,0,3,1,TA,6,Atype,1,TA,Detchd,Unf,2,572,Y,0,50,0,0,0,0,Fence,0,WD,Normal,130000,11.77528972943772,MetalSd,Finished,Siding
20,RL,100.0,10175,NA,IR,Inside,NAmes,Norm,1Fam,1.0Story,6,5,1964,1964,Gable,BrkFace,272.0,TA,Gd,CBlock,TA,TA,No,BLQ,Unf,1425,Gd,Y,SBrkr,1425,0,0,1425,0,0,2,0,3,1,TA,7,Typ,1,Gd,Attchd,RFn,2,576,Y,0,0,0,407,0,0,NA,0,WD,Normal,180500,12.103486056755072,Plywood,Finished,Other
160,FV,24.0,2645,Pave,Reg,Inside,Somerst,Norm,Twnhs,2.0Story,8,5,1999,2000,Gable,BrkFace,456.0,Gd,Gd,PConc,Gd,TA,No,GLQ,Unf,970,Ex,Y,SBrkr,983,756,0,1739,1,0,2,1,3,1,Gd,7,Typ,0,NA,Attchd,Fin,2,480,Y,115,0,0,0,0,0,NA,0,WD,Abnorml,172500,12.058152515453552,MetalSd,Finished,Siding
60,RL,89.0,11645,NA,IR,Corner,CollgCr,Norm,1Fam,2.0Story,7,5,2004,2004,Gable,None,0.0,Gd,Gd,PConc,Gd,TA,No,Unf,Unf,860,Ex,Y,SBrkr,860,860,0,1720,0,0,2,1,3,1,Gd,7,Typ,0,NA,Attchd,RFn,2,565,Y,0,70,0,0,0,0,NA,0,WD,Normal,196500,12.188417710291453,VinylSd,Finished,Siding
60,RL,66.0,13682,NA,IR,CulDSac,StoneBr,Norm,1Fam,2.0Story,10,5,2006,2006,Hip,BrkFace,1031.0,Ex,Gd,PConc,Ex,TA,Gd,Unf,Unf,1410,Ex,Y,SBrkr,1426,1519,0,2945,0,0,3,1,3,1,Gd,10,Typ,1,Gd,Attchd,Fin,3,641,Y,192,0,37,0,0,0,NA,0,Oth,Partial,438780,12.991753427493052,VinylSd,Finished,Siding
20,RL,60.0,7200,NA,Reg,Inside,CollgCr,Norm,1Fam,1.0Story,5,7,1972,1972,Gable,None,0.0,TA,Gd,CBlock,TA,TA,Av,ALQ,Unf,780,Ex,Y,SBrkr,780,0,0,780,0,0,1,0,2,1,TA,4,Typ,0,NA,Detchd,Unf,1,352,Y,196,0,0,0,0,0,Fence,0,WD,Normal,124900,11.73526869611367,HdBoard,Finished,Other
20,RL,63.0,13072,NA,Reg,Inside,SawyerW,NRR,1Fam,1.0Story,6,5,2004,2004,Gable,None,0.0,TA,Gd,PConc,Gd,TA,No,ALQ,Unf,1158,Ex,Y,SBrkr,1158,0,0,1158,1,0,1,1,3,1,Gd,5,Typ,0,NA,Detchd,Unf,2,576,Y,0,50,0,0,0,0,NA,0,Oth,Partial,158000,11.970350312009105,VinylSd,Finished,Siding
75,RM,60.0,7200,NA,Reg,Inside,IDOTRR,Norm,1Fam,2.5Story,5,7,1920,1996,Gable,None,0.0,TA,Gd,BrkTil,TA,Fa,No,Unf,Unf,530,TA,N,SBrkr,581,530,0,1111,0,0,1,0,3,1,Fa,6,Typ,0,NA,Detchd,Unf,1,288,N,0,0,144,0,0,0,NA,0,WD,Normal,101000,11.522875795823397,MetalSd,Unfinished,Siding
120,RL,44.0,6442,NA,IR,Inside,NridgHt,Norm,Twnhs,1.0Story,8,5,2006,2006,Gable,Stone,178.0,Gd,Gd,PConc,Gd,Gd,Mn,GLQ,Unf,1370,Ex,Y,SBrkr,1370,0,0,1370,0,0,2,0,2,1,Gd,6,Typ,1,Gd,Attchd,RFn,2,484,Y,120,49,0,0,0,0,NA,0,WD,Normal,202500,12.218495165528731,VinylSd,Finished,Siding
70,RM,50.0,10300,NA,IR,Inside,OldTown,NRR,1Fam,2.0Story,7,6,1921,1950,Gable,None,0.0,TA,Gd,BrkTil,TA,TA,No,Unf,Unf,576,Gd,Y,SBrkr,902,808,0,1710,0,0,2,0,3,1,TA,9,Typ,0,NA,Detchd,Unf,2,480,Y,12,11,64,0,0,0,Fence,0,WD,Normal,140000,11.84939770159144,Stucco,Finished,Other
60,RL,70.05,9375,NA,Reg,Inside,CollgCr,Norm,1Fam,2.0Story,7,5,1997,1998,Gable,BrkFace,573.0,TA,Gd,PConc,Gd,TA,No,GLQ,Unf,1057,Ex,Y,SBrkr,1057,977,0,2034,1,0,2,1,3,1,Gd,8,Typ,0,NA,Attchd,RFn,2,645,Y,576,36,0,0,0,0,Fence,0,WD,Normal,219500,12.299107511497363,VinylSd,Finished,Siding
60,RL,76.0,9591,NA,Reg,Inside,NridgHt,Norm,1Fam,2.0Story,8,5,2004,2005,Gable,BrkFace,344.0,Gd,Gd,PConc,Ex,TA,Av,Unf,Unf,1143,Ex,Y,SBrkr,1143,1330,0,2473,0,0,2,1,4,1,Gd,9,Typ,1,Gd,Attchd,RFn,3,852,Y,192,151,0,0,0,0,NA,0,WD,Normal,317000,12.666657052859417,VinylSd,Finished,Siding
20,RL,70.05,19900,NA,Reg,Inside,NAmes,Pos,1Fam,1.0Story,7,5,1970,1989,Gable,BrkFace,287.0,TA,Gd,CBlock,Gd,TA,Gd,GLQ,Unf,1947,TA,Y,SBrkr,2207,0,0,2207,1,0,2,0,3,1,TA,7,Atype,1,Gd,Attchd,RFn,2,576,Y,301,0,0,0,0,0,NA,0,WD,Normal,180000,12.100712129872347,Plywood,Finished,Other
20,RL,72.0,10665,NA,IR,Inside,CollgCr,Norm,1Fam,1.0Story,7,5,2003,2003,Gable,BrkFace,167.0,Gd,Gd,PConc,Gd,TA,Av,GLQ,Unf,1453,Ex,Y,SBrkr,1479,0,0,1479,1,0,2,0,3,1,Gd,7,Typ,0,NA,Attchd,RFn,2,558,Y,144,29,0,0,0,0,NA,0,WD,Normal,226000,12.328290278254423,VinylSd,Finished,Siding
30,RM,47.0,4608,NA,Reg,Corner,OldTown,Artery,1Fam,1.0Story,4,6,1945,1950,Gable,None,0.0,TA,Gd,CBlock,TA,TA,No,Unf,Unf,747,TA,Y,SBrkr,747,0,0,747,0,0,1,0,2,1,TA,4,Typ,0,NA,Attchd,Unf,1,220,Y,0,0,0,0,0,0,NA,0,WD,Normal,80000,11.289781913656018,MetalSd,Finished,Siding
50,RL,81.0,15593,NA,Reg,Corner,ClearCr,Norm,1Fam,1.5Story,7,4,1953,1953,Gable,None,0.0,Gd,Gd,CBlock,TA,TA,No,BLQ,Unf,1304,TA,Y,SBrkr,1304,983,0,2287,0,0,2,0,3,1,TA,7,Typ,1,TA,Attchd,Fin,2,667,Y,0,21,114,0,0,0,NA,0,WD,Normal,225000,12.323855681186558,Other,Finished,Shingle
20,RL,95.0,13651,NA,IR,Inside,NAmes,Norm,1Fam,1.0Story,7,6,1973,1973,Gable,BrkFace,1115.0,TA,Gd,CBlock,Gd,TA,Gd,ALQ,Unf,2223,Ex,Y,SBrkr,2223,0,0,2223,1,0,2,0,3,1,TA,8,Typ,2,Gd,Attchd,Fin,2,516,Y,300,0,0,0,0,0,NA,0,WD,Normal,244000,12.404923504275338,Plywood,Finished,Other
20,RL,69.0,7599,NA,Reg,Corner,Mitchel,Norm,1Fam,1.0Story,4,6,1982,2006,Gable,None,0.0,TA,Gd,CBlock,TA,TA,No,ALQ,Unf,845,TA,Y,SBrkr,845,0,0,845,1,0,1,0,2,1,TA,4,Typ,0,NA,Detchd,Unf,2,360,Y,0,0,0,0,0,0,NA,0,WD,Normal,129500,11.771436160121729,Plywood,Finished,Other
60,RL,74.0,10141,NA,IR,Corner,Gilbert,Norm,1Fam,2.0Story,7,5,1998,1998,Gable,BrkFace,40.0,TA,Gd,PConc,Gd,TA,No,Unf,Unf,832,Gd,Y,SBrkr,885,833,0,1718,0,0,2,1,3,1,TA,7,Typ,1,TA,Attchd,Fin,2,427,Y,0,94,0,0,291,0,NA,0,WD,Normal,185000,12.128111104060462,VinylSd,Finished,Siding
20,RL,85.0,10200,NA,Reg,Inside,NAmes,Norm,1Fam,1.0Story,5,7,1954,2003,Gable,BrkFace,104.0,TA,Gd,CBlock,TA,TA,No,ALQ,BLQ,1086,Gd,Y,SBrkr,1086,0,0,1086,1,0,1,0,3,1,TA,6,Typ,0,NA,Attchd,Unf,2,490,Y,0,0,0,0,0,0,Fence,0,WD,Normal,144900,11.883799128308773,Wood,Finished,Siding
50,RM,60.0,5790,NA,Reg,Corner,OldTown,Norm,1Fam,2.0Story,3,6,1915,1950,Oth,None,0.0,Gd,Gd,CBlock,Fa,TA,No,Unf,Unf,840,Gd,N,SBrkr,840,765,0,1605,0,0,2,0,3,2,TA,8,Typ,0,NA,Detchd,Unf,1,379,Y,0,0,202,0,0,0,NA,0,WD,Normal,107400,11.584315461056901,VinylSd,Finished,Siding
180,RM,21.0,1596,NA,Reg,Inside,MeadowV,Norm,Twnhs,SLvl,4,5,1973,1973,Gable,None,0.0,TA,Gd,CBlock,Gd,TA,Gd,GLQ,Unf,462,TA,Y,SBrkr,526,462,0,988,1,0,1,0,2,1,TA,5,Typ,0,NA,Attchd,Unf,1,297,Y,120,101,0,0,0,0,Fence,0,WD,Normal,91000,11.418614785498987,Other,Finished,Other
20,RL,70.05,8475,NA,IR,Inside,NAmes,Norm,1Fam,1.0Story,4,7,1956,1956,Gable,None,0.0,TA,Gd,CBlock,TA,TA,No,ALQ,Unf,952,Ex,Y,Fuse,952,0,0,952,0,0,1,0,2,1,TA,4,Typ,0,NA,Detchd,Unf,1,283,Y,0,0,0,0,0,0,NA,0,WD,Normal,135750,11.818570237796182,VinylSd,Finished,Siding
50,RM,50.0,8635,NA,Reg,Inside,BrkSide,Norm,1Fam,1.5Story,5,5,1948,2001,Gable,None,0.0,TA,Gd,CBlock,TA,TA,No,BLQ,GLQ,672,TA,Y,SBrkr,1072,213,0,1285,1,0,1,0,2,1,TA,6,Atype,0,NA,Detchd,Unf,1,240,Y,0,0,0,0,0,0,Fence,0,WD,Normal,127000,11.751942365440728,Wood,Finished,Siding
90,RL,72.0,10778,NA,Reg,Inside,Sawyer,Norm,Oth,1.0Story,4,5,1968,1968,Hip,None,0.0,TA,Gd,CBlock,TA,TA,No,Unf,Unf,1768,TA,N,SBrkr,1768,0,0,1768,0,0,2,0,4,2,TA,8,Typ,0,NA,NA,NA,0,0,Y,0,0,0,0,0,0,NA,0,WD,Normal,136500,11.824079893607152,HdBoard,Finished,Other
50,RM,60.0,10440,Grvl,Reg,Corner,OldTown,Norm,1Fam,2.0Story,5,6,1910,1981,Gable,None,0.0,TA,Gd,PConc,TA,TA,No,Unf,Unf,440,Gd,Y,SBrkr,682,548,0,1230,0,0,1,1,2,1,TA,5,Typ,0,NA,Detchd,Unf,2,440,Y,74,0,128,0,0,0,Fence,0,WD,Normal,110000,11.608235644774552,Wood,Finished,Siding
60,RL,100.0,13000,NA,Reg,Corner,NAmes,Norm,1Fam,2.0Story,6,6,1968,1968,Gable,BrkFace,576.0,TA,Gd,CBlock,Gd,TA,No,Rec,Unf,896,TA,Y,SBrkr,1182,960,0,2142,0,0,2,1,4,1,Gd,8,Typ,1,Gd,Attchd,Fin,1,509,Y,0,72,0,0,252,0,NA,0,WD,Normal,193500,12.173032791451973,VinylSd,Finished,Siding
120,RM,32.0,4500,NA,Reg,FR2,Mitchel,Norm,Twnhs,1.0Story,6,5,1998,1998,Hip,BrkFace,443.0,TA,Gd,PConc,Ex,Gd,No,GLQ,Unf,1237,Ex,Y,SBrkr,1337,0,0,1337,1,0,2,0,2,1,TA,5,Typ,0,NA,Attchd,Fin,2,405,Y,0,199,0,0,0,0,NA,0,WD,Normal,153500,11.941455846009388,VinylSd,Finished,Siding
20,RL,78.0,10206,NA,Reg,Inside,Somerst,Norm,1Fam,1.0Story,8,5,2007,2007,Gable,Stone,468.0,TA,Gd,PConc,Gd,TA,No,GLQ,Unf,1563,Ex,Y,SBrkr,1563,0,0,1563,0,0,2,0,3,1,Gd,6,Typ,1,Gd,Attchd,RFn,3,758,Y,144,99,0,0,0,0,NA,0,WD,Normal,245000,12.409013489526863,VinylSd,Finished,Siding
20,RL,80.0,8892,NA,IR,Inside,NAmes,Norm,1Fam,1.0Story,5,5,1960,1960,Gable,BrkCmn,66.0,TA,Gd,CBlock,TA,TA,No,Unf,Unf,1065,Gd,Y,SBrkr,1065,0,0,1065,0,0,1,1,3,1,TA,6,Typ,0,NA,Detchd,Unf,2,461,Y,74,0,0,0,0,0,NA,0,Oth,Normal,126500,11.747997587149712,MetalSd,Finished,Siding
80,RL,70.05,8530,NA,IR,Inside,Gilbert,Norm,1Fam,SLvl,7,5,1995,1996,Gable,BrkFace,22.0,TA,Gd,PConc,Gd,TA,No,Unf,Unf,384,Gd,Y,SBrkr,804,670,0,1474,0,0,2,1,3,1,TA,7,Typ,1,TA,Attchd,Fin,2,400,Y,120,72,0,0,0,0,NA,700,WD,Normal,168500,12.034691028774553,HdBoard,Finished,Other
60,RL,121.0,16059,NA,Reg,Corner,NoRidge,Norm,1Fam,2.0Story,8,5,1991,1992,Hip,BrkFace,284.0,Gd,Gd,CBlock,Gd,TA,No,Unf,Unf,1288,Ex,Y,SBrkr,1301,1116,0,2417,0,0,2,1,4,1,Gd,9,Typ,1,TA,Attchd,Unf,2,462,Y,127,82,0,0,0,0,NA,0,WD,Normal,260000,12.468436909997665,HdBoard,Finished,Other
60,RL,122.0,11911,NA,IR,Inside,Gilbert,Norm,1Fam,2.0Story,6,5,2005,2005,Gable,None,0.0,Gd,Gd,PConc,Gd,TA,Av,Unf,Unf,684,Ex,Y,SBrkr,684,876,0,1560,0,0,2,1,3,1,Gd,6,Typ,1,Gd,Attchd,Fin,2,400,Y,100,38,0,0,0,0,NA,0,WD,Normal,174000,12.066810578196666,VinylSd,Finished,Siding
160,FV,40.0,3951,Pave,Reg,Corner,Somerst,Norm,Twnhs,2.0Story,6,5,2009,2009,Gable,Stone,76.0,Gd,Gd,PConc,Gd,TA,Av,Unf,Unf,612,Ex,Y,SBrkr,612,612,0,1224,0,0,2,1,2,1,Gd,4,Typ,0,NA,Detchd,RFn,2,528,Y,0,234,0,0,0,0,NA,0,Oth,Partial,164500,12.010665849187564,VinylSd,Finished,Siding
50,C (all),105.0,8470,NA,IR,Corner,IDOTRR,Feedr,1Fam,1.5Story,3,2,1915,1982,Hip,None,0.0,Fa,Fa,CBlock,TA,Fa,No,Unf,Unf,1013,TA,N,SBrkr,1013,0,513,1526,0,0,1,0,2,1,Fa,6,Typ,0,NA,NA,NA,0,0,N,0,0,156,0,0,0,Fence,0,Oth,Abnorml,85000,11.350406535472453,Plywood,Finished,Other
20,RL,60.0,8070,NA,Reg,Inside,CollgCr,Norm,1Fam,1.0Story,4,5,1994,1995,Gable,None,0.0,TA,Gd,PConc,Gd,TA,No,GLQ,Unf,990,Ex,Y,SBrkr,990,0,0,990,1,0,1,0,3,1,TA,5,Typ,0,NA,NA,NA,0,0,Y,0,0,0,0,0,0,NA,0,WD,Normal,123600,11.724805824005728,VinylSd,Finished,Siding
20,RL,60.0,7200,NA,Reg,Inside,NAmes,Norm,1Fam,1.0Story,4,5,1950,1950,Gable,None,0.0,TA,Gd,Oth,NA,NA,No,NA,NA,0,TA,Y,Fuse,1040,0,0,1040,0,0,1,0,2,1,TA,4,Typ,0,NA,Detchd,Unf,2,420,Y,0,29,0,0,0,0,NA,0,WD,Normal,109900,11.607326140391713,Wood,Finished,Siding
20,RL,85.0,8500,NA,Reg,Inside,NAmes,Norm,1Fam,1.0Story,5,3,1961,1961,Hip,BrkCmn,203.0,TA,Gd,CBlock,TA,TA,No,Rec,Unf,1235,TA,Y,SBrkr,1235,0,0,1235,0,0,1,0,2,1,TA,6,Typ,0,NA,Attchd,Unf,2,480,Y,0,0,0,0,0,0,Fence,0,WD,Abnorml,98600,11.498826540590727,HdBoard,Finished,Other
30,RL,80.0,13360,Grvl,IR,Inside,Crawfor,Norm,1Fam,1.0Story,5,7,1921,2006,Gable,None,0.0,TA,Gd,BrkTil,Gd,TA,No,ALQ,Unf,876,Ex,Y,SBrkr,964,0,0,964,1,0,1,0,2,1,TA,5,Typ,0,NA,Detchd,Unf,2,432,Y,0,0,44,0,0,0,NA,0,WD,Normal,163500,12.004568269319446,Wood,Finished,Siding
190,C (all),60.0,7200,NA,Reg,Corner,OldTown,Norm,Oth,2.5Story,6,6,1910,1998,Hip,None,0.0,TA,Gd,BrkTil,TA,Fa,Mn,Rec,Unf,1214,Ex,N,SBrkr,1260,1031,0,2291,0,1,2,0,4,2,TA,9,Typ,1,Gd,Detchd,Unf,2,506,Y,0,0,0,0,99,0,NA,0,WD,Normal,133900,11.804848531679264,MetalSd,Unfinished,Siding
60,RL,69.0,9337,NA,IR,Inside,CollgCr,Norm,1Fam,2.0Story,6,5,1997,1997,Gable,None,0.0,TA,Gd,PConc,Gd,TA,No,GLQ,Unf,824,Ex,Y,SBrkr,905,881,0,1786,1,0,2,1,3,1,Gd,7,Typ,0,NA,Attchd,RFn,2,684,Y,0,162,0,0,0,0,NA,0,WD,Normal,204750,12.229545001715316,VinylSd,Finished,Siding
60,RL,70.05,9765,NA,IR,Corner,Gilbert,Norm,1Fam,2.0Story,6,8,1993,1993,Gable,BrkFace,68.0,Ex,Gd,PConc,Gd,Gd,No,ALQ,Unf,680,Gd,Y,SBrkr,680,790,0,1470,0,0,2,1,3,1,TA,6,Typ,1,TA,Attchd,Fin,2,420,Y,232,63,0,0,0,0,NA,480,WD,Normal,185000,12.128111104060462,VinylSd,Finished,Siding
20,RL,78.0,10264,NA,IR,Inside,CollgCr,Norm,1Fam,1.0Story,7,5,1999,1999,Gable,BrkFace,183.0,Gd,Gd,PConc,Gd,TA,Av,ALQ,Unf,1588,Ex,Y,SBrkr,1588,0,0,1588,0,0,2,0,3,1,Gd,6,Typ,0,NA,Attchd,RFn,2,472,Y,158,29,0,0,0,0,NA,0,WD,Normal,214000,12.273731294003989,VinylSd,Finished,Siding
20,RL,73.0,10921,NA,Reg,Inside,Edwards,Norm,1Fam,1.0Story,4,5,1965,1965,Hip,BrkFace,48.0,TA,Gd,CBlock,TA,TA,No,Rec,Unf,960,TA,Y,Fuse,960,0,0,960,1,0,1,0,3,1,TA,6,Typ,0,NA,Attchd,Fin,1,432,N,120,0,0,0,0,0,NA,0,WD,Normal,94750,11.458997122944673,HdBoard,Finished,Other
30,RL,85.0,10625,NA,Reg,Corner,Edwards,Norm,1Fam,1.0Story,5,5,1920,1950,Gable,None,0.0,TA,Gd,BrkTil,TA,TA,No,ALQ,Unf,458,Fa,N,SBrkr,835,0,0,835,0,0,1,0,2,1,TA,5,Typ,0,NA,Attchd,Unf,1,366,Y,0,0,77,0,0,0,NA,400,Oth,Abnorml,83000,11.326595886778735,Wood,Finished,Siding
20,RL,77.0,9320,NA,IR,Inside,NAmes,Norm,1Fam,1.0Story,4,5,1959,1959,Gable,None,0.0,TA,Gd,CBlock,TA,TA,No,ALQ,Unf,950,Fa,Y,SBrkr,1225,0,0,1225,1,0,1,1,3,1,TA,6,Typ,0,NA,NA,NA,0,0,Y,352,0,0,0,0,0,NA,400,WD,Normal,128950,11.76718001130949,Plywood,Finished,Other
20,RL,70.05,10603,NA,IR,Inside,NWAmes,Norm,1Fam,1.0Story,6,7,1977,2001,Gable,BrkFace,28.0,TA,Gd,PConc,TA,TA,Mn,ALQ,Unf,1610,Gd,Y,SBrkr,1610,0,0,1610,1,0,2,0,3,1,Gd,6,Typ,2,TA,Attchd,RFn,2,480,Y,168,68,0,0,0,0,NA,0,WD,Normal,205000,12.230765258120545,Plywood,Finished,Other
60,RL,77.0,9206,NA,Reg,Inside,SawyerW,Norm,1Fam,2.0Story,6,5,1985,1985,Gable,BrkFace,336.0,Gd,Gd,CBlock,Gd,TA,No,Unf,Unf,741,TA,Y,SBrkr,977,755,0,1732,0,0,2,1,3,1,Gd,7,Typ,1,TA,Attchd,Fin,2,476,Y,192,46,0,0,0,0,NA,0,WD,Normal,178000,12.089538829274222,HdBoard,Finished,Other
90,RL,64.0,7018,NA,Reg,Inside,SawyerW,Norm,Oth,1.0Story,5,5,1979,1979,Gable,None,0.0,TA,Fa,Oth,NA,NA,No,NA,NA,0,TA,Y,SBrkr,1535,0,0,1535,0,0,2,0,4,2,TA,8,Typ,0,NA,Attchd,Unf,2,410,Y,0,0,0,0,0,0,NA,0,WD,Abnorml,118964,11.686576205316552,HdBoard,Finished,Other
20,RL,94.0,10402,NA,IR,Corner,CollgCr,Norm,1Fam,1.0Story,7,5,2009,2009,Gable,None,0.0,TA,Gd,PConc,Gd,TA,No,Unf,Unf,1226,Ex,Y,SBrkr,1226,0,0,1226,0,0,2,0,3,1,Gd,6,Typ,0,NA,Attchd,RFn,3,740,Y,0,36,0,0,0,0,NA,0,WD,Normal,198900,12.200557464842063,VinylSd,Finished,Siding
50,RM,70.05,7758,NA,Reg,Corner,IDOTRR,Norm,1Fam,1.5Story,7,4,1931,1950,Gable,BrkFace,600.0,TA,Fa,PConc,TA,TA,No,LwQ,Unf,1040,Ex,Y,Fuse,1226,592,0,1818,0,0,1,1,4,1,TA,7,Typ,2,TA,Detchd,Unf,1,240,Y,0,0,0,0,184,0,NA,0,WD,Normal,169500,12.040608205802641,Stucco,Finished,Other
60,FV,75.0,9375,NA,Reg,Inside,Somerst,Norm,1Fam,2.0Story,8,5,2003,2004,Hip,BrkFace,768.0,Gd,Gd,PConc,Ex,TA,No,Unf,Unf,1053,Ex,Y,SBrkr,1053,939,0,1992,0,0,2,1,3,1,Gd,9,Typ,1,Gd,Attchd,RFn,2,648,Y,140,45,0,0,0,0,NA,0,WD,Normal,250000,12.429216196844383,VinylSd,Finished,Siding
30,RM,60.0,10800,Grvl,Reg,Inside,OldTown,Norm,1Fam,1.0Story,4,7,1885,1995,Oth,None,0.0,TA,Gd,BrkTil,Fa,TA,No,Unf,Unf,641,Gd,Y,SBrkr,1047,0,0,1047,0,0,1,0,2,1,TA,6,Typ,0,NA,Detchd,Unf,1,273,N,0,0,0,0,0,0,NA,450,WD,Normal,100000,11.512925464970229,VinylSd,Finished,Siding
20,RM,50.0,6000,NA,Reg,Inside,OldTown,Norm,1Fam,1.0Story,5,5,1948,1950,Gable,None,0.0,TA,Gd,CBlock,TA,TA,No,ALQ,BLQ,789,Ex,Y,SBrkr,789,0,0,789,0,0,1,0,2,1,TA,5,Typ,0,NA,Detchd,Unf,1,250,Y,0,0,0,0,0,0,NA,0,WD,Partial,115000,11.652687407345388,VinylSd,Finished,Siding
50,RM,85.0,8500,NA,Reg,Corner,IDOTRR,Artery,1Fam,1.5Story,5,7,1919,2005,Gable,None,0.0,TA,Gd,CBlock,TA,TA,No,Unf,Unf,793,TA,N,Fuse,997,520,0,1517,0,0,2,0,3,1,Fa,7,Typ,0,NA,NA,NA,0,0,N,0,0,144,0,0,0,NA,0,WD,Normal,115000,11.652687407345388,Other,Finished,Other
20,RL,105.0,11751,NA,IR,Inside,NWAmes,Norm,1Fam,1.0Story,6,6,1977,1977,Hip,BrkFace,480.0,TA,Gd,CBlock,Gd,TA,No,BLQ,Unf,1844,Ex,Y,SBrkr,1844,0,0,1844,0,0,2,0,3,1,TA,7,Typ,1,TA,Attchd,RFn,2,546,Y,0,122,0,0,0,0,Fence,0,Oth,Normal,190000,12.154779351142624,Plywood,Finished,Other
50,RL,75.0,9525,NA,Reg,Inside,Edwards,Norm,1Fam,1.5Story,6,4,1954,1972,Gable,None,0.0,TA,Gd,CBlock,TA,Fa,No,Rec,Unf,994,Gd,Y,SBrkr,1216,639,0,1855,0,0,2,0,4,1,TA,7,Typ,0,NA,Attchd,Unf,1,325,Y,182,0,0,0,0,0,NA,0,WD,Normal,136900,11.82700601127654,Wood,Finished,Siding
80,RL,70.05,7750,NA,IR,Inside,Gilbert,Norm,1Fam,SLvl,7,5,2000,2000,Gable,None,0.0,TA,Gd,PConc,Gd,TA,No,GLQ,Unf,384,Ex,Y,SBrkr,774,656,0,1430,0,0,2,1,3,1,TA,7,Typ,1,TA,Attchd,Fin,2,400,Y,180,0,0,0,0,0,NA,0,WD,Normal,180000,12.100712129872347,VinylSd,Finished,Siding
60,RL,77.0,9965,NA,Reg,Inside,CollgCr,Norm,1Fam,2.0Story,7,5,2007,2007,Gable,Stone,220.0,Gd,Gd,PConc,Ex,TA,Av,GLQ,Unf,1264,Ex,Y,SBrkr,1282,1414,0,2696,1,0,2,1,4,1,Ex,10,Typ,1,Gd,Attchd,Fin,3,792,Y,120,184,0,0,168,0,NA,0,Oth,Partial,383970,12.858319703517948,VinylSd,Finished,Siding
20,RL,70.05,21000,NA,Reg,Corner,Crawfor,Norm,1Fam,1.0Story,6,5,1953,1953,Hip,BrkFace,184.0,TA,Gd,CBlock,Gd,TA,Mn,ALQ,Rec,1809,TA,Y,SBrkr,2259,0,0,2259,1,0,2,0,3,1,Gd,7,Typ,2,Gd,Attchd,Unf,2,450,Y,166,120,192,0,0,0,Fence,0,Oth,Abnorml,217000,12.287652632522597,Wood,Finished,Siding
70,RL,61.0,7259,NA,IR,Inside,Crawfor,Norm,1Fam,2.0Story,6,8,1945,2002,Oth,None,0.0,TA,Gd,CBlock,TA,TA,No,ALQ,LwQ,1028,Ex,Y,SBrkr,1436,884,0,2320,1,0,2,1,3,1,Gd,9,Typ,1,TA,Detchd,Unf,1,180,Y,224,0,0,0,0,0,Fence,0,WD,Normal,259500,12.46651198158808,Wood,Finished,Siding
160,FV,34.0,3230,Pave,Reg,Corner,Somerst,Norm,Twnhs,2.0Story,6,5,1999,1999,Gable,BrkFace,1129.0,TA,Gd,PConc,Gd,TA,No,GLQ,Unf,729,Gd,Y,SBrkr,729,729,0,1458,0,0,2,1,2,1,TA,5,Typ,1,Po,Detchd,Unf,2,440,Y,0,32,0,0,0,0,NA,0,WD,Normal,176000,12.078239274020289,MetalSd,Finished,Siding
20,RL,70.05,11616,NA,Reg,Inside,Sawyer,Norm,1Fam,1.0Story,5,5,1962,1962,Gable,BrkFace,116.0,TA,Gd,CBlock,TA,TA,No,LwQ,BLQ,1092,TA,Y,SBrkr,1092,0,0,1092,0,1,1,0,3,1,TA,6,Typ,1,Po,Attchd,Unf,1,288,Y,0,20,144,0,0,0,NA,0,WD,Normal,139000,11.842229212112828,Wood,Finished,Siding
20,RL,74.0,8536,NA,Reg,Corner,Edwards,Norm,1Fam,1.0Story,5,5,2006,2007,Gable,None,0.0,TA,Gd,PConc,Gd,TA,No,Unf,Unf,1125,Gd,Y,SBrkr,1125,0,0,1125,0,0,1,1,2,1,TA,5,Typ,0,NA,Attchd,Unf,2,430,Y,80,64,0,0,0,0,NA,0,Oth,Partial,155000,11.951180395901384,VinylSd,Finished,Siding
60,RL,90.0,12376,NA,Reg,Corner,SawyerW,Norm,1Fam,2.0Story,7,5,1990,1990,Hip,None,0.0,TA,Gd,PConc,Gd,TA,Mn,GLQ,Unf,1673,Gd,Y,SBrkr,1699,1523,0,3222,1,0,3,0,5,1,Gd,11,Typ,2,TA,Attchd,Unf,3,594,Y,367,0,0,0,0,0,NA,0,WD,Normal,320000,12.676076274775909,Plywood,Finished,Other
60,RL,65.0,8461,NA,Reg,Inside,CollgCr,Norm,1Fam,2.0Story,6,5,2005,2006,Gable,None,0.0,Gd,Gd,PConc,Gd,TA,No,Unf,Unf,728,Ex,Y,SBrkr,728,728,0,1456,0,0,2,1,3,1,Gd,8,Typ,1,Gd,Attchd,Fin,2,390,Y,0,24,0,0,0,0,NA,0,Oth,Partial,163990,12.007560729337492,VinylSd,Finished,Siding
80,RL,70.05,21453,NA,IR,CulDSac,ClearCr,Norm,1Fam,SLvl,6,5,1969,1969,Oth,None,0.0,TA,Gd,CBlock,TA,TA,Gd,ALQ,Unf,938,Ex,Y,SBrkr,988,0,0,988,1,0,1,0,1,1,TA,4,Typ,2,TA,Attchd,Unf,2,540,Y,0,130,0,130,0,0,NA,0,WD,Normal,180000,12.100712129872347,Plywood,Finished,Other
50,RM,50.0,6060,NA,Reg,Inside,IDOTRR,Norm,1Fam,1.5Story,4,5,1939,1950,Gable,None,0.0,TA,Gd,PConc,TA,TA,No,Unf,Unf,732,Gd,Y,SBrkr,772,351,0,1123,0,0,1,0,3,1,TA,4,Typ,0,NA,Detchd,Unf,1,264,N,0,0,140,0,0,0,Fence,0,WD,Normal,100000,11.512925464970229,Other,Finished,Shingle
20,RL,75.0,9464,NA,Reg,Corner,NAmes,Norm,1Fam,1.0Story,6,7,1958,1958,Hip,BrkFace,135.0,TA,Gd,CBlock,TA,TA,No,BLQ,Unf,1080,Gd,Y,SBrkr,1080,0,0,1080,0,0,1,0,3,1,TA,5,Typ,0,NA,Attchd,Unf,1,288,Y,0,0,0,0,130,0,NA,0,WD,Normal,136000,11.820410164718188,MetalSd,Finished,Siding
120,RL,55.0,7892,NA,Reg,Inside,SawyerW,Norm,Twnhs,1.0Story,6,5,1993,1993,Gable,None,0.0,Gd,Gd,PConc,Gd,TA,No,GLQ,Unf,1199,Ex,Y,SBrkr,1199,0,0,1199,0,0,2,0,2,1,Gd,5,Typ,0,NA,Attchd,RFn,2,530,Y,0,63,0,0,0,0,NA,0,WD,Normal,153900,11.94405831982697,Plywood,Finished,Other
20,RL,48.0,17043,NA,IR,CulDSac,NWAmes,Norm,1Fam,1.0Story,6,5,1979,1998,Gable,None,0.0,TA,Gd,CBlock,Gd,Fa,No,Unf,Unf,1362,TA,Y,SBrkr,1586,0,0,1586,0,0,2,0,3,1,TA,7,Typ,1,TA,Attchd,Unf,2,435,Y,192,0,0,0,0,0,NA,0,WD,Normal,181000,12.106252310247962,HdBoard,Finished,Other
190,RM,60.0,6780,NA,Reg,Inside,IDOTRR,Norm,Oth,1.5Story,6,8,1935,1982,Gable,None,0.0,TA,Fa,CBlock,TA,TA,Av,GLQ,Unf,520,Gd,N,SBrkr,520,0,234,754,1,0,1,0,2,1,TA,5,Typ,0,NA,NA,NA,0,0,N,53,0,0,0,0,0,NA,0,WD,Normal,84500,11.344506813345266,Wood,Finished,Siding
120,RL,70.05,4928,NA,IR,Inside,NPkVill,Norm,Twnhs,1.0Story,6,5,1976,1976,Gable,None,0.0,TA,Gd,CBlock,Gd,TA,No,ALQ,Unf,1078,TA,Y,SBrkr,958,0,0,958,0,0,2,0,2,1,TA,5,Typ,1,TA,Attchd,RFn,2,440,Y,0,205,0,0,0,0,NA,0,WD,Normal,128000,11.759785542901755,Plywood,Finished,Other
45,RM,55.0,4388,NA,IR,Inside,OldTown,Feedr,1Fam,1.5Story,5,7,1930,1950,Gable,None,0.0,TA,Gd,BrkTil,TA,TA,No,LwQ,Unf,672,Ex,Y,SBrkr,840,0,0,840,0,0,1,0,3,1,TA,5,Typ,1,TA,NA,NA,0,0,N,0,0,0,0,0,0,NA,0,WD,Normal,87000,11.37366339763672,Wood,Unfinished,Siding
60,RL,69.0,7590,NA,Reg,Inside,NAmes,Pos,1Fam,2.0Story,6,5,1966,1966,Gable,BrkFace,266.0,TA,Gd,CBlock,TA,TA,No,BLQ,Unf,660,TA,Y,SBrkr,660,688,0,1348,0,0,1,1,3,1,TA,6,Typ,1,Po,Attchd,RFn,2,453,Y,188,108,0,0,0,0,NA,0,WD,Normal,155000,11.951180395901384,VinylSd,Finished,Siding
20,RL,69.0,8973,NA,Reg,Inside,NAmes,Norm,1Fam,1.0Story,5,7,1958,1991,Gable,BrkFace,85.0,TA,Gd,CBlock,TA,TA,No,Rec,BLQ,1008,TA,Y,Fuse,1053,0,0,1053,0,1,1,1,3,1,Ex,6,Typ,0,NA,Attchd,RFn,2,750,Y,0,80,0,180,0,0,Fence,0,WD,Abnorml,150000,11.918390573078392,Plywood,Finished,Other
60,RL,88.0,14200,NA,Reg,Corner,NAmes,Norm,1Fam,2.0Story,7,6,1966,1966,Gable,BrkFace,309.0,TA,Gd,CBlock,TA,TA,No,Rec,Unf,924,Ex,Y,SBrkr,1216,941,0,2157,0,0,2,1,4,1,Gd,8,Typ,2,Gd,Attchd,Fin,2,487,Y,105,66,0,0,0,0,Fence,0,WD,Normal,226000,12.328290278254423,MetalSd,Finished,Siding
60,RL,70.05,12224,NA,IR,Corner,Gilbert,Norm,1Fam,2.0Story,6,5,2000,2000,Gable,BrkFace,40.0,Gd,Gd,PConc,Gd,TA,No,GLQ,Unf,992,Ex,Y,SBrkr,1022,1032,0,2054,1,0,2,1,3,1,Gd,7,Typ,1,TA,Attchd,RFn,2,390,Y,24,48,0,0,0,0,NA,0,WD,Normal,244000,12.404923504275338,VinylSd,Finished,Siding
20,RL,75.0,7388,NA,Reg,Corner,NAmes,Norm,1Fam,1.0Story,5,6,1959,2002,Gable,None,0.0,TA,Gd,CBlock,TA,TA,No,Rec,Unf,1063,Gd,Y,SBrkr,1327,0,0,1327,1,0,1,0,3,1,Gd,7,Typ,0,NA,Detchd,Unf,2,624,Y,0,0,0,0,0,0,NA,0,WD,Normal,150750,11.923378114589433,MetalSd,Finished,Siding
20,RL,70.05,6853,NA,IR,Inside,Timber,Norm,1Fam,1.0Story,8,5,2001,2002,Gable,BrkFace,136.0,Gd,Gd,PConc,Ex,TA,No,GLQ,Unf,1267,Ex,Y,SBrkr,1296,0,0,1296,1,0,2,0,2,1,Gd,6,Typ,0,NA,Attchd,Fin,2,471,Y,192,25,0,0,0,0,NA,0,WD,Normal,220000,12.301382825334498,VinylSd,Finished,Siding
20,RL,78.0,10335,NA,IR,Inside,Sawyer,Norm,1Fam,1.0Story,5,6,1968,1993,Gable,None,0.0,TA,Gd,CBlock,TA,TA,No,Rec,Unf,1461,Gd,Y,SBrkr,1721,0,0,1721,0,0,2,1,3,1,TA,7,Atype,1,TA,Attchd,RFn,2,440,Y,0,96,180,0,0,0,Fence,0,WD,Normal,180000,12.100712129872347,Plywood,Finished,Other
20,RL,80.0,10400,NA,Reg,Inside,NWAmes,Norm,1Fam,1.0Story,7,6,1970,1970,Hip,BrkFace,288.0,TA,Gd,PConc,TA,TA,No,Unf,Unf,1304,Gd,Y,SBrkr,1682,0,0,1682,0,0,2,0,3,1,TA,7,Typ,1,Gd,Attchd,Unf,2,530,Y,98,0,0,0,0,0,Fence,0,WD,Normal,174000,12.066810578196666,Plywood,Finished,Other
20,RL,70.05,10355,NA,IR,Corner,NAmes,Norm,1Fam,1.0Story,5,5,1967,1967,Gable,BrkFace,196.0,TA,Gd,CBlock,TA,TA,No,BLQ,Unf,1214,TA,Y,SBrkr,1214,0,0,1214,0,0,2,0,3,1,TA,5,Typ,1,Po,Attchd,RFn,1,318,Y,0,111,0,0,0,0,NA,0,WD,Normal,143000,11.870599909242044,MetalSd,Finished,Siding
90,RL,82.0,11070,NA,Reg,Inside,Mitchel,Norm,Oth,1.0Story,7,5,1988,1989,Gable,BrkFace,70.0,TA,Gd,CBlock,TA,TA,No,Unf,Unf,1907,Gd,Y,SBrkr,1959,0,0,1959,0,0,3,0,5,2,TA,9,Typ,0,NA,Attchd,Unf,3,766,Y,0,0,0,0,0,0,NA,0,WD,Abnorml,171000,12.049418835484797,VinylSd,Finished,Siding
60,RL,73.0,9066,NA,IR,Inside,CollgCr,Norm,1Fam,2.0Story,8,5,1999,2000,Gable,BrkFace,320.0,Gd,Gd,PConc,Gd,TA,Mn,GLQ,Unf,1004,Ex,Y,SBrkr,1004,848,0,1852,0,0,2,1,3,1,Gd,7,Typ,2,TA,Attchd,Fin,3,660,Y,224,106,0,0,0,0,Fence,0,WD,Normal,230000,12.345834587905333,VinylSd,Finished,Siding
60,RL,65.0,15426,NA,IR,Inside,CollgCr,Norm,1Fam,2.0Story,6,5,1997,1997,Gable,None,0.0,TA,Gd,PConc,Gd,TA,No,GLQ,Unf,928,Ex,Y,SBrkr,928,836,0,1764,1,0,2,1,3,1,Gd,7,Typ,0,NA,Attchd,RFn,2,470,Y,276,99,0,0,0,0,Fence,0,WD,Normal,231500,12.352335152508426,VinylSd,Finished,Siding
20,RL,70.0,10500,NA,Reg,FR2,NAmes,Norm,1Fam,1.0Story,4,5,1971,1971,Gable,None,0.0,TA,Gd,CBlock,TA,TA,No,ALQ,Unf,864,TA,Y,SBrkr,864,0,0,864,0,0,1,0,3,1,TA,5,Typ,1,Po,NA,NA,0,0,Y,0,0,0,0,0,0,NA,0,Oth,Normal,115000,11.652687407345388,HdBoard,Finished,Other
20,RL,78.0,11645,NA,Reg,Inside,CollgCr,Norm,1Fam,1.0Story,7,5,2005,2005,Gable,None,0.0,Gd,Gd,PConc,Gd,TA,Av,GLQ,Unf,1734,Ex,Y,SBrkr,1734,0,0,1734,1,0,2,0,3,1,Gd,7,Typ,0,NA,Attchd,Fin,2,660,Y,160,24,0,0,0,0,NA,0,WD,Normal,260000,12.468436909997665,VinylSd,Finished,Siding
50,RL,71.0,8520,NA,Reg,Corner,NAmes,Artery,1Fam,1.5Story,5,4,1952,1952,Gable,None,0.0,TA,Fa,CBlock,TA,TA,No,Rec,Unf,910,Fa,Y,SBrkr,910,475,0,1385,0,0,2,0,4,1,TA,6,Typ,0,NA,Detchd,Unf,2,720,Y,0,0,0,0,0,0,Fence,0,WD,Normal,166000,12.01974306733868,Wood,Finished,Siding
20,RL,78.0,10335,NA,IR,Inside,CollgCr,Norm,1Fam,1.0Story,7,5,1999,1999,Gable,BrkFace,183.0,Gd,Gd,PConc,Gd,TA,Gd,GLQ,Unf,1490,Ex,Y,SBrkr,1501,0,0,1501,1,0,2,0,3,1,Gd,6,Typ,0,NA,Attchd,RFn,2,577,Y,144,29,0,0,0,0,NA,0,WD,Normal,204000,12.225875272826354,VinylSd,Finished,Siding
90,RM,70.0,9100,NA,Reg,Inside,Sawyer,NRR,Oth,1.0Story,5,5,1963,1963,Gable,BrkFace,336.0,TA,Gd,CBlock,TA,TA,No,Rec,Unf,1728,TA,Y,SBrkr,1728,0,0,1728,1,0,2,0,6,2,TA,10,Typ,0,NA,Detchd,Unf,2,504,Y,0,0,0,0,0,0,NA,0,Oth,Abnorml,125000,11.736069016284437,HdBoard,Finished,Other
160,RM,24.0,2522,NA,Reg,Inside,Edwards,Norm,Twnhs,2.0Story,6,5,2004,2006,Gable,Stone,50.0,Gd,Gd,PConc,Gd,TA,No,Unf,Unf,970,Ex,Y,SBrkr,970,739,0,1709,0,0,2,0,3,1,Gd,7,Atype,0,NA,Detchd,Unf,2,380,Y,0,40,0,0,0,0,NA,0,WD,Normal,130000,11.77528972943772,VinylSd,Finished,Siding
30,RM,51.0,6120,NA,Reg,Corner,BrkSide,Norm,1Fam,1.0Story,5,7,1931,1993,Gable,None,0.0,TA,Gd,BrkTil,TA,TA,No,BLQ,Unf,715,TA,Y,Fuse,875,0,0,875,1,0,1,0,2,1,TA,5,Typ,0,NA,Detchd,Unf,1,180,Y,48,0,0,0,0,0,NA,0,WD,Normal,105000,11.56171562913966,Wood,Finished,Siding
60,RL,70.05,9505,NA,IR,CulDSac,Gilbert,Norm,1Fam,2.0Story,7,5,2001,2001,Gable,BrkFace,180.0,Gd,Gd,PConc,Gd,TA,No,Unf,Unf,884,Ex,Y,SBrkr,884,1151,0,2035,0,0,2,1,3,1,Gd,8,Typ,1,Gd,Attchd,Fin,2,434,Y,144,48,0,0,0,0,NA,0,WD,Normal,222500,12.312682380588432,VinylSd,Finished,Siding
20,RL,63.0,7500,NA,Reg,Inside,SawyerW,Norm,1Fam,1.0Story,7,5,2004,2005,Gable,BrkFace,120.0,TA,Gd,PConc,Gd,TA,No,GLQ,Unf,1080,Ex,Y,SBrkr,1080,0,0,1080,1,0,1,0,3,1,Gd,6,Typ,0,NA,NA,NA,0,0,Y,0,0,0,0,0,0,NA,0,WD,Normal,141000,11.856515169360305,VinylSd,Finished,Siding
50,RM,70.05,6240,NA,Reg,Inside,BrkSide,Norm,1Fam,1.5Story,5,4,1936,1950,Gable,None,0.0,TA,Gd,BrkTil,Gd,TA,No,Unf,Unf,896,Gd,Y,Fuse,896,448,0,1344,0,0,1,0,3,1,TA,7,Typ,0,NA,Detchd,Unf,1,240,Y,200,114,0,0,0,0,NA,0,WD,Normal,115000,11.652687407345388,MetalSd,Finished,Siding
20,RL,120.0,10356,NA,Reg,Corner,CollgCr,Norm,1Fam,1.0Story,5,6,1975,1975,Gable,None,0.0,TA,Gd,CBlock,TA,TA,Av,BLQ,Unf,969,TA,Y,SBrkr,969,0,0,969,0,0,1,1,3,1,TA,5,Typ,0,NA,Attchd,Unf,2,440,Y,0,0,0,0,0,0,Fence,0,WD,Normal,122000,11.711776323715394,HdBoard,Finished,Other
20,RL,107.0,13891,NA,Reg,Inside,NridgHt,Norm,1Fam,1.0Story,8,5,2007,2008,Hip,Stone,436.0,Gd,Gd,PConc,Ex,TA,Gd,GLQ,Unf,1710,Ex,Y,SBrkr,1710,0,0,1710,1,0,2,0,2,1,Gd,6,Typ,1,Gd,Attchd,RFn,3,866,Y,0,102,0,0,0,0,NA,0,Oth,Partial,372402,12.827729194939907,VinylSd,Finished,Siding
60,RL,70.05,14803,NA,IR,CulDSac,NWAmes,Norm,1Fam,2.0Story,6,5,1971,1971,Gable,BrkFace,252.0,TA,Gd,CBlock,TA,TA,No,Rec,Unf,825,Gd,Y,SBrkr,1097,896,0,1993,0,0,2,1,4,1,TA,8,Typ,1,Gd,Attchd,RFn,2,495,Y,0,66,0,0,0,0,Fence,0,WD,Normal,190000,12.154779351142624,HdBoard,Finished,Other
20,RL,70.05,13500,NA,Reg,Inside,ClearCr,Norm,1Fam,1.0Story,6,7,1960,1975,Oth,None,0.0,TA,Gd,CBlock,Gd,TA,Gd,BLQ,ALQ,1602,Gd,Y,SBrkr,1252,0,0,1252,1,0,1,0,1,1,TA,4,Typ,1,Gd,Attchd,RFn,2,564,Y,409,0,0,0,0,0,NA,0,WD,Normal,235000,12.367340793126296,Plywood,Finished,Other
30,RM,84.0,11340,NA,Reg,Corner,OldTown,Norm,1Fam,1.0Story,6,5,1923,1950,Gable,None,0.0,TA,Gd,BrkTil,TA,TA,No,Unf,Unf,1200,TA,Y,Fuse,1200,0,0,1200,0,0,1,0,4,1,TA,7,Typ,0,NA,Detchd,Unf,1,312,Y,0,0,228,0,0,0,NA,0,WD,Abnorml,125000,11.736069016284437,Wood,Finished,Siding
50,RL,60.0,9600,NA,Reg,Corner,Edwards,Artery,1Fam,1.5Story,6,5,1924,1950,Gable,None,0.0,TA,Gd,BrkTil,TA,TA,No,Unf,Unf,572,Fa,N,Fuse,572,524,0,1096,0,0,1,0,2,1,TA,5,Typ,0,NA,NA,NA,0,0,N,0,8,128,0,0,0,NA,0,WD,Normal,79000,11.27720313144916,Wood,Finished,Siding
20,RL,60.0,7200,NA,Reg,Inside,NAmes,Norm,1Fam,1.0Story,5,7,1950,1950,Hip,None,0.0,TA,Gd,CBlock,NA,NA,No,NA,NA,0,TA,Y,Fuse,1040,0,0,1040,0,0,1,0,2,1,TA,5,Typ,0,NA,Detchd,Unf,2,625,Y,0,0,0,0,0,0,NA,0,WD,Normal,109500,11.603679828238693,Wood,Finished,Siding
60,RL,92.0,12003,NA,Reg,Corner,Timber,Norm,1Fam,2.0Story,8,5,2009,2010,Gable,BrkFace,84.0,Gd,Gd,PConc,Ex,TA,No,Unf,Unf,774,Ex,Y,SBrkr,774,1194,0,1968,0,0,2,1,4,1,Ex,8,Typ,1,Gd,Attchd,Fin,3,680,Y,0,75,0,0,0,0,NA,0,Oth,Partial,269500,12.504323669331189,VinylSd,Finished,Siding
60,FV,100.0,12552,NA,Reg,Corner,Somerst,Norm,1Fam,2.0Story,7,5,2004,2005,Gable,None,0.0,Gd,Gd,PConc,Gd,TA,No,GLQ,Unf,991,Ex,Y,SBrkr,991,956,0,1947,0,0,2,1,3,1,Gd,8,Typ,1,Gd,Attchd,RFn,2,678,Y,0,136,0,0,0,0,Fence,0,WD,Normal,254900,12.448626590364206,VinylSd,Finished,Siding
60,RL,134.0,19378,NA,IR,Corner,Gilbert,Norm,1Fam,2.0Story,7,5,2005,2006,Gable,BrkFace,456.0,Gd,Gd,PConc,Gd,TA,Mn,GLQ,Unf,1392,Ex,Y,SBrkr,1392,1070,0,2462,1,0,2,1,4,1,Gd,9,Typ,1,Gd,Attchd,RFn,2,576,Y,239,132,0,168,0,0,NA,0,Oth,Partial,320000,12.676076274775909,VinylSd,Finished,Siding
20,RL,70.05,11120,NA,IR,CulDSac,Veenker,Norm,1Fam,1.0Story,6,6,1984,1984,Gable,None,0.0,TA,Gd,PConc,Gd,TA,No,BLQ,Unf,1232,TA,Y,SBrkr,1232,0,0,1232,0,0,2,0,3,1,TA,6,Typ,0,NA,Attchd,Unf,2,516,Y,0,0,0,0,0,0,NA,0,WD,Normal,162500,11.998433280751929,Plywood,Finished,Other
60,RL,110.0,13688,NA,IR,Inside,NridgHt,Norm,1Fam,2.0Story,9,5,2003,2004,Gable,BrkFace,664.0,Gd,Gd,PConc,Ex,TA,Av,GLQ,Unf,1572,Ex,Y,SBrkr,1572,1096,0,2668,1,0,2,1,3,1,Ex,10,Typ,2,Gd,Attchd,Fin,3,726,Y,400,0,0,0,0,0,NA,0,WD,Normal,412500,12.929991484756872,VinylSd,Finished,Siding
20,RL,95.0,12182,NA,Reg,Corner,NridgHt,Norm,1Fam,1.0Story,7,5,2005,2005,Gable,BrkFace,226.0,Gd,Gd,PConc,Gd,TA,Mn,BLQ,Unf,1541,Ex,Y,SBrkr,1541,0,0,1541,0,0,2,0,3,1,Gd,7,Typ,1,Gd,Attchd,RFn,2,532,Y,0,70,0,0,0,0,NA,0,Oth,Partial,220000,12.301382825334498,VinylSd,Finished,Siding
45,RL,55.0,5500,NA,Reg,Inside,OldTown,Norm,1Fam,1.5Story,4,6,1956,1956,Gable,None,0.0,TA,Gd,CBlock,TA,TA,No,Unf,Unf,882,Ex,Y,SBrkr,882,0,0,882,0,0,1,0,1,1,TA,4,Typ,0,NA,NA,NA,0,0,Y,0,0,0,0,0,0,Fence,0,WD,Normal,103200,11.544424132029599,MetalSd,Unfinished,Siding
40,RM,40.0,5400,Pave,Reg,Corner,OldTown,Norm,1Fam,1.0Story,6,7,1926,2004,Gable,None,0.0,TA,Gd,BrkTil,TA,TA,Mn,LwQ,Unf,1149,Gd,Y,Fuse,1149,467,0,1616,0,0,2,0,3,1,Gd,5,Typ,0,NA,Detchd,Unf,1,216,Y,0,0,183,0,0,0,NA,0,WD,Normal,152000,11.931635799828413,MetalSd,Finished,Siding
190,RL,62.0,10106,NA,Reg,Inside,Edwards,Norm,Oth,1.5Story,5,7,1940,1999,Gable,None,0.0,TA,Gd,BrkTil,TA,TA,No,ALQ,Rec,644,Gd,Y,SBrkr,808,547,0,1355,1,0,2,0,4,2,TA,6,Typ,0,NA,NA,NA,0,0,Y,140,0,0,0,0,0,NA,0,WD,Normal,127500,11.755871643580617,Wood,Finished,Siding
20,RL,70.05,10708,NA,IR,Inside,ClearCr,Norm,1Fam,1.0Story,5,5,1955,1993,Hip,None,0.0,Gd,Gd,CBlock,TA,TA,No,LwQ,BLQ,1617,Ex,Y,Fuse,1867,0,0,1867,1,0,1,0,2,1,TA,7,Typ,3,Gd,Attchd,Fin,1,303,Y,476,0,0,0,142,0,Fence,0,Oth,Normal,190000,12.154779351142624,Wood,Finished,Siding
60,RL,86.0,10562,NA,Reg,Inside,NridgHt,Norm,1Fam,2.0Story,8,5,2007,2007,Gable,Stone,300.0,Gd,Gd,PConc,Ex,TA,No,GLQ,Unf,1582,Ex,Y,SBrkr,1610,551,0,2161,1,0,1,1,3,1,Ex,8,Typ,1,Gd,Attchd,Fin,3,789,Y,178,120,0,0,0,0,NA,0,Oth,Partial,325624,12.693498620467778,VinylSd,Finished,Siding
60,RL,62.0,8244,NA,IR,Inside,Gilbert,Norm,1Fam,2.0Story,7,5,2004,2004,Gable,None,0.0,Gd,Gd,PConc,Gd,TA,No,Unf,Unf,840,Ex,Y,SBrkr,840,880,0,1720,0,0,2,1,3,1,Gd,7,Typ,1,Gd,Attchd,Fin,2,440,Y,100,48,0,0,0,0,NA,0,WD,Normal,183500,12.119969946476761,VinylSd,Finished,Siding
20,RL,70.05,16669,NA,IR,Corner,Timber,Norm,1Fam,1.0Story,8,6,1981,1981,Hip,BrkFace,653.0,Gd,Gd,CBlock,Gd,TA,No,Unf,Unf,1686,TA,Y,SBrkr,1707,0,0,1707,0,0,2,1,2,1,TA,6,Typ,1,TA,Attchd,RFn,2,511,Y,574,64,0,0,0,0,NA,0,WD,Normal,228000,12.337100907936577,Plywood,Finished,Other
50,RM,70.05,12358,NA,IR,Inside,OldTown,Feedr,1Fam,1.5Story,5,6,1941,1950,Gable,None,0.0,TA,Gd,CBlock,TA,TA,No,Rec,Unf,720,TA,Y,SBrkr,854,0,528,1382,0,0,1,1,2,1,TA,7,Typ,0,NA,Detchd,Unf,2,660,Y,237,0,0,0,0,0,NA,0,WD,Normal,128500,11.763684183317412,MetalSd,Finished,Siding
20,RL,141.0,31770,NA,IR,Corner,NAmes,Norm,1Fam,1.0Story,6,5,1960,1960,Hip,Stone,112.0,TA,Gd,CBlock,TA,Gd,Gd,BLQ,Unf,1080,Fa,Y,SBrkr,1656,0,0,1656,1,0,1,0,3,1,TA,7,Typ,2,Gd,Attchd,Fin,2,528,N,210,62,0,0,0,0,NA,0,WD,Normal,215000,12.2783933071098,Plywood,Finished,Other
160,RL,44.0,5306,NA,IR,Inside,StoneBr,Norm,Twnhs,2.0Story,7,7,1987,1987,Gable,None,0.0,Gd,Gd,PConc,Gd,Gd,No,GLQ,Rec,1064,Gd,Y,SBrkr,1064,703,0,1767,1,0,2,0,2,1,Gd,5,Typ,1,TA,Attchd,RFn,2,504,Y,441,35,0,0,0,0,NA,0,WD,Normal,239000,12.384218830913648,HdBoard,Finished,Other
20,RL,80.0,10197,NA,IR,Inside,NAmes,Norm,1Fam,1.0Story,6,5,1961,1961,Gable,BrkCmn,491.0,TA,Gd,CBlock,TA,TA,No,ALQ,Rec,1362,TA,Y,SBrkr,1362,0,0,1362,1,0,1,1,3,1,TA,6,Typ,1,TA,Attchd,Unf,2,504,Y,0,20,0,0,0,0,NA,0,Oth,Normal,163000,12.0015054797889,Wood,Finished,Shingle
20,RL,47.0,12416,NA,IR,Inside,Timber,Norm,1Fam,1.0Story,6,5,1986,1986,Gable,Stone,132.0,TA,Gd,CBlock,Gd,Fa,No,ALQ,LwQ,1606,TA,Y,SBrkr,1651,0,0,1651,1,0,2,0,3,1,TA,7,Atype,1,TA,Attchd,Fin,2,616,Y,192,0,0,0,0,0,NA,0,WD,Normal,184000,12.122691036591123,Plywood,Finished,Other
20,RL,84.0,12615,NA,Reg,Corner,Edwards,Norm,1Fam,1.0Story,6,7,1950,2001,Gable,None,0.0,TA,Gd,CBlock,TA,Gd,Av,ALQ,Unf,1202,TA,Y,SBrkr,2158,0,0,2158,1,0,2,0,4,1,Gd,7,Typ,1,Gd,Attchd,Unf,2,576,Y,0,29,39,0,0,0,Fence,0,WD,Normal,243000,12.400816722322686,Wood,Finished,Shingle
60,RL,97.0,10029,NA,IR,Corner,ClearCr,Norm,1Fam,2.0Story,6,5,1988,1989,Gable,BrkFace,268.0,Gd,Gd,PConc,Gd,TA,No,GLQ,Unf,1151,TA,Y,SBrkr,1164,896,0,2060,0,1,2,1,4,1,TA,8,Typ,1,TA,Attchd,Unf,2,521,Y,0,228,0,0,192,0,NA,0,WD,Normal,211000,12.259613412458204,Plywood,Finished,Other
50,RL,70.05,13650,NA,Reg,Inside,Sawyer,Norm,1Fam,1.5Story,5,5,1958,1958,Gable,None,0.0,Gd,Gd,CBlock,TA,TA,No,ALQ,BLQ,1052,Ex,Y,SBrkr,1252,668,0,1920,1,0,2,0,4,1,Gd,8,Typ,1,Gd,Attchd,Unf,2,451,Y,0,0,0,0,0,0,NA,0,WD,Normal,172500,12.058152515453552,MetalSd,Finished,Siding
20,RL,63.0,17423,NA,IR,CulDSac,StoneBr,Norm,1Fam,1.0Story,9,5,2008,2009,Hip,Stone,748.0,Ex,Gd,PConc,Ex,TA,No,GLQ,Unf,2216,Ex,Y,SBrkr,2234,0,0,2234,1,0,2,0,1,1,Ex,9,Typ,1,Gd,Attchd,Fin,3,1166,Y,0,60,0,0,0,0,NA,0,Oth,Partial,501837,13.1260306447518,VinylSd,Finished,Siding
30,RM,60.0,8520,NA,Reg,Inside,OldTown,Norm,1Fam,1.0Story,5,6,1923,2006,Gable,None,0.0,Gd,Gd,CBlock,TA,TA,No,Unf,Unf,968,TA,Y,SBrkr,968,0,0,968,0,0,1,0,2,1,TA,5,Typ,0,NA,Detchd,Unf,2,480,N,0,0,184,0,0,0,NA,0,WD,Normal,100000,11.512925464970229,Wood,Finished,Siding
160,FV,70.05,2117,NA,Reg,Inside,Somerst,Norm,Twnhs,2.0Story,6,5,2000,2000,Gable,BrkFace,456.0,Gd,Gd,PConc,Gd,TA,No,GLQ,Unf,756,Ex,Y,SBrkr,769,756,0,1525,0,0,2,1,3,1,Gd,5,Typ,1,TA,Detchd,Unf,2,440,Y,0,0,0,0,0,0,NA,0,WD,Normal,177000,12.083905011555967,MetalSd,Finished,Siding
70,RL,54.0,7588,NA,Reg,Inside,Crawfor,Norm,1Fam,2.0Story,7,6,1920,1950,Gable,None,0.0,TA,Gd,BrkTil,Fa,TA,No,LwQ,Unf,793,Gd,Y,SBrkr,901,901,0,1802,0,0,1,1,4,1,TA,9,Typ,1,Gd,Detchd,Unf,1,216,Y,0,0,40,0,0,0,NA,0,WD,Normal,200100,12.206572520571825,Stucco,Finished,Other
20,RL,60.0,9060,NA,Reg,Inside,Edwards,Artery,1Fam,1.0Story,5,6,1957,2006,Hip,BrkFace,98.0,TA,Gd,PConc,NA,NA,No,NA,NA,0,Ex,Y,SBrkr,1340,0,0,1340,0,0,1,0,3,1,TA,7,Typ,1,Gd,Attchd,RFn,1,252,Y,116,0,0,180,0,0,Fence,0,WD,Normal,120000,11.695247021764184,Wood,Finished,Siding
50,RM,63.0,11426,NA,Reg,Inside,OldTown,Norm,1Fam,1.5Story,7,5,2003,2003,Gable,None,0.0,TA,Gd,PConc,Gd,TA,No,Unf,Unf,1362,Ex,Y,SBrkr,1362,720,0,2082,0,0,2,1,3,1,Gd,6,Atype,0,NA,Detchd,Unf,2,484,N,280,238,0,0,0,0,NA,0,WD,Normal,200000,12.206072645530174,VinylSd,Finished,Siding
50,RL,92.0,7438,NA,IR,Inside,BrkSide,NRR,1Fam,1.5Story,5,8,1908,1991,Gable,None,0.0,TA,Gd,PConc,Fa,TA,No,Unf,Unf,504,Gd,Y,SBrkr,936,316,0,1252,0,0,1,0,3,1,TA,5,Typ,0,NA,Attchd,Unf,2,576,Y,104,0,0,0,0,0,Fence,0,WD,Normal,127000,11.751942365440728,Plywood,Finished,Other
75,RM,90.0,22950,NA,IR,Inside,OldTown,Artery,1Fam,2.5Story,10,9,1892,1993,Gable,None,0.0,Gd,Gd,BrkTil,TA,TA,Mn,Unf,Unf,1107,Ex,Y,SBrkr,1518,1518,572,3608,0,0,2,1,4,1,Ex,12,Typ,2,TA,Detchd,Unf,3,840,Y,0,260,0,0,410,0,Fence,0,WD,Normal,475000,13.071070083016778,Wood,Finished,Siding
80,RL,70.05,9947,NA,IR,CulDSac,Mitchel,Norm,1Fam,SLvl,7,5,1990,1991,Gable,None,0.0,TA,Gd,PConc,Gd,TA,Av,GLQ,Unf,1188,Ex,Y,SBrkr,1217,0,0,1217,1,0,2,0,3,1,Gd,6,Typ,0,NA,Attchd,Unf,2,497,Y,168,27,0,0,0,0,Fence,0,WD,Normal,173000,12.061046873479915,HdBoard,Finished,Other
50,RL,60.0,10410,NA,Reg,Inside,OldTown,Norm,1Fam,1.5Story,5,7,1916,1987,Gable,None,0.0,TA,Gd,CBlock,Fa,TA,No,Unf,Unf,660,Ex,Y,SBrkr,808,704,144,1656,0,0,2,1,3,1,TA,8,Atype,0,NA,Detchd,Unf,1,180,N,0,0,0,140,0,0,Fence,0,WD,Normal,135000,11.813030057420567,HdBoard,Finished,Other
90,RL,64.0,7018,NA,Reg,Inside,SawyerW,Feedr,Oth,SFoyer,5,5,1979,1979,Gable,Stone,275.0,TA,Gd,CBlock,Gd,TA,Av,GLQ,Unf,1086,TA,Y,SBrkr,1224,0,0,1224,2,0,0,2,2,2,TA,6,Typ,2,TA,Detchd,Unf,2,528,Y,120,0,0,0,0,0,NA,0,WD,Abnorml,153337,11.940393392554734,Plywood,Finished,Other
120,RL,41.0,4923,NA,Reg,Inside,StoneBr,Norm,Twnhs,1.0Story,8,5,2001,2002,Gable,None,0.0,Gd,Gd,PConc,Ex,TA,Av,GLQ,Unf,1593,Ex,Y,SBrkr,1593,0,0,1593,1,0,1,1,0,1,Ex,5,Typ,1,Gd,Attchd,Fin,2,682,Y,0,120,0,0,224,0,NA,0,WD,Normal,286000,12.56374708980199,Other,Finished,Other
70,RL,70.0,10570,NA,Reg,Inside,Crawfor,Norm,1Fam,2.0Story,8,8,1932,1994,Hip,None,0.0,Gd,Gd,CBlock,Gd,Gd,No,Rec,Unf,853,TA,Y,SBrkr,1549,1178,0,2727,0,0,2,1,3,1,Gd,10,Atype,2,TA,Detchd,Unf,2,440,Y,0,74,0,0,0,0,NA,0,WD,Normal,315000,12.66032791780777,Other,Finished,Other
60,RL,70.05,7472,NA,IR,CulDSac,NAmes,Norm,1Fam,2.0Story,7,9,1972,2004,Gable,BrkFace,138.0,TA,Gd,CBlock,TA,TA,No,ALQ,Unf,725,Gd,Y,SBrkr,725,754,0,1479,1,0,1,1,4,1,Gd,7,Typ,0,NA,Attchd,Fin,2,484,Y,0,32,0,0,0,0,NA,0,WD,Normal,184000,12.122691036591123,HdBoard,Finished,Other
20,RL,68.0,9017,NA,IR,Inside,CollgCr,Norm,1Fam,1.0Story,7,5,1999,1999,Gable,None,0.0,Gd,Gd,PConc,Gd,TA,Av,GLQ,Unf,1431,Ex,Y,SBrkr,1431,0,0,1431,1,0,2,0,3,1,Gd,6,Typ,0,NA,Attchd,Fin,2,666,Y,0,35,0,0,0,0,NA,0,WD,Normal,192000,12.165250651009918,VinylSd,Finished,Siding
160,RM,24.0,2522,NA,Reg,Inside,Edwards,Norm,Twnhs,2.0Story,7,5,2004,2004,Gable,Stone,50.0,Gd,Gd,PConc,Gd,TA,No,Unf,Unf,970,Ex,Y,SBrkr,970,739,0,1709,0,0,2,0,3,1,Gd,7,Atype,0,NA,Detchd,Unf,2,380,Y,0,40,0,0,0,0,NA,0,WD,Normal,130000,11.77528972943772,VinylSd,Finished,Siding
20,RL,60.0,7180,NA,IR,Inside,CollgCr,Norm,1Fam,1.0Story,5,7,1972,1972,Hip,None,0.0,TA,Gd,CBlock,TA,TA,Av,ALQ,Unf,864,TA,Y,SBrkr,864,0,0,864,0,0,1,0,3,1,TA,5,Typ,0,NA,Detchd,Unf,1,352,Y,0,0,0,0,0,0,NA,0,WD,Normal,127000,11.751942365440728,HdBoard,Finished,Other
160,RL,24.0,2280,NA,Reg,FR2,NPkVill,Norm,Twnhs,2.0Story,6,6,1976,1976,Gable,None,0.0,TA,Gd,CBlock,Gd,TA,No,ALQ,Unf,855,TA,Y,SBrkr,855,601,0,1456,0,0,2,1,3,1,TA,7,Typ,1,TA,Attchd,Unf,2,440,Y,87,0,0,0,0,0,NA,0,WD,Normal,148500,11.908340237224891,Other,Finished,Other
20,RL,79.0,9416,NA,Reg,Inside,Somerst,Norm,1Fam,1.0Story,7,5,2007,2007,Hip,Stone,205.0,Ex,Gd,PConc,Ex,TA,No,GLQ,Unf,1726,Ex,Y,SBrkr,1726,0,0,1726,1,0,2,0,3,1,Ex,8,Typ,1,Gd,Attchd,Fin,3,786,Y,171,138,0,0,266,0,NA,0,Oth,Partial,311872,12.650348126203179,Other,Finished,Other
75,RL,174.0,25419,NA,Reg,Corner,NAmes,Artery,1Fam,2.0Story,8,4,1918,1990,Gable,None,0.0,Gd,Gd,PConc,TA,TA,No,GLQ,LwQ,1360,Gd,Y,SBrkr,1360,1360,392,3112,1,1,2,0,4,1,Gd,8,Typ,1,Gd,Detchd,Unf,2,795,Y,0,16,552,0,0,512,Fence,0,WD,Abnorml,235000,12.367340793126296,Stucco,Finished,Other
75,RM,92.0,5520,NA,Reg,Corner,OldTown,Norm,1Fam,2.5Story,6,6,1912,1950,Gable,None,0.0,TA,Gd,CBlock,TA,TA,No,Unf,Unf,755,Ex,Y,SBrkr,929,929,371,2229,0,0,1,0,5,1,TA,8,Typ,0,NA,NA,NA,0,0,Y,0,198,30,0,0,0,Fence,0,WD,Abnorml,104000,11.55214617812351,Wood,Finished,Siding
20,RL,76.0,9591,NA,Reg,Inside,NridgHt,Norm,1Fam,1.0Story,8,5,2004,2005,Hip,BrkFace,262.0,Gd,Gd,PConc,Ex,TA,Av,GLQ,Unf,1713,Ex,Y,SBrkr,1713,0,0,1713,1,0,2,0,3,1,Ex,7,Typ,1,Gd,Attchd,Fin,3,856,Y,0,26,0,0,170,0,NA,0,WD,Normal,274900,12.524162674153336,VinylSd,Finished,Siding
20,RM,80.0,8546,NA,Reg,Corner,Edwards,Norm,1Fam,1.0Story,4,5,2003,2004,Gable,None,0.0,TA,Gd,PConc,Gd,TA,No,Unf,Unf,1121,Ex,Y,SBrkr,1121,0,0,1121,0,0,2,0,2,1,TA,5,Typ,0,NA,Attchd,RFn,2,440,Y,132,64,0,0,0,0,NA,0,WD,Normal,140000,11.84939770159144,VinylSd,Finished,Siding
20,RL,75.0,10125,NA,Reg,Inside,Mitchel,Norm,1Fam,1.0Story,6,6,1977,1977,Gable,None,0.0,TA,Gd,CBlock,TA,TA,No,ALQ,LwQ,1196,TA,Y,SBrkr,1279,0,0,1279,0,1,2,0,3,1,TA,6,Typ,2,Po,Detchd,Unf,2,473,Y,238,83,0,0,0,0,Fence,0,WD,Normal,171500,12.052338545588132,Plywood,Finished,Other
50,RL,50.0,7000,NA,Reg,Corner,OldTown,Artery,1Fam,1.5Story,6,6,1924,1950,Gable,None,0.0,TA,Gd,BrkTil,Fa,TA,No,LwQ,Unf,617,Gd,Y,SBrkr,865,445,0,1310,0,0,2,0,2,1,TA,6,Atype,0,NA,Attchd,Unf,1,398,Y,0,0,126,0,0,0,NA,0,Oth,Normal,112000,11.626254150277232,MetalSd,Finished,Siding
120,RM,70.05,4438,NA,Reg,Inside,CollgCr,Norm,Twnhs,1.0Story,6,5,2004,2004,Gable,BrkFace,205.0,Gd,Gd,PConc,Gd,TA,Av,GLQ,Unf,848,Ex,Y,SBrkr,848,0,0,848,1,0,1,0,1,1,Gd,3,Typ,1,Gd,Attchd,RFn,2,420,Y,149,0,0,0,0,0,NA,0,WD,Normal,149000,11.911701584927597,VinylSd,Finished,Siding
50,RM,50.0,3500,Grvl,Reg,Inside,OldTown,Norm,1Fam,1.5Story,5,7,1947,1950,Gable,None,0.0,TA,Gd,CBlock,TA,TA,No,LwQ,Unf,720,TA,Y,SBrkr,720,564,0,1284,0,0,1,1,2,1,TA,5,Typ,0,NA,Detchd,Unf,1,240,Y,0,35,0,0,0,0,Fence,0,WD,Normal,110000,11.608235644774552,Other,Finished,Shingle
20,RL,99.0,11851,NA,Reg,Corner,Gilbert,Norm,1Fam,1.0Story,7,5,1990,1990,Gable,None,0.0,TA,Gd,PConc,Gd,TA,No,Unf,Unf,1424,Ex,Y,SBrkr,1442,0,0,1442,0,0,2,0,3,1,TA,5,Typ,0,NA,Attchd,RFn,2,500,Y,0,34,0,508,0,0,NA,0,WD,Normal,180500,12.103486056755072,HdBoard,Finished,Other
20,RL,40.0,13673,NA,IR,CulDSac,Sawyer,NRR,1Fam,1.0Story,5,5,1962,1962,Gable,None,0.0,TA,Gd,CBlock,TA,TA,No,Unf,Unf,1140,TA,Y,SBrkr,1696,0,0,1696,0,0,1,1,3,1,TA,8,Atype,1,TA,Attchd,RFn,1,349,Y,0,30,0,0,0,0,NA,0,WD,Normal,143900,11.876873892875459,HdBoard,Finished,Other
20,RL,70.05,12493,NA,IR,Inside,NAmes,Norm,1Fam,1.0Story,4,5,1960,1960,Gable,None,0.0,TA,Gd,PConc,TA,TA,No,ALQ,Rec,1100,TA,Y,SBrkr,1100,0,0,1100,1,0,1,0,3,1,TA,6,Typ,1,Po,Attchd,RFn,1,312,Y,355,0,0,0,0,0,Fence,0,WD,Normal,141000,11.856515169360305,Wood,Finished,Siding
60,RL,70.05,14364,NA,IR,Inside,SawyerW,Norm,1Fam,2.0Story,7,5,1988,1989,Gable,BrkFace,128.0,Gd,Gd,CBlock,Gd,TA,Gd,GLQ,Unf,1157,Ex,Y,SBrkr,1180,882,0,2062,1,0,2,1,3,1,TA,7,Typ,1,Gd,Attchd,Fin,2,454,Y,60,55,0,0,154,0,NA,0,WD,Normal,277000,12.531772785169476,Plywood,Finished,Other
20,RL,75.0,8250,NA,Reg,Inside,NAmes,Norm,1Fam,1.0Story,6,7,1964,1964,Hip,Stone,260.0,TA,Gd,CBlock,Gd,TA,No,Rec,Unf,1092,Ex,Y,SBrkr,1092,0,0,1092,1,0,1,0,3,1,TA,6,Typ,0,NA,Attchd,RFn,2,504,Y,0,0,0,0,0,0,Fence,0,WD,Normal,145000,11.884489021402711,HdBoard,Finished,Other
30,RL,67.0,5604,NA,Reg,Inside,Edwards,Norm,1Fam,1.0Story,5,6,1925,1950,Gable,None,0.0,TA,Gd,CBlock,TA,TA,No,Rec,Unf,864,TA,N,Fuse,864,0,0,864,1,0,1,0,2,1,TA,5,Typ,0,NA,NA,NA,0,0,Y,0,0,96,0,0,0,NA,0,WD,Normal,98000,11.49272275765271,Stucco,Finished,Other
20,RL,83.0,10420,NA,Reg,Corner,Edwards,Norm,1Fam,1.0Story,6,5,2009,2009,Gable,None,0.0,TA,Gd,PConc,Gd,TA,Mn,GLQ,Unf,1212,Ex,Y,SBrkr,1212,0,0,1212,0,0,2,0,3,1,Gd,6,Typ,0,NA,Attchd,RFn,2,460,Y,100,22,0,0,0,0,NA,0,WD,Normal,186000,12.133501952695338,VinylSd,Finished,Siding
60,FV,72.0,8640,NA,Reg,Inside,Somerst,Norm,1Fam,2.0Story,7,5,2009,2009,Gable,None,0.0,TA,Gd,PConc,Gd,TA,No,GLQ,Unf,900,Ex,Y,SBrkr,932,920,0,1852,1,0,2,1,3,1,Gd,7,Typ,1,TA,Attchd,RFn,2,644,Y,168,108,0,0,0,0,NA,0,Oth,Partial,252678,12.439871229831715,VinylSd,Finished,Siding
20,RL,43.0,13568,NA,IR,CulDSac,CollgCr,Norm,1Fam,1.0Story,5,5,1995,1995,Gable,None,0.0,TA,Gd,PConc,Gd,TA,No,ALQ,Unf,990,Ex,Y,SBrkr,990,0,0,990,0,1,1,0,3,1,TA,5,Typ,0,NA,Attchd,Unf,2,576,Y,224,0,0,0,0,0,NA,0,WD,Normal,156000,11.957611286231675,VinylSd,Finished,Siding
60,RL,70.05,10900,NA,IR,FR2,CollgCr,Norm,1Fam,2.0Story,6,7,1977,1977,Gable,BrkFace,153.0,TA,Gd,CBlock,Gd,TA,No,GLQ,Unf,689,Ex,Y,SBrkr,689,703,0,1392,0,0,1,1,3,1,TA,6,Typ,0,NA,Attchd,Fin,1,299,Y,0,36,0,0,0,0,Fence,450,WD,Normal,161750,11.993807212363148,HdBoard,Finished,Other
20,RL,72.0,10011,NA,IR,Inside,NAmes,Norm,1Fam,1.0Story,5,6,1957,1996,Gable,BrkFace,64.0,TA,Gd,CBlock,TA,TA,No,BLQ,Unf,1070,TA,Y,SBrkr,1236,0,0,1236,0,1,1,0,2,1,Gd,6,Atype,1,Po,Attchd,Unf,1,447,Y,0,0,0,0,0,0,Fence,0,WD,Normal,134450,11.80894766169701,HdBoard,Finished,Other
20,RL,65.0,8450,NA,Reg,Inside,CollgCr,Norm,1Fam,1.0Story,7,5,2004,2004,Gable,BrkFace,266.0,Gd,Gd,PConc,Gd,TA,Mn,GLQ,Unf,1436,Ex,Y,SBrkr,1436,0,0,1436,1,0,2,0,3,1,Gd,8,Typ,0,NA,Attchd,Unf,2,484,Y,139,98,0,0,0,0,NA,0,WD,Normal,210000,12.254862809699606,VinylSd,Finished,Siding
70,RM,57.0,9906,Grvl,Reg,Inside,OldTown,Norm,1Fam,2.0Story,4,4,1925,1950,Gable,None,0.0,TA,Gd,CBlock,TA,TA,No,Unf,Unf,686,Fa,N,SBrkr,810,518,0,1328,0,0,1,0,3,1,TA,8,Typ,0,NA,Detchd,Unf,1,210,Y,0,172,60,0,0,0,NA,0,WD,Abnorml,107000,11.580584113444043,MetalSd,Finished,Siding
50,RL,70.05,15660,NA,IR,Corner,Crawfor,Norm,1Fam,1.5Story,7,9,1939,2006,Gable,BrkFace,312.0,Gd,Gd,CBlock,TA,TA,No,BLQ,Unf,798,Ex,Y,SBrkr,1137,817,0,1954,0,1,1,1,3,1,Gd,8,Typ,2,TA,Attchd,Unf,2,431,Y,0,119,150,0,0,0,NA,0,WD,Normal,311500,12.649154617209645,VinylSd,Finished,Siding
120,RL,43.0,3010,NA,Reg,Inside,Blmngtn,Norm,Twnhs,1.0Story,7,5,2005,2006,Gable,BrkFace,16.0,Gd,Gd,PConc,Gd,TA,Av,GLQ,Unf,1248,Ex,Y,SBrkr,1248,0,0,1248,0,0,2,0,2,1,Gd,5,Typ,0,NA,Attchd,Fin,2,438,Y,108,0,0,0,0,0,NA,0,Oth,Partial,167240,12.0271851854705,VinylSd,Finished,Siding
20,RL,73.0,8990,NA,IR,Inside,CollgCr,Norm,1Fam,1.0Story,7,5,2006,2006,Gable,None,0.0,Gd,Gd,PConc,Gd,TA,Mn,Unf,Unf,1498,Ex,Y,SBrkr,1498,0,0,1498,0,0,2,0,2,1,Gd,5,Typ,0,NA,Attchd,RFn,2,675,Y,351,33,0,0,0,0,NA,0,Oth,Partial,204900,12.230277334226992,VinylSd,Finished,Siding
60,RL,70.05,8068,NA,IR,Inside,Gilbert,Norm,1Fam,2.0Story,6,5,2002,2002,Gable,None,0.0,Gd,Gd,PConc,Gd,TA,No,Unf,Unf,1010,Ex,Y,SBrkr,1010,1257,0,2267,0,0,2,1,4,1,Gd,8,Typ,1,TA,Attchd,RFn,2,390,Y,120,46,0,0,0,0,NA,0,Oth,Normal,200000,12.206072645530174,VinylSd,Finished,Siding
60,RL,85.0,11475,NA,Reg,Inside,NWAmes,NRR,1Fam,2.0Story,6,6,1975,1975,Gable,None,0.0,TA,Gd,CBlock,Gd,TA,No,ALQ,Unf,713,TA,Y,SBrkr,811,741,0,1552,1,0,2,1,3,1,TA,6,Typ,1,TA,Attchd,RFn,2,434,Y,209,208,0,0,0,0,Fence,0,WD,Normal,179900,12.100156419938624,VinylSd,Finished,Siding
20,RL,70.0,10500,NA,Reg,FR2,NAmes,Norm,1Fam,1.0Story,4,6,1971,1971,Gable,None,0.0,TA,Gd,CBlock,TA,TA,No,ALQ,LwQ,864,Gd,Y,SBrkr,864,0,0,864,0,0,1,0,2,1,TA,4,Typ,0,NA,Detchd,Unf,2,576,Y,216,0,0,0,0,0,NA,0,WD,Abnorml,97000,11.48246625748552,HdBoard,Finished,Other
20,RL,103.0,13472,NA,Reg,Inside,NridgHt,Norm,1Fam,1.0Story,10,5,2003,2003,Hip,BrkFace,922.0,Ex,Gd,PConc,Ex,TA,Gd,GLQ,Unf,2392,Ex,Y,SBrkr,2392,0,0,2392,0,0,2,0,3,1,Ex,8,Typ,1,Gd,Attchd,Fin,3,968,Y,248,105,0,0,0,0,NA,0,WD,Normal,386250,12.864240107194092,VinylSd,Finished,Siding
160,RM,21.0,1680,NA,Reg,Inside,BrDale,Norm,Twnhs,2.0Story,5,5,1971,1971,Gable,BrkFace,142.0,TA,Gd,CBlock,TA,TA,No,Unf,Unf,630,TA,Y,SBrkr,630,672,0,1302,0,0,2,1,3,1,TA,6,Typ,0,NA,Detchd,Unf,1,280,Y,0,0,0,0,0,0,NA,0,Oth,Abnorml,112000,11.626254150277232,HdBoard,Finished,Other
60,RL,82.0,9950,NA,IR,Inside,NoRidge,Norm,1Fam,2.0Story,7,5,1995,1995,Gable,BrkFace,290.0,Gd,Gd,PConc,Gd,TA,No,GLQ,Unf,1203,Ex,Y,SBrkr,1214,1306,0,2520,0,0,2,1,4,1,Gd,9,Typ,1,TA,Attchd,RFn,3,721,Y,224,114,0,0,0,0,NA,0,WD,Abnorml,290000,12.577636201962656,VinylSd,Finished,Siding
160,RM,21.0,1869,NA,Reg,Inside,BrDale,Norm,Twnhs,2.0Story,6,6,1970,1970,Gable,BrkFace,127.0,TA,Gd,CBlock,TA,TA,No,Rec,Unf,483,TA,Y,SBrkr,483,504,0,987,0,0,1,1,2,1,TA,5,Typ,0,NA,Detchd,Unf,1,280,Y,0,0,0,0,0,0,NA,0,WD,Normal,106000,11.571194373094205,HdBoard,Finished,Other
20,RL,70.0,8521,NA,Reg,FR2,Sawyer,Feedr,1Fam,1.0Story,5,5,1967,1967,Gable,None,0.0,TA,Gd,CBlock,TA,TA,No,ALQ,Unf,912,TA,Y,SBrkr,912,0,0,912,0,0,1,0,3,1,TA,5,Typ,1,Po,Detchd,Unf,1,336,Y,0,0,0,0,0,0,Fence,0,WD,Normal,125000,11.736069016284437,HdBoard,Finished,Other
120,RL,43.0,3182,NA,Reg,Inside,Blmngtn,Norm,Twnhs,1.0Story,7,5,2005,2006,Gable,BrkFace,16.0,Gd,Gd,PConc,Gd,TA,Av,GLQ,Unf,1373,Ex,Y,SBrkr,1555,0,0,1555,0,0,2,0,2,1,Gd,7,Typ,1,TA,Attchd,Fin,2,430,Y,143,20,0,0,0,0,NA,0,WD,Normal,192500,12.167851432709975,VinylSd,Finished,Siding
20,RL,73.0,8760,NA,Reg,Inside,NAmes,Norm,1Fam,1.0Story,6,6,1959,1959,Hip,BrkFace,220.0,TA,Gd,CBlock,TA,TA,No,Unf,Unf,1194,TA,Y,SBrkr,1194,0,0,1194,1,0,1,0,3,1,TA,6,Typ,0,NA,Attchd,RFn,1,312,Y,0,0,120,0,0,0,NA,0,WD,Normal,148000,11.904967552746252,MetalSd,Finished,Siding
60,RL,174.0,15138,NA,IR,Inside,NoRidge,Norm,1Fam,2.0Story,8,5,1995,1996,Gable,BrkFace,506.0,Gd,Gd,PConc,Gd,TA,No,GLQ,Unf,1462,Ex,Y,SBrkr,1490,1304,0,2794,1,0,2,1,4,1,Ex,9,Typ,1,TA,Attchd,Fin,3,810,Y,0,146,202,0,0,0,NA,0,WD,Normal,403000,12.90669184092882,VinylSd,Finished,Siding
160,RM,21.0,1680,NA,Reg,Inside,BrDale,Norm,Twnhs,2.0Story,6,5,1972,1972,Gable,BrkFace,297.0,TA,Gd,CBlock,TA,TA,No,Unf,Unf,483,TA,Y,SBrkr,483,504,0,987,0,0,1,1,2,1,TA,5,Typ,1,Po,Attchd,Unf,1,288,Y,0,0,0,0,0,0,NA,0,WD,Normal,94500,11.456355113481834,HdBoard,Finished,Other
20,RL,75.0,10650,NA,Reg,Corner,CollgCr,Norm,1Fam,1.0Story,5,6,1976,1976,Gable,None,0.0,TA,Gd,CBlock,TA,Gd,Av,LwQ,ALQ,894,TA,Y,SBrkr,894,0,0,894,1,0,1,0,3,1,TA,5,Typ,0,NA,Attchd,Unf,1,308,Y,365,0,0,0,0,0,Fence,0,WD,Normal,128200,11.761346823468706,HdBoard,Finished,Other
60,RL,70.05,7851,NA,Reg,Inside,Gilbert,Norm,1Fam,2.0Story,6,5,2002,2002,Gable,None,0.0,Gd,Gd,PConc,Gd,TA,No,GLQ,Unf,860,Ex,Y,SBrkr,860,1100,0,1960,1,0,2,1,4,1,Gd,8,Typ,2,TA,Attchd,Fin,2,440,Y,288,48,0,0,0,0,NA,0,WD,Normal,216500,12.285345826424681,VinylSd,Finished,Siding
160,RM,21.0,1680,NA,Reg,Inside,BrDale,Norm,Twnhs,2.0Story,6,3,1971,1971,Gable,BrkFace,604.0,TA,Gd,CBlock,TA,TA,No,ALQ,Unf,483,TA,Y,SBrkr,483,504,0,987,0,0,1,1,2,1,TA,5,Typ,0,NA,Detchd,Unf,1,264,Y,0,0,0,0,0,0,NA,0,WD,Normal,89500,11.401993904262946,HdBoard,Finished,Other
20,RL,65.0,8773,NA,Reg,FR2,CollgCr,Norm,1Fam,1.0Story,7,5,2004,2004,Gable,BrkFace,98.0,Gd,Gd,PConc,Gd,TA,Av,GLQ,Unf,1414,Ex,Y,SBrkr,1414,0,0,1414,0,0,2,0,3,1,Gd,6,Typ,0,NA,Attchd,RFn,2,494,Y,132,105,0,0,0,0,NA,0,WD,Normal,185500,12.130810161029627,VinylSd,Finished,Siding
60,RL,70.05,9453,NA,IR,CulDSac,SawyerW,NRR,1Fam,2.0Story,7,7,1993,2003,Gable,None,0.0,Gd,Gd,PConc,Gd,TA,No,BLQ,Unf,996,Ex,Y,SBrkr,1014,730,0,1744,0,0,2,1,3,1,Gd,7,Typ,0,NA,Attchd,RFn,2,457,Y,370,70,0,238,0,0,NA,0,WD,Normal,194500,12.178187442040638,HdBoard,Finished,Other
20,RL,93.0,12030,NA,Reg,Inside,NridgHt,Norm,1Fam,1.0Story,8,5,2007,2007,Hip,BrkFace,254.0,Ex,Gd,PConc,Ex,TA,No,Unf,Unf,1694,Ex,Y,SBrkr,1694,0,0,1694,0,0,2,0,3,1,Gd,7,Typ,0,NA,Attchd,Fin,3,818,Y,168,228,0,0,0,0,NA,0,Oth,Partial,318000,12.669806661762314,VinylSd,Finished,Siding
50,RL,52.0,8741,NA,Reg,Inside,Edwards,Norm,1Fam,1.5Story,6,4,1945,1950,Gable,None,0.0,TA,Gd,CBlock,TA,Fa,No,LwQ,Unf,735,TA,Y,Fuse,798,689,0,1487,0,0,1,1,3,1,TA,7,Typ,1,Gd,Detchd,Unf,1,220,Y,0,140,0,0,0,0,Fence,0,WD,Normal,113000,11.635143097694478,VinylSd,Finished,Siding
20,FV,75.0,9000,NA,Reg,Inside,Somerst,Norm,1Fam,1.0Story,8,5,2008,2008,Gable,Stone,36.0,Gd,Gd,PConc,Gd,TA,Av,GLQ,Unf,1566,Ex,Y,SBrkr,1566,0,0,1566,1,0,2,0,3,1,Gd,7,Typ,0,NA,Attchd,RFn,2,750,Y,144,168,0,0,0,0,NA,0,WD,Normal,262500,12.478006361013815,VinylSd,Finished,Siding
30,RM,40.0,3880,NA,Reg,Inside,OldTown,Norm,1Fam,1.0Story,5,9,1945,1997,Gable,None,0.0,TA,Gd,CBlock,TA,TA,No,ALQ,Unf,686,Gd,Y,SBrkr,866,0,0,866,0,0,1,0,2,1,Gd,4,Typ,0,NA,NA,NA,0,0,Y,58,42,0,0,0,0,NA,0,WD,Normal,110500,11.612770799939945,VinylSd,Finished,Siding
50,RM,63.0,5000,NA,Reg,Corner,OldTown,Norm,1Fam,1.5Story,5,4,1900,1950,Gable,None,0.0,TA,Gd,BrkTil,TA,TA,No,Unf,Unf,540,Gd,N,Fuse,889,551,0,1440,0,0,1,0,3,1,TA,6,Typ,0,NA,Attchd,Unf,1,352,Y,0,0,77,0,0,0,NA,0,WD,Normal,79000,11.27720313144916,Wood,Finished,Siding
160,RL,75.0,10762,NA,Reg,Corner,SawyerW,Norm,Twnhs,2.0Story,6,6,1980,1980,Gable,None,0.0,TA,Gd,CBlock,Gd,TA,No,Unf,Unf,626,TA,Y,SBrkr,626,591,0,1217,0,0,1,1,3,1,TA,6,Typ,1,TA,Attchd,RFn,1,288,Y,0,28,0,0,0,0,NA,0,WD,Normal,120000,11.695247021764184,Plywood,Finished,Other
60,RL,70.05,8880,NA,IR,Inside,SawyerW,Norm,1Fam,2.0Story,7,5,1994,2002,Gable,None,0.0,Gd,Gd,PConc,Gd,TA,No,GLQ,Unf,948,Ex,Y,SBrkr,1222,888,0,2110,1,0,2,1,3,1,Gd,8,Typ,2,Po,Attchd,RFn,2,463,Y,0,130,0,0,0,0,NA,0,WD,Normal,205000,12.230765258120545,VinylSd,Finished,Siding
20,RL,80.0,10400,NA,Reg,Inside,NWAmes,Norm,1Fam,1.0Story,7,5,1988,1988,Gable,BrkFace,102.0,TA,Gd,CBlock,Gd,TA,Av,GLQ,Unf,1845,Gd,Y,SBrkr,1872,0,0,1872,0,1,2,0,3,1,TA,6,Typ,1,TA,Attchd,Fin,2,604,Y,197,39,0,0,0,0,NA,0,WD,Normal,241500,12.394624752074764,Wood,Finished,Siding
190,RM,69.0,9142,Grvl,Reg,Inside,OldTown,Norm,Oth,2.0Story,6,8,1910,1950,Gable,None,0.0,TA,Fa,Oth,Fa,TA,No,Unf,Unf,1020,Gd,N,Fuse,908,1020,0,1928,0,0,2,0,4,2,Fa,9,Typ,0,NA,Detchd,Unf,1,440,Y,0,60,112,0,0,0,NA,0,WD,Normal,137000,11.827736204810263,Other,Finished,Shingle
20,RL,75.0,11310,NA,Reg,Inside,NAmes,Norm,1Fam,1.0Story,6,5,1954,1954,Hip,None,0.0,TA,Gd,CBlock,TA,TA,No,Unf,Unf,1367,Ex,Y,SBrkr,1375,0,0,1375,0,0,1,0,2,1,TA,5,Typ,1,TA,Attchd,Unf,2,451,Y,0,30,0,0,0,0,NA,0,WD,Normal,140000,11.84939770159144,Other,Finished,Other
60,RL,72.0,11317,NA,Reg,Inside,CollgCr,Norm,1Fam,2.0Story,7,5,2003,2003,Gable,BrkFace,101.0,Gd,Gd,PConc,Gd,TA,No,Unf,Unf,840,Ex,Y,SBrkr,840,828,0,1668,0,0,2,1,3,1,Gd,8,Typ,0,NA,Attchd,RFn,2,500,Y,144,68,0,0,0,0,NA,0,WD,Normal,180000,12.100712129872347,VinylSd,Finished,Siding
50,RL,70.05,159000,NA,IR,CulDSac,ClearCr,Norm,1Fam,1.5Story,6,7,1958,2006,Gable,BrkCmn,472.0,Gd,Gd,CBlock,Gd,TA,Gd,Rec,Unf,1444,Gd,Y,SBrkr,1444,700,0,2144,0,1,2,0,4,1,Gd,7,Typ,2,TA,Attchd,Fin,2,389,Y,0,98,0,0,0,0,NA,500,WD,Normal,277000,12.531772785169476,HdBoard,Finished,Other
30,RL,55.0,5350,NA,IR,Inside,BrkSide,Norm,1Fam,1.0Story,3,2,1940,1966,Gable,None,0.0,TA,Fa,CBlock,TA,TA,No,Unf,Unf,728,Ex,Y,SBrkr,1306,0,0,1306,0,0,1,0,3,1,Fa,6,Atype,0,NA,NA,NA,0,0,Y,263,0,0,0,0,0,Fence,450,WD,Normal,76500,11.245046019814627,Plywood,Finished,Other
120,RM,44.0,4750,NA,IR,Inside,Crawfor,Norm,Twnhs,1.0Story,8,5,2006,2007,Hip,Stone,481.0,Gd,Gd,PConc,Gd,TA,Gd,GLQ,Unf,1573,Ex,Y,SBrkr,1625,0,0,1625,1,1,2,0,2,1,Gd,5,Typ,1,Gd,Attchd,Fin,2,538,Y,123,0,0,0,153,0,NA,0,WD,Abnorml,235000,12.367340793126296,VinylSd,Finished,Siding
60,RL,65.0,8366,NA,IR,Inside,SawyerW,Norm,1Fam,2.0Story,6,5,2004,2004,Gable,None,0.0,Gd,Gd,PConc,Gd,TA,No,Unf,Unf,798,Ex,Y,SBrkr,798,842,0,1640,0,0,2,1,3,1,Gd,6,Typ,0,NA,Attchd,RFn,2,520,Y,138,45,0,0,0,0,NA,0,WD,Normal,173000,12.061046873479915,VinylSd,Finished,Siding
80,RL,85.0,9350,NA,Reg,Inside,NAmes,Norm,1Fam,SLvl,6,7,1964,1991,Hip,BrkFace,108.0,TA,Gd,CBlock,Gd,TA,Gd,LwQ,ALQ,1302,Ex,Y,SBrkr,1302,0,0,1302,0,1,2,0,3,1,Gd,7,Atype,0,NA,Attchd,RFn,1,309,Y,333,0,0,0,0,0,Fence,0,WD,Normal,158000,11.970350312009105,HdBoard,Finished,Other
20,RL,70.0,8400,NA,Reg,Inside,NAmes,Norm,1Fam,1.0Story,5,6,1957,1957,Gable,None,0.0,TA,Gd,CBlock,TA,TA,No,Rec,Unf,1314,TA,Y,SBrkr,1314,0,0,1314,1,0,1,0,3,1,TA,5,Typ,0,NA,Attchd,RFn,1,294,Y,250,0,0,0,0,0,NA,0,WD,Normal,145000,11.884489021402711,MetalSd,Finished,Siding
60,RL,66.0,8738,NA,IR,Inside,Gilbert,Norm,1Fam,2.0Story,7,5,1999,1999,Gable,BrkFace,302.0,Gd,Gd,PConc,Gd,TA,No,Unf,Unf,975,Ex,Y,SBrkr,1005,1286,0,2291,0,0,2,1,4,1,Gd,8,Typ,1,TA,Attchd,Fin,2,429,Y,192,0,0,0,0,0,NA,0,WD,Normal,230000,12.345834587905333,VinylSd,Finished,Siding
60,FV,64.0,8791,NA,IR,Inside,Somerst,Norm,1Fam,2.0Story,6,5,2003,2003,Gable,None,0.0,Gd,Gd,PConc,Gd,TA,No,Rec,Unf,864,Ex,Y,SBrkr,864,864,0,1728,0,0,2,1,3,1,Gd,7,Typ,0,NA,Attchd,RFn,2,673,Y,216,56,0,0,0,0,NA,0,WD,Normal,207500,12.24288661865289,VinylSd,Finished,Siding
20,RL,68.0,8814,NA,Reg,Inside,CollgCr,Norm,1Fam,1.0Story,7,5,2006,2006,Gable,Stone,180.0,Gd,Gd,PConc,Gd,TA,No,GLQ,Unf,1604,Ex,Y,SBrkr,1604,0,0,1604,1,0,2,1,3,1,Gd,8,Typ,1,Gd,Attchd,RFn,2,660,Y,123,110,0,0,0,0,NA,0,WD,Abnorml,220000,12.301382825334498,VinylSd,Finished,Siding
60,RL,80.0,12435,NA,Reg,Inside,CollgCr,Norm,1Fam,2.0Story,7,5,2001,2001,Gable,BrkFace,172.0,Gd,Gd,PConc,Gd,TA,No,GLQ,Unf,963,Ex,Y,SBrkr,963,829,0,1792,0,0,2,1,3,1,Gd,7,Typ,1,TA,Attchd,RFn,2,564,Y,0,96,0,245,0,0,NA,0,WD,Normal,231500,12.352335152508426,VinylSd,Finished,Siding
20,RM,70.0,12702,NA,Reg,Inside,OldTown,Norm,1Fam,1.0Story,5,5,1956,1956,Gable,None,0.0,TA,Gd,PConc,NA,NA,No,NA,NA,0,Gd,Y,Fuse,882,0,0,882,0,0,1,0,2,1,TA,4,Typ,0,NA,Detchd,Unf,1,308,Y,0,45,0,0,0,0,NA,0,WD,Normal,97000,11.48246625748552,Other,Finished,Other
80,RL,120.0,19296,NA,Reg,Corner,NAmes,Artery,1Fam,SLvl,6,5,1962,1962,Gable,BrkFace,399.0,TA,Gd,CBlock,TA,TA,Gd,Rec,ALQ,1362,TA,Y,SBrkr,1382,0,0,1382,1,0,1,0,3,1,TA,6,Typ,1,TA,Attchd,Unf,2,884,Y,0,0,252,0,0,0,Fence,0,WD,Normal,176000,12.078239274020289,Wood,Finished,Siding
60,RL,69.0,9588,NA,IR,Inside,CollgCr,Norm,1Fam,2.0Story,8,5,2007,2007,Gable,Stone,270.0,Gd,Gd,PConc,Ex,TA,No,Unf,Unf,1482,Ex,Y,SBrkr,1482,1092,0,2574,0,0,2,1,3,1,Ex,10,Typ,1,Gd,Attchd,Fin,3,868,Y,0,148,0,0,0,0,NA,0,Oth,Partial,276000,12.528156144699286,Other,Finished,Other
80,RL,88.0,8471,NA,IR,Corner,Sawyer,Norm,1Fam,SLvl,6,7,1977,1995,Gable,BrkFace,46.0,TA,Gd,CBlock,Gd,Gd,Av,ALQ,Unf,506,TA,Y,SBrkr,1212,0,0,1212,1,0,1,0,3,1,TA,6,Typ,1,TA,Attchd,Unf,2,492,Y,292,12,0,0,0,0,Fence,0,WD,Normal,151000,11.925035115797062,Plywood,Finished,Other
50,RM,50.0,5500,NA,Reg,Corner,OldTown,Norm,1Fam,1.5Story,5,7,1929,2001,Gable,None,0.0,TA,Gd,BrkTil,TA,TA,No,LwQ,ALQ,926,TA,Y,SBrkr,926,0,390,1316,1,0,1,0,3,1,TA,6,Typ,0,NA,Detchd,Unf,2,484,Y,0,0,0,0,0,0,NA,0,WD,Normal,130000,11.77528972943772,Wood,Finished,Siding
30,RM,30.0,5232,Grvl,IR,Inside,OldTown,Artery,1Fam,1.0Story,5,5,1925,2004,Gable,None,0.0,TA,Gd,BrkTil,Fa,TA,No,Unf,Unf,680,Gd,N,Fuse,764,0,0,764,0,0,1,0,2,1,TA,4,Typ,0,NA,Detchd,Unf,2,504,N,0,0,0,0,0,0,NA,0,WD,Normal,73000,11.198214720130528,Wood,Finished,Siding
20,RL,78.0,12090,NA,IR,Inside,NWAmes,Norm,1Fam,1.0Story,6,6,1981,1981,Gable,BrkFace,210.0,TA,Gd,CBlock,Gd,TA,No,GLQ,LwQ,1422,TA,Y,SBrkr,1422,0,0,1422,0,0,2,0,3,1,Gd,7,Typ,1,TA,Attchd,Fin,2,576,Y,276,0,0,0,0,0,Fence,0,WD,Normal,175500,12.075394321888057,MetalSd,Finished,Siding
60,RL,70.0,11207,NA,IR,FR2,Gilbert,Norm,1Fam,2.0Story,6,5,1997,1997,Gable,None,0.0,TA,Gd,PConc,Gd,TA,Av,GLQ,Unf,802,Gd,Y,SBrkr,802,709,0,1511,1,0,2,1,3,1,TA,8,Typ,1,TA,Attchd,Fin,2,413,Y,95,75,0,0,0,0,NA,0,WD,Normal,185000,12.128111104060462,VinylSd,Finished,Siding
75,RL,60.0,8400,NA,Reg,Inside,SWISU,Norm,1Fam,2.5Story,5,8,1939,1997,Gable,None,0.0,TA,Gd,PConc,TA,TA,No,LwQ,Unf,720,Ex,Y,SBrkr,1052,720,420,2192,0,0,2,1,4,1,Gd,8,Typ,1,Gd,Detchd,Unf,1,240,Y,262,24,0,0,0,0,NA,0,WD,Normal,179500,12.097930486910471,Wood,Finished,Siding
30,RM,71.0,6900,NA,Reg,Inside,IDOTRR,Norm,1Fam,1.0Story,5,6,1940,1955,Gable,None,0.0,TA,Gd,CBlock,TA,TA,No,ALQ,Rec,740,Ex,Y,SBrkr,778,0,0,778,0,0,1,0,2,1,TA,4,Typ,1,Gd,Detchd,Fin,1,924,Y,0,25,0,0,0,0,NA,0,WD,Normal,120500,11.699405031912846,VinylSd,Finished,Siding
20,RL,70.05,7917,NA,IR,Corner,Edwards,Norm,1Fam,1.0Story,6,7,1976,1976,Hip,BrkFace,174.0,TA,Gd,CBlock,TA,Gd,No,BLQ,Unf,1143,TA,Y,SBrkr,1113,0,0,1113,1,0,1,1,3,1,TA,6,Typ,1,Po,Attchd,RFn,1,504,Y,370,30,0,0,0,0,Fence,0,WD,Normal,148000,11.904967552746252,HdBoard,Finished,Other
60,FV,84.0,10728,NA,Reg,Inside,Somerst,Norm,1Fam,2.0Story,8,5,2006,2006,Gable,None,0.0,Gd,Gd,PConc,Gd,TA,Mn,Unf,Unf,1095,Gd,Y,SBrkr,1095,844,0,1939,0,0,2,1,3,1,Gd,8,Typ,1,Gd,Attchd,RFn,3,1053,Y,192,51,0,0,0,0,NA,0,Oth,Partial,266000,12.491251587763836,VinylSd,Finished,Siding
20,RL,73.0,39104,NA,IR,CulDSac,ClearCr,Norm,1Fam,1.0Story,7,7,1954,2005,Oth,None,0.0,TA,Gd,CBlock,Gd,TA,Gd,LwQ,GLQ,1385,Ex,Y,SBrkr,1363,0,0,1363,1,0,1,0,2,1,TA,5,Atype,2,TA,Attchd,Unf,2,439,Y,81,0,0,0,0,0,NA,0,WD,Normal,241500,12.394624752074764,Plywood,Finished,Other
60,RL,92.0,11764,NA,IR,CulDSac,NoRidge,Norm,1Fam,2.0Story,8,7,1999,2007,Gable,BrkFace,348.0,Gd,Gd,PConc,Gd,TA,No,GLQ,Unf,1152,Ex,Y,SBrkr,1164,1106,0,2270,0,0,2,1,4,1,Gd,9,Typ,1,Gd,Attchd,Fin,3,671,Y,132,57,0,0,0,0,NA,0,WD,Normal,290000,12.577636201962656,VinylSd,Finished,Siding
20,RL,80.0,9600,NA,Reg,Inside,NAmes,Feedr,1Fam,1.0Story,6,6,1958,1988,Hip,BrkCmn,183.0,TA,Gd,CBlock,TA,TA,No,Rec,LwQ,1240,Gd,Y,SBrkr,1632,0,0,1632,1,0,2,0,3,1,TA,6,Atype,1,Gd,Attchd,RFn,1,338,Y,289,0,0,0,0,0,Fence,0,WD,Normal,139000,11.842229212112828,Wood,Finished,Siding
20,RL,76.0,8314,NA,Reg,Corner,Mitchel,Norm,1Fam,1.0Story,5,7,1982,1982,Gable,None,0.0,TA,Gd,CBlock,TA,TA,Gd,ALQ,Unf,816,TA,Y,SBrkr,816,0,0,816,0,0,1,0,2,1,TA,5,Typ,0,NA,Attchd,Unf,1,264,Y,168,0,0,0,0,0,NA,0,WD,Normal,124500,11.732060994886899,Stucco,Finished,Other
50,RL,55.0,7264,NA,Reg,Inside,BrkSide,Norm,1Fam,1.5Story,7,7,1925,2007,Gable,None,0.0,Gd,Gd,BrkTil,TA,TA,No,Unf,Unf,952,Gd,N,SBrkr,952,596,0,1548,0,0,2,1,3,1,Ex,5,Typ,0,NA,Detchd,Unf,2,672,Y,74,0,0,0,144,0,NA,0,WD,Normal,205000,12.230765258120545,Wood,Finished,Siding
20,RL,129.0,9196,NA,IR,Inside,Mitchel,Norm,1Fam,1.0Story,7,5,2003,2003,Gable,None,0.0,Gd,Gd,PConc,Ex,TA,No,Unf,Unf,1560,Ex,Y,SBrkr,1560,0,0,1560,0,0,2,0,3,1,Gd,7,Typ,0,NA,Attchd,Fin,2,573,Y,100,150,0,0,0,0,NA,0,WD,Normal,201000,12.211060187041213,VinylSd,Finished,Siding
20,RL,140.0,19138,NA,Reg,Corner,Gilbert,Norm,1Fam,1.0Story,4,5,1951,1951,Gable,None,0.0,TA,Gd,CBlock,TA,TA,No,LwQ,Unf,864,Ex,Y,SBrkr,864,0,0,864,0,0,1,0,2,1,TA,4,Typ,0,NA,Detchd,Unf,2,400,Y,0,0,0,0,0,0,NA,0,WD,Normal,141000,11.856515169360305,VinylSd,Finished,Siding
20,RL,107.0,14450,NA,Reg,Inside,NridgHt,Norm,1Fam,1.0Story,9,5,2006,2007,Gable,BrkFace,315.0,Ex,Gd,PConc,Ex,TA,Gd,Unf,Unf,2121,Ex,Y,SBrkr,2121,0,0,2121,0,0,2,1,3,1,Ex,8,Typ,1,Gd,Attchd,Fin,3,732,Y,124,98,0,0,142,0,NA,0,Oth,Partial,415298,12.936751613811438,Other,Finished,Other
60,RL,83.0,10005,NA,Reg,Inside,ClearCr,Norm,1Fam,2.0Story,7,5,1977,1977,Hip,BrkFace,299.0,TA,Gd,CBlock,Gd,TA,No,BLQ,Unf,1160,Ex,Y,SBrkr,1156,866,0,2022,0,0,2,1,4,1,TA,8,Typ,1,TA,Attchd,Fin,2,505,Y,288,117,0,0,0,0,NA,0,WD,Normal,192000,12.165250651009918,Plywood,Finished,Other
60,RL,82.0,11287,NA,Reg,Inside,SawyerW,Norm,1Fam,2.0Story,7,6,1989,1989,Gable,BrkFace,340.0,Gd,Gd,CBlock,Gd,TA,Av,GLQ,Unf,807,Gd,Y,SBrkr,1175,807,0,1982,0,0,2,1,3,1,Gd,7,Typ,1,TA,Attchd,Fin,2,575,Y,0,84,0,196,0,0,NA,0,WD,Normal,228500,12.339291489316397,Plywood,Finished,Other
20,FV,60.0,7200,Pave,Reg,Inside,Somerst,Norm,1Fam,1.0Story,6,5,2006,2006,Gable,Stone,68.0,Gd,Gd,PConc,Gd,TA,No,GLQ,Unf,1262,Gd,Y,SBrkr,1262,0,0,1262,0,0,2,0,2,1,Gd,5,Typ,0,NA,Attchd,Fin,2,572,Y,0,120,0,0,0,0,NA,0,Oth,Partial,185000,12.128111104060462,VinylSd,Finished,Siding
120,RL,34.0,5063,NA,Reg,Inside,NridgHt,Norm,Twnhs,1.0Story,7,5,2007,2008,Gable,Stone,166.0,Gd,Gd,PConc,Gd,TA,No,GLQ,Unf,1314,Ex,Y,SBrkr,1314,0,0,1314,1,0,2,0,2,1,Gd,6,Typ,1,Gd,Attchd,RFn,2,626,Y,172,62,0,0,0,0,NA,0,Oth,Normal,207500,12.24288661865289,VinylSd,Finished,Siding
20,RL,74.0,9612,NA,Reg,Inside,Somerst,Feedr,1Fam,1.0Story,8,5,2008,2009,Gable,Stone,72.0,Gd,Gd,PConc,Gd,TA,No,Unf,Unf,1468,Ex,Y,SBrkr,1468,0,0,1468,0,0,2,0,3,1,Gd,6,Typ,1,Gd,Attchd,Fin,3,898,Y,210,150,0,0,0,0,NA,0,Oth,Partial,244600,12.407379502235209,VinylSd,Finished,Siding
120,RL,50.0,8012,NA,Reg,Inside,SawyerW,Norm,Twnhs,1.0Story,6,5,1992,1992,Gable,None,0.0,Gd,Gd,PConc,Gd,TA,No,GLQ,Unf,1575,Gd,Y,SBrkr,1575,0,0,1575,1,0,2,0,2,1,Gd,5,Typ,0,NA,Attchd,RFn,2,529,Y,0,0,52,0,0,0,NA,0,WD,Normal,179200,12.096257779522967,Stucco,Finished,Other
160,FV,35.0,4251,Pave,IR,Inside,Somerst,Norm,Twnhs,2.0Story,7,5,2006,2007,Gable,None,0.0,Gd,Gd,PConc,Gd,TA,No,Unf,Unf,625,Ex,Y,SBrkr,625,625,0,1250,0,0,2,1,2,1,Gd,5,Typ,0,NA,Detchd,RFn,2,528,Y,0,54,0,0,0,0,NA,0,Oth,Partial,164700,12.011880916165731,MetalSd,Finished,Siding
50,RL,77.0,9786,NA,IR,Inside,NAmes,Norm,1Fam,1.5Story,6,7,1962,1981,Gable,None,0.0,TA,Gd,CBlock,TA,TA,No,Rec,Unf,912,TA,Y,SBrkr,1085,649,0,1734,0,0,1,1,3,1,Gd,7,Typ,1,Gd,Attchd,RFn,2,440,Y,0,0,0,0,128,0,Fence,0,WD,Normal,159000,11.976659481202368,Wood,Finished,Siding
20,RL,70.05,8125,NA,IR,Corner,NAmes,Norm,1Fam,1.0Story,4,4,1971,1971,Gable,None,0.0,TA,Gd,CBlock,TA,TA,No,BLQ,Unf,858,TA,Y,SBrkr,858,0,0,858,0,0,1,0,3,1,TA,5,Typ,0,NA,NA,NA,0,0,Y,0,0,0,0,0,0,NA,0,WD,Normal,88000,11.385092093460344,HdBoard,Finished,Other
20,RL,70.05,9819,NA,IR,Inside,Sawyer,Norm,1Fam,1.0Story,5,5,1967,1967,Gable,BrkFace,31.0,TA,Gd,CBlock,TA,TA,No,BLQ,Unf,882,TA,Y,SBrkr,900,0,0,900,0,0,1,0,3,1,TA,5,Typ,0,NA,Detchd,Unf,1,280,Y,0,0,0,0,0,0,Fence,0,WD,Normal,122000,11.711776323715394,MetalSd,Finished,Siding
70,RL,60.0,8730,NA,Reg,Inside,BrkSide,NRR,1Fam,2.0Story,6,7,1915,2003,Gable,None,0.0,TA,Gd,BrkTil,TA,TA,No,Unf,Unf,698,Ex,Y,Fuse,698,698,0,1396,0,0,1,0,3,1,TA,7,Typ,0,NA,Detchd,Unf,1,384,Y,0,0,0,0,259,0,NA,0,WD,Normal,153575,11.941944326032129,Wood,Finished,Siding
60,RL,120.0,15611,NA,Reg,Inside,CollgCr,Norm,1Fam,2.0Story,8,5,2006,2006,Gable,None,0.0,Gd,Gd,PConc,Gd,TA,Av,Unf,Unf,1079,Ex,Y,SBrkr,1079,840,0,1919,0,0,2,1,3,1,Gd,8,Typ,1,Gd,Attchd,RFn,2,685,Y,0,51,0,0,0,0,NA,0,Oth,Partial,233230,12.359780370124389,VinylSd,Finished,Siding
190,RL,55.0,5687,Grvl,Reg,Inside,SWISU,Norm,Oth,2.0Story,5,6,1912,2000,Gable,None,0.0,TA,Fa,PConc,TA,Fa,No,Rec,Unf,780,Ex,N,SBrkr,936,780,0,1716,1,0,2,0,6,1,Fa,9,Typ,0,NA,NA,NA,0,0,N,0,184,0,0,0,0,NA,0,WD,Normal,135900,11.819674600139235,VinylSd,Finished,Siding
50,RL,60.0,11409,NA,Reg,Inside,Edwards,Norm,1Fam,1.5Story,5,4,1949,2008,Gable,None,0.0,TA,Gd,CBlock,TA,TA,No,LwQ,Unf,768,Gd,Y,SBrkr,1148,568,0,1716,0,0,1,1,3,1,TA,8,Atype,1,Gd,Attchd,Unf,1,281,Y,0,0,0,0,160,0,NA,0,WD,Normal,131000,11.782952602183288,Wood,Finished,Siding
60,RL,70.05,16659,NA,IR,Corner,NWAmes,Pos,1Fam,2.0Story,7,7,1977,1994,Gable,BrkFace,34.0,TA,Gd,CBlock,TA,TA,No,ALQ,Unf,795,Fa,Y,SBrkr,1468,795,0,2263,1,0,2,1,3,1,Gd,9,Typ,1,TA,Attchd,Fin,2,539,Y,0,250,0,0,0,0,NA,0,WD,Normal,235000,12.367340793126296,Plywood,Finished,Other
20,RL,80.0,9600,NA,Reg,Inside,NAmes,Norm,1Fam,1.0Story,6,5,1953,1953,Hip,Stone,238.0,TA,Gd,CBlock,TA,TA,No,GLQ,Unf,1416,TA,Y,SBrkr,1644,0,0,1644,1,0,1,0,3,1,TA,7,Typ,2,Gd,Attchd,Fin,2,418,Y,110,0,0,0,0,0,NA,0,WD,Normal,167000,12.025749091398891,HdBoard,Finished,Other
80,RL,37.0,7937,NA,IR,CulDSac,Mitchel,Norm,1Fam,SLvl,6,6,1984,1984,Gable,None,0.0,TA,Gd,CBlock,TA,TA,Av,GLQ,Unf,1003,TA,Y,SBrkr,1003,0,0,1003,1,0,1,0,3,1,TA,6,Typ,0,NA,Detchd,Unf,2,588,Y,120,0,0,0,0,0,Fence,0,WD,Normal,142500,11.867097278690842,HdBoard,Finished,Other
50,RM,75.0,13710,NA,Reg,Inside,IDOTRR,Norm,1Fam,1.5Story,5,5,1950,1950,Gable,None,0.0,TA,Gd,CBlock,TA,TA,No,BLQ,Unf,910,TA,Y,Fuse,910,648,0,1558,0,0,1,1,4,1,TA,6,Typ,0,NA,Attchd,Unf,1,282,Y,289,0,0,0,0,0,Fence,0,WD,Normal,152000,11.931635799828413,Wood,Finished,Siding
60,FV,66.0,7399,Pave,IR,Inside,Somerst,Norm,1Fam,2.0Story,7,5,1997,1998,Hip,BrkFace,1600.0,Gd,Gd,PConc,Gd,TA,No,BLQ,Unf,975,Ex,Y,SBrkr,975,975,0,1950,0,0,2,1,3,1,Gd,7,Typ,1,TA,Detchd,RFn,2,576,Y,0,10,0,0,198,0,NA,0,WD,Normal,239000,12.384218830913648,VinylSd,Finished,Siding
60,RL,90.0,11700,NA,Reg,Inside,NWAmes,Norm,1Fam,2.0Story,6,6,1968,1968,Oth,BrkFace,365.0,Gd,Gd,CBlock,TA,TA,No,ALQ,Rec,702,Gd,Y,SBrkr,1041,702,0,1743,0,1,1,2,3,1,TA,7,Typ,1,Gd,Attchd,Unf,2,539,Y,224,0,0,0,0,0,NA,0,WD,Normal,175000,12.072541252905651,Other,Finished,Shingle
20,RL,80.0,14000,NA,Reg,Inside,Crawfor,Norm,1Fam,1.0Story,6,8,1950,2004,Gable,None,0.0,TA,Gd,CBlock,TA,TA,No,Unf,Unf,1092,Ex,Y,SBrkr,1152,0,0,1152,0,1,1,0,3,1,Gd,6,Typ,1,Gd,Attchd,Unf,1,300,Y,0,36,0,0,0,0,Fence,0,WD,Abnorml,158500,11.973509872299472,HdBoard,Finished,Other
190,RL,90.0,15750,NA,Reg,Corner,Crawfor,Norm,Oth,1.0Story,5,5,1953,1953,Hip,BrkFace,56.0,TA,Gd,CBlock,TA,TA,Mn,BLQ,Unf,1165,TA,Y,SBrkr,1336,0,0,1336,1,0,1,0,2,1,TA,5,Typ,2,Gd,Attchd,Unf,1,375,Y,0,0,0,0,0,0,NA,0,WD,Normal,157000,11.964001084330445,MetalSd,Finished,Siding
60,RL,66.0,16226,NA,IR,Inside,CollgCr,Norm,1Fam,2.0Story,8,5,1998,1999,Gable,None,0.0,Gd,Gd,PConc,Gd,TA,No,GLQ,Unf,1028,Ex,Y,SBrkr,1210,1242,0,2452,0,0,2,1,4,1,Gd,9,Typ,1,TA,Attchd,Fin,2,683,Y,208,50,0,0,0,0,NA,0,WD,Normal,267000,12.495003937382387,VinylSd,Finished,Siding
20,RL,118.0,13704,NA,IR,Corner,CollgCr,Norm,1Fam,1.0Story,7,5,2001,2002,Gable,BrkFace,150.0,Gd,Gd,PConc,Gd,TA,No,Unf,Unf,1541,Ex,Y,SBrkr,1541,0,0,1541,0,0,2,0,3,1,Gd,6,Typ,1,TA,Attchd,RFn,3,843,Y,468,81,0,0,0,0,NA,0,WD,Normal,205000,12.230765258120545,VinylSd,Finished,Siding
20,RL,70.0,9800,NA,Reg,Corner,CollgCr,Norm,1Fam,1.0Story,5,7,1972,1972,Gable,None,0.0,TA,Gd,PConc,TA,TA,No,ALQ,Unf,894,TA,Y,SBrkr,894,0,0,894,1,0,1,0,3,1,TA,5,Typ,0,NA,Attchd,Unf,2,552,Y,256,0,0,0,0,0,Fence,0,WD,Abnorml,149900,11.917723684090689,VinylSd,Finished,Siding
75,RM,87.0,18386,NA,Reg,Inside,OldTown,Norm,1Fam,2.5Story,7,9,1880,2002,Gable,None,0.0,TA,Gd,BrkTil,TA,TA,No,Unf,Unf,1470,Ex,Y,SBrkr,1675,1818,0,3493,0,0,3,0,3,1,Gd,10,Typ,1,Gd,Attchd,Unf,3,870,Y,302,0,0,0,0,0,NA,0,WD,Normal,295000,12.594730635321957,Other,Finished,Other
20,RL,80.0,10386,NA,Reg,Inside,CollgCr,Norm,1Fam,1.0Story,8,5,2004,2005,Gable,Stone,246.0,Gd,Gd,PConc,Gd,TA,No,GLQ,Unf,2000,Ex,Y,SBrkr,2000,0,0,2000,1,0,2,0,3,1,Gd,8,Typ,0,NA,Attchd,Fin,3,888,Y,168,0,0,0,0,0,NA,0,WD,Normal,305900,12.631013530138995,Other,Finished,Other
60,RL,116.0,13474,NA,Reg,Inside,SawyerW,Feedr,1Fam,2.0Story,7,5,1990,1991,Gable,BrkFace,246.0,Gd,Gd,CBlock,Gd,TA,No,ALQ,Unf,700,Gd,Y,SBrkr,1122,1121,0,2243,1,0,2,1,4,1,Gd,8,Typ,1,TA,Attchd,RFn,3,746,Y,127,44,224,0,0,0,NA,0,WD,Normal,225000,12.323855681186558,Plywood,Finished,Other
50,RM,70.05,7920,Grvl,IR,Inside,IDOTRR,Artery,1Fam,1.5Story,6,7,1920,1950,Gable,None,0.0,TA,Fa,CBlock,TA,TA,No,Unf,Unf,319,TA,Y,Fuse,1035,371,0,1406,0,0,1,0,3,1,Fa,6,Typ,0,NA,NA,NA,0,0,N,0,144,0,0,0,0,Fence,0,WD,Normal,89500,11.401993904262946,MetalSd,Finished,Siding
30,RL,70.05,12342,NA,IR,Inside,Edwards,Norm,1Fam,1.0Story,4,5,1940,1950,Gable,None,0.0,TA,Gd,CBlock,TA,TA,No,BLQ,Unf,861,Ex,Y,SBrkr,861,0,0,861,0,0,1,0,1,1,TA,4,Typ,0,NA,Detchd,Unf,2,539,Y,158,0,0,0,0,0,NA,0,WD,Normal,82500,11.320553572322773,VinylSd,Finished,Siding
20,RL,90.0,12378,NA,IR,Inside,NridgHt,Norm,1Fam,1.0Story,9,5,2003,2004,Gable,None,0.0,Gd,Gd,PConc,Ex,TA,Gd,GLQ,Unf,1896,Ex,Y,SBrkr,1944,0,0,1944,1,0,2,0,3,1,Ex,8,Typ,3,Gd,Attchd,Fin,3,708,Y,208,175,0,0,0,0,NA,0,WD,Normal,360000,12.793859310432293,VinylSd,Finished,Siding
60,RL,70.05,7685,NA,IR,Inside,Gilbert,Norm,1Fam,2.0Story,6,5,1993,1994,Gable,BrkFace,112.0,TA,Gd,PConc,Gd,TA,No,ALQ,Unf,697,Gd,Y,SBrkr,697,804,0,1501,0,0,2,1,3,1,Gd,6,Typ,1,TA,Attchd,Fin,2,420,Y,190,63,0,0,0,0,NA,0,WD,Normal,165600,12.017330520933296,HdBoard,Finished,Other
20,RL,50.0,8000,NA,Reg,Inside,NAmes,Norm,1Fam,1.0Story,6,6,1948,2002,Gable,None,0.0,TA,Gd,CBlock,TA,TA,No,ALQ,Unf,972,Ex,Y,SBrkr,972,0,0,972,1,0,1,0,2,1,TA,5,Typ,1,Gd,Detchd,Unf,1,240,Y,0,0,0,0,0,0,NA,0,WD,Normal,132000,11.790557201568507,VinylSd,Finished,Siding
190,RM,65.0,7800,NA,Reg,Inside,OldTown,Artery,Oth,1.5Story,5,7,1939,1950,Gable,None,0.0,TA,Gd,CBlock,Gd,TA,Mn,Rec,Unf,793,TA,Y,SBrkr,793,325,0,1118,1,0,1,0,3,1,TA,5,Typ,1,Gd,Detchd,Unf,2,410,Y,0,0,0,0,271,0,Fence,0,WD,Normal,119900,11.694413341015606,MetalSd,Finished,Siding
20,RL,150.0,215245,NA,IR,Inside,Timber,Norm,1Fam,1.0Story,7,5,1965,1965,Hip,None,0.0,TA,Gd,CBlock,Gd,TA,Gd,ALQ,Rec,2136,TA,Y,SBrkr,2036,0,0,2036,2,0,2,0,3,1,TA,8,Typ,2,Gd,Attchd,RFn,2,513,Y,0,0,0,0,0,0,NA,0,WD,Normal,375000,12.834681304952548,Other,Finished,Other
70,RM,60.0,9600,Grvl,Reg,Inside,OldTown,Norm,1Fam,2.0Story,7,7,1925,1990,Gable,None,0.0,TA,Gd,BrkTil,TA,Gd,No,LwQ,Unf,728,Ex,Y,SBrkr,832,809,0,1641,0,1,1,1,3,1,Ex,6,Typ,1,Gd,Detchd,Unf,2,546,Y,0,0,234,0,0,0,NA,0,WD,Normal,178000,12.089538829274222,Wood,Finished,Siding
60,RL,71.0,7795,NA,IR,Inside,Gilbert,Norm,1Fam,2.0Story,7,5,2004,2005,Gable,None,0.0,Gd,Gd,PConc,Gd,TA,No,GLQ,Unf,716,Ex,Y,SBrkr,716,716,0,1432,1,0,2,1,3,1,Gd,6,Typ,1,Gd,Attchd,Fin,2,432,Y,100,51,0,0,0,0,NA,0,WD,Normal,188500,12.146853285870202,VinylSd,Finished,Siding
60,RL,94.0,13005,NA,IR,Corner,NWAmes,Norm,1Fam,2.0Story,7,7,1980,1980,Gable,BrkFace,278.0,Gd,Gd,CBlock,Gd,TA,No,GLQ,Unf,845,TA,Y,SBrkr,1153,1200,0,2353,1,0,2,1,4,1,Ex,10,Typ,1,TA,Attchd,RFn,2,484,Y,288,195,0,0,0,0,Fence,0,WD,Normal,260000,12.468436909997665,Other,Finished,Other
60,FV,75.0,9000,NA,Reg,Inside,Somerst,Norm,1Fam,2.0Story,8,5,2006,2006,Gable,None,0.0,Gd,Gd,PConc,Gd,TA,Av,Unf,Unf,1088,Ex,Y,SBrkr,1088,871,0,1959,0,0,2,1,3,1,Gd,8,Typ,1,Gd,Attchd,RFn,3,1025,Y,208,46,0,0,0,0,NA,0,WD,Normal,270000,12.506177237980511,VinylSd,Finished,Siding
60,RL,90.0,9900,NA,Reg,Inside,NoRidge,Norm,1Fam,2.0Story,7,5,1993,1993,Gable,BrkFace,256.0,Gd,Gd,PConc,Gd,TA,Gd,GLQ,Unf,1347,Ex,Y,SBrkr,1372,1274,0,2646,1,0,2,1,4,1,Gd,9,Typ,1,TA,Attchd,RFn,3,656,Y,340,60,144,0,0,0,NA,0,WD,Normal,260000,12.468436909997665,HdBoard,Finished,Other
80,RL,70.05,14115,NA,Reg,Inside,NWAmes,Norm,1Fam,SLvl,7,5,1980,1980,Gable,BrkFace,225.0,TA,Gd,CBlock,Gd,TA,Av,GLQ,Unf,1372,TA,Y,SBrkr,1472,0,0,1472,1,0,2,0,3,1,TA,6,Typ,2,TA,Attchd,Unf,2,588,Y,233,48,0,0,0,0,NA,0,WD,Normal,187500,12.141534124392603,Plywood,Finished,Other
60,RL,111.0,16259,NA,Reg,Corner,NridgHt,Norm,1Fam,2.0Story,9,5,2006,2006,Gable,Stone,370.0,TA,Gd,PConc,Ex,Gd,Av,Unf,Unf,1249,Ex,Y,SBrkr,1249,1347,0,2596,0,0,3,1,4,1,Gd,9,Typ,0,NA,Attchd,RFn,3,840,Y,240,154,0,0,0,0,NA,0,Oth,Partial,342643,12.7444443677961,VinylSd,Finished,Siding
60,RL,99.0,12099,NA,IR,Inside,NridgHt,Norm,1Fam,2.0Story,8,5,2004,2004,Gable,BrkFace,388.0,Gd,Gd,PConc,Ex,TA,Av,GLQ,Unf,1136,Ex,Y,SBrkr,1136,1332,0,2468,1,0,2,1,4,1,Gd,10,Typ,1,Gd,Attchd,Fin,3,872,Y,184,154,0,0,0,0,NA,0,WD,Normal,354000,12.777052192115912,VinylSd,Finished,Siding
60,RL,86.0,10380,NA,IR,Inside,SawyerW,Norm,1Fam,2.0Story,7,5,1986,1987,Gable,BrkFace,172.0,Gd,Gd,CBlock,TA,TA,Gd,LwQ,ALQ,1502,Ex,Y,SBrkr,1553,1177,0,2730,1,0,2,1,4,1,Gd,8,Typ,1,TA,Attchd,Fin,2,576,Y,201,96,0,0,0,0,Fence,0,WD,Normal,301000,12.614865543731012,Plywood,Finished,Other
20,RM,49.0,5820,NA,Reg,Inside,OldTown,Norm,1Fam,1.0Story,3,8,1955,2005,Gable,None,0.0,TA,Gd,CBlock,TA,TA,No,ALQ,Unf,1162,Ex,Y,SBrkr,1163,0,0,1163,1,0,1,0,3,1,TA,6,Typ,0,NA,Attchd,Unf,1,220,Y,142,98,0,0,0,0,NA,0,WD,Normal,126175,11.745425111208464,VinylSd,Finished,Siding
80,RL,96.0,11275,NA,Reg,Corner,NAmes,Pos,1Fam,SLvl,7,7,1967,2007,Oth,BrkFace,300.0,Gd,Gd,CBlock,Gd,TA,No,Unf,Unf,710,Ex,Y,SBrkr,1898,1080,0,2978,0,0,2,1,5,1,Gd,11,Typ,1,Gd,Attchd,Fin,2,564,Y,240,0,0,0,0,0,NA,0,WD,Normal,242000,12.396693005138824,Wood,Finished,Siding
45,RM,50.0,5000,NA,Reg,Inside,IDOTRR,NRR,1Fam,1.5Story,5,6,1941,1950,Gable,None,0.0,TA,Gd,CBlock,TA,TA,Av,BLQ,Unf,720,Fa,N,Fuse,803,0,0,803,0,0,1,0,2,1,TA,5,Typ,0,NA,Detchd,Unf,2,360,Y,0,0,244,0,0,0,NA,0,WD,Normal,87000,11.37366339763672,MetalSd,Unfinished,Siding
120,RL,32.0,10846,NA,IR,CulDSac,Veenker,Norm,Twnhs,1.0Story,8,5,1993,1993,Gable,None,0.0,Gd,Gd,PConc,Gd,TA,Gd,GLQ,Unf,1719,Ex,Y,SBrkr,1719,0,0,1719,2,0,1,1,1,1,Gd,6,Typ,2,Gd,Attchd,Fin,2,473,Y,122,30,0,0,0,0,NA,0,Oth,Normal,324000,12.688498794774466,Other,Finished,Other
20,RL,80.0,11600,NA,Reg,Inside,NAmes,Norm,1Fam,1.0Story,6,5,1960,1960,Hip,BrkFace,175.0,TA,Gd,CBlock,TA,TA,No,Rec,Unf,1383,TA,Y,SBrkr,1383,0,0,1383,0,0,1,1,3,1,TA,7,Typ,0,NA,Attchd,RFn,1,292,Y,0,45,0,0,0,0,NA,0,WD,Normal,145250,11.886211674714158,Wood,Finished,Siding
75,RL,70.05,11888,Pave,IR,Inside,BrkSide,Pos,1Fam,2.5Story,6,6,1916,1994,Gable,None,0.0,TA,Gd,BrkTil,TA,TA,No,Unf,Unf,844,Gd,N,Fuse,1445,689,0,2134,0,0,2,0,5,1,Gd,10,Typ,0,NA,Detchd,Unf,2,441,Y,0,60,268,0,0,0,NA,0,WD,Normal,214500,12.27606501735021,Wood,Unfinished,Shingle
70,RM,60.0,6402,NA,Reg,Corner,IDOTRR,Norm,1Fam,2.0Story,5,5,1920,1950,Gable,None,0.0,TA,Gd,PConc,TA,TA,Mn,Unf,Unf,596,TA,N,SBrkr,596,596,0,1192,0,0,1,0,3,1,TA,6,Typ,0,NA,Detchd,Unf,1,189,N,0,0,137,0,0,0,Fence,0,WD,Normal,78000,11.26446410567173,Wood,Finished,Shingle
90,RL,70.05,10624,NA,IR,Inside,NAmes,Norm,Oth,1.0Story,5,4,1964,1964,Gable,BrkFace,84.0,TA,Gd,CBlock,TA,TA,No,GLQ,Rec,1728,TA,Y,SBrkr,1728,0,0,1728,0,1,2,0,6,2,TA,10,Typ,0,NA,Detchd,Unf,1,352,Y,155,0,0,0,0,0,NA,0,WD,Normal,119000,11.686878772093667,HdBoard,Finished,Other
20,RL,70.0,8176,NA,Reg,Inside,NAmes,Norm,1Fam,1.0Story,5,6,1958,1992,Gable,None,0.0,TA,Gd,CBlock,TA,TA,No,Rec,Unf,1056,Fa,Y,SBrkr,1056,0,0,1056,1,0,1,0,3,1,TA,6,Typ,0,NA,Attchd,RFn,1,308,Y,0,0,0,0,0,0,NA,0,WD,Normal,139000,11.842229212112828,Wood,Finished,Siding
20,RL,85.0,10655,NA,IR,Inside,NridgHt,Norm,1Fam,1.0Story,8,5,2003,2004,Gable,BrkFace,296.0,Gd,Gd,PConc,Gd,TA,No,GLQ,Unf,3206,Ex,Y,SBrkr,1629,0,0,1629,1,0,2,0,3,1,Gd,7,Typ,1,Gd,Attchd,RFn,3,880,Y,0,0,0,0,0,0,NA,0,WD,Normal,284000,12.556729517143344,VinylSd,Finished,Siding
120,RM,59.0,8198,NA,Reg,FR3,NridgHt,Norm,Twnhs,1.0Story,7,5,2004,2004,Gable,Stone,146.0,Gd,Gd,PConc,Gd,TA,Av,GLQ,Unf,1358,Ex,Y,SBrkr,1358,0,0,1358,1,0,2,0,2,1,Gd,6,Typ,1,Gd,Attchd,RFn,2,484,Y,192,30,0,0,0,0,NA,0,WD,Normal,207000,12.240474072247506,VinylSd,Finished,Siding
60,RL,59.0,9042,NA,IR,Inside,Gilbert,Norm,1Fam,2.0Story,6,5,1998,1998,Gable,None,0.0,TA,Gd,PConc,Gd,TA,Gd,GLQ,Unf,943,Gd,Y,SBrkr,943,695,0,1638,1,0,2,1,3,1,TA,7,Typ,2,TA,Attchd,Fin,2,472,Y,100,38,0,0,0,0,NA,0,WD,Normal,192000,12.165250651009918,VinylSd,Finished,Siding
190,RL,70.05,164660,NA,IR,Corner,Timber,Norm,Oth,1.5Story,5,6,1965,1965,Gable,None,0.0,TA,Gd,CBlock,TA,TA,Gd,ALQ,BLQ,1499,Ex,Y,SBrkr,1619,167,0,1786,2,0,2,0,3,1,TA,7,Typ,2,Gd,Attchd,Fin,2,529,Y,670,0,0,0,0,0,NA,700,WD,Normal,228950,12.341258918085241,Plywood,Finished,Other
20,RL,86.0,14157,NA,IR,Corner,StoneBr,Norm,1Fam,1.0Story,9,5,2005,2006,Hip,Stone,200.0,Gd,Gd,PConc,Ex,TA,Gd,GLQ,Unf,1922,Ex,Y,SBrkr,1922,0,0,1922,1,0,2,0,3,1,Gd,8,Typ,1,Gd,Attchd,Fin,3,676,Y,178,51,0,0,0,0,NA,0,WD,Normal,377426,12.841129801965447,VinylSd,Finished,Siding
20,RL,70.0,9135,NA,Reg,Inside,CollgCr,Norm,1Fam,1.0Story,7,5,2002,2003,Gable,BrkFace,113.0,Gd,Gd,PConc,Gd,TA,Av,GLQ,Unf,1536,Ex,Y,SBrkr,1536,0,0,1536,1,0,2,0,3,1,Gd,7,Typ,0,NA,Attchd,RFn,2,532,Y,192,74,0,0,0,0,NA,0,WD,Normal,214000,12.273731294003989,VinylSd,Finished,Siding
20,RL,91.0,14145,NA,Reg,Corner,NWAmes,Norm,1Fam,1.0Story,7,7,1984,1998,Gable,None,0.0,Gd,Gd,CBlock,Gd,TA,Mn,ALQ,Unf,1208,Ex,Y,SBrkr,1621,0,0,1621,1,0,2,0,3,1,Gd,8,Typ,0,NA,Attchd,RFn,2,440,Y,108,45,0,0,0,0,NA,400,WD,Normal,202500,12.218495165528731,Wood,Finished,Siding
20,RL,66.0,12400,NA,IR,Inside,NAmes,Feedr,1Fam,1.0Story,6,7,1958,1998,Hip,BrkFace,176.0,TA,Gd,CBlock,TA,Fa,No,Rec,Unf,1215,TA,Y,Fuse,1215,0,0,1215,0,0,1,0,3,1,TA,6,Typ,0,NA,Attchd,Unf,1,297,Y,0,0,0,0,234,0,NA,0,WD,Normal,155000,11.951180395901384,Wood,Finished,Siding
60,RL,85.0,14191,NA,Reg,Inside,Timber,Norm,1Fam,2.0Story,8,5,2002,2002,Gable,None,0.0,Gd,Gd,PConc,Gd,TA,No,Unf,Unf,967,Ex,Y,SBrkr,993,915,0,1908,0,0,2,1,4,1,Gd,9,Typ,0,NA,Attchd,Fin,2,431,Y,135,0,0,0,0,0,NA,0,WD,Normal,202900,12.220468525813907,VinylSd,Finished,Siding
20,RH,60.0,8400,NA,Reg,Inside,SawyerW,Feedr,1Fam,1.0Story,4,4,1950,1950,Gable,None,0.0,Fa,Fa,CBlock,TA,Fa,No,Unf,Unf,721,Gd,Y,SBrkr,841,0,0,841,0,0,1,0,2,1,TA,4,Typ,0,NA,Detchd,Unf,1,294,N,250,0,24,0,0,0,NA,0,WD,Normal,82000,11.314474526246391,Other,Finished,Shingle
90,RL,70.05,8544,NA,Reg,Inside,NAmes,Norm,Oth,1.0Story,3,4,1949,1950,Gable,BrkFace,340.0,TA,Gd,Oth,NA,NA,No,NA,NA,0,Fa,N,Fuse,1040,0,0,1040,0,0,2,0,2,2,TA,6,Typ,0,NA,Detchd,Unf,2,400,Y,0,0,0,0,0,0,NA,0,WD,Normal,87500,11.379394072345706,Stucco,Finished,Other
120,RL,63.0,8849,NA,IR,Inside,NridgHt,Norm,Twnhs,1.0Story,9,5,2005,2005,Hip,BrkFace,616.0,Ex,Gd,PConc,Ex,TA,No,GLQ,Unf,1684,Ex,Y,SBrkr,1684,0,0,1684,0,0,2,0,2,1,Ex,6,Typ,1,Gd,Attchd,RFn,2,564,Y,495,72,0,0,0,0,NA,0,WD,Normal,266000,12.491251587763836,MetalSd,Finished,Siding
160,RM,36.0,2592,NA,Reg,Inside,MeadowV,Norm,Twnhs,2.0Story,5,3,1976,1976,Gable,None,0.0,TA,Gd,CBlock,Gd,TA,No,Rec,BLQ,536,TA,Y,SBrkr,536,576,0,1112,0,0,1,1,3,1,TA,4,Typ,0,NA,Attchd,Unf,1,336,Y,182,0,0,0,0,0,NA,0,WD,Normal,85000,11.350406535472453,Other,Finished,Other
50,RL,65.0,6435,NA,Reg,Inside,BrkSide,NRR,1Fam,1.5Story,6,5,1939,1950,Gable,None,0.0,TA,Gd,BrkTil,TA,TA,No,Unf,Unf,972,Gd,Y,SBrkr,972,605,0,1577,0,0,1,0,3,1,Fa,6,Typ,1,Gd,Detchd,Unf,1,312,Y,0,0,0,0,0,0,NA,0,WD,Normal,140200,11.850825253582627,MetalSd,Finished,Siding
20,RL,70.05,12772,NA,IR,CulDSac,NAmes,Norm,1Fam,1.0Story,6,8,1960,1998,Hip,None,0.0,TA,Gd,CBlock,TA,TA,Mn,BLQ,Unf,958,TA,Y,SBrkr,958,0,0,958,0,0,1,0,2,1,TA,5,Typ,0,NA,Attchd,RFn,1,301,Y,0,0,0,0,0,0,NA,15500,WD,Normal,151500,11.928340903931561,MetalSd,Finished,Siding
20,RL,70.05,17600,NA,IR,Inside,NAmes,Norm,1Fam,1.0Story,6,5,1960,1960,Gable,BrkFace,30.0,TA,Gd,CBlock,TA,TA,No,BLQ,Unf,1478,Ex,Y,Fuse,1478,0,0,1478,1,0,2,0,3,1,TA,6,Typ,2,Gd,Attchd,Unf,2,498,Y,0,40,0,0,0,0,NA,0,WD,Normal,157500,11.967180737247824,Wood,Finished,Siding
160,RL,36.0,2448,NA,Reg,Inside,NridgHt,Norm,Twnhs,2.0Story,7,5,2003,2004,Gable,Stone,106.0,Gd,Gd,PConc,Gd,TA,No,GLQ,Unf,764,Ex,Y,SBrkr,764,862,0,1626,1,0,2,1,2,1,Gd,6,Typ,0,NA,Attchd,RFn,2,474,Y,0,27,0,0,0,0,NA,0,WD,Normal,154000,11.944707881395766,Wood,Finished,Shingle
60,RL,56.0,20431,NA,IR,Inside,NridgHt,Norm,1Fam,2.0Story,9,5,2005,2006,Hip,BrkFace,870.0,Ex,Gd,PConc,Ex,TA,No,GLQ,Unf,1848,Ex,Y,SBrkr,1848,880,0,2728,1,0,2,1,4,1,Ex,10,Typ,2,Gd,Attchd,Fin,3,706,Y,0,0,0,0,0,0,NA,0,Oth,Partial,437154,12.988040814744458,Other,Finished,Other
120,RL,68.0,7820,NA,IR,Inside,NridgHt,Norm,Twnhs,1.0Story,9,5,2007,2007,Hip,BrkFace,362.0,Ex,Gd,PConc,Ex,TA,No,Unf,Unf,1869,Ex,Y,SBrkr,1869,0,0,1869,0,0,2,0,2,1,Ex,6,Typ,1,Gd,Attchd,RFn,2,617,Y,210,54,0,0,0,0,NA,0,Oth,Partial,318061,12.669998467265833,MetalSd,Finished,Siding
120,RL,70.05,5271,NA,IR,Inside,ClearCr,Norm,1Fam,1.0Story,7,5,1986,1986,Gable,None,0.0,TA,Gd,PConc,Gd,TA,Gd,GLQ,Unf,1453,Gd,Y,SBrkr,1453,0,0,1453,1,0,1,1,2,1,Gd,6,Typ,1,TA,Attchd,RFn,2,445,Y,0,80,0,0,184,0,NA,0,WD,Abnorml,190000,12.154779351142624,Wood,Finished,Siding
50,RL,60.0,9084,NA,Reg,Inside,Edwards,Artery,1Fam,1.5Story,5,6,1941,1950,Gable,None,0.0,TA,Gd,CBlock,TA,Fa,Mn,LwQ,Rec,616,TA,N,SBrkr,616,495,0,1111,0,1,1,0,3,1,TA,5,Typ,0,NA,Detchd,Unf,1,200,Y,48,0,0,0,0,0,NA,0,Oth,Normal,95000,11.461632170582678,VinylSd,Finished,Siding
30,RM,60.0,8520,NA,Reg,Inside,OldTown,Norm,1Fam,1.0Story,6,8,1928,2003,Gable,None,0.0,TA,Gd,BrkTil,TA,TA,No,Unf,Unf,624,Gd,Y,SBrkr,720,0,0,720,0,0,1,0,2,1,TA,5,Typ,0,NA,Detchd,Unf,2,484,Y,106,0,0,0,0,0,NA,0,WD,Normal,105900,11.570250531589497,VinylSd,Finished,Siding
50,RL,60.0,8400,NA,Reg,Inside,SWISU,Norm,1Fam,1.5Story,6,5,1940,2000,Gable,None,0.0,TA,Gd,CBlock,TA,TA,No,LwQ,Unf,940,Ex,Y,SBrkr,1192,403,0,1595,0,0,1,0,2,1,TA,6,Typ,2,Gd,Attchd,Unf,1,240,Y,0,0,108,0,0,0,NA,0,WD,Normal,140000,11.84939770159144,MetalSd,Finished,Siding
20,RL,105.0,11249,NA,IR,Inside,CollgCr,Norm,1Fam,1.0Story,6,5,1995,1995,Gable,None,0.0,Gd,Gd,PConc,Gd,Gd,No,ALQ,BLQ,1200,Ex,Y,SBrkr,1200,0,0,1200,1,0,2,0,3,1,Gd,6,Typ,0,NA,Attchd,RFn,2,521,Y,0,26,0,0,0,0,NA,0,WD,Normal,177500,12.086725887897607,VinylSd,Finished,Siding
20,RL,70.05,9248,NA,IR,Inside,Gilbert,Norm,1Fam,1.0Story,6,6,1992,1992,Gable,BrkFace,106.0,TA,Gd,PConc,Gd,TA,No,GLQ,Unf,1158,Gd,Y,SBrkr,1167,0,0,1167,1,0,2,0,3,1,Gd,6,Typ,0,NA,Attchd,RFn,2,400,Y,120,26,0,0,0,0,NA,0,WD,Normal,173000,12.061046873479915,HdBoard,Finished,Other
120,RM,44.0,4224,NA,Reg,Inside,MeadowV,Norm,Twnhs,1.0Story,5,5,1976,1976,Gable,None,0.0,TA,Gd,PConc,Gd,TA,No,ALQ,Unf,1142,TA,Y,SBrkr,1142,0,0,1142,1,0,1,1,3,1,TA,6,Typ,1,Po,Attchd,Fin,2,528,Y,536,90,0,0,0,0,Fence,0,WD,Normal,134000,11.805595078933049,Other,Finished,Other
80,RL,92.0,6930,NA,IR,Inside,ClearCr,Norm,1Fam,SLvl,5,4,1958,1958,Hip,BrkFace,120.0,TA,Gd,CBlock,TA,TA,Av,BLQ,Rec,1062,Ex,Y,Fuse,1352,0,0,1352,0,1,1,0,3,1,Gd,6,Atype,0,NA,Attchd,Unf,1,288,Y,168,0,294,0,0,0,NA,0,WD,Abnorml,130000,11.77528972943772,Stucco,Finished,Other
60,RL,78.0,12011,NA,IR,CulDSac,NoRidge,Norm,1Fam,2.0Story,8,5,1998,1998,Gable,BrkFace,530.0,Gd,Gd,PConc,Gd,TA,Av,GLQ,Unf,1086,Ex,Y,SBrkr,1086,838,0,1924,1,0,2,1,3,1,Gd,7,Typ,1,TA,Attchd,RFn,2,592,Y,208,75,0,0,374,0,NA,0,WD,Normal,280000,12.542544882151386,VinylSd,Finished,Siding
85,RL,70.05,7540,NA,IR,CulDSac,Mitchel,Norm,1Fam,SFoyer,6,6,1978,1978,Gable,None,0.0,TA,Gd,CBlock,Gd,TA,Av,GLQ,Unf,888,Ex,Y,SBrkr,912,0,0,912,1,0,1,0,2,1,TA,5,Typ,1,TA,Attchd,RFn,2,470,Y,0,0,0,0,192,0,Fence,0,WD,Normal,156000,11.957611286231675,VinylSd,Finished,Siding
50,RL,70.05,9144,Pave,Reg,Inside,BrkSide,Norm,1Fam,1.5Story,5,5,1940,1982,Gable,None,0.0,TA,Gd,CBlock,TA,TA,No,Rec,Unf,883,Gd,Y,SBrkr,988,517,0,1505,1,0,1,0,3,1,TA,8,Typ,0,NA,Detchd,Unf,1,240,N,0,0,0,0,0,0,NA,0,WD,Normal,145000,11.884489021402711,MetalSd,Finished,Siding
85,RL,64.0,7301,NA,Reg,Corner,Edwards,Norm,1Fam,SFoyer,7,5,2003,2003,Gable,BrkFace,500.0,Gd,Gd,Oth,NA,NA,No,NA,NA,0,Ex,Y,SBrkr,495,1427,0,1922,0,0,3,0,4,1,Gd,7,Typ,1,Gd,Attchd,RFn,2,672,Y,0,0,177,0,0,0,NA,0,Oth,Normal,198500,12.198544379109382,HdBoard,Finished,Other
160,RM,21.0,1680,NA,Reg,Inside,BrDale,Norm,Twnhs,2.0Story,6,8,1972,2007,Gable,BrkFace,510.0,TA,Gd,CBlock,TA,TA,No,ALQ,Unf,483,Gd,Y,SBrkr,483,504,0,987,0,0,1,1,2,1,Gd,5,Typ,0,NA,Detchd,Unf,1,264,Y,250,0,0,0,0,0,NA,0,WD,Normal,118000,11.678439903447801,HdBoard,Finished,Other
60,RL,70.05,18800,NA,IR,FR2,NWAmes,Norm,1Fam,2.0Story,6,5,1976,1976,Gable,BrkFace,120.0,TA,Gd,PConc,Gd,TA,Mn,GLQ,Unf,796,TA,Y,SBrkr,790,784,0,1574,1,0,2,1,3,1,TA,6,Typ,1,TA,Attchd,Fin,2,566,Y,306,111,0,0,0,0,NA,0,WD,Normal,190000,12.154779351142624,HdBoard,Finished,Other
70,RM,59.0,10690,NA,Reg,Inside,IDOTRR,Norm,1Fam,2.0Story,5,7,1920,1997,Hip,None,0.0,TA,Gd,CBlock,TA,Fa,No,Rec,Unf,672,Gd,Y,Fuse,672,672,0,1344,0,0,1,0,3,1,TA,6,Typ,0,NA,Detchd,Unf,1,468,Y,0,128,218,0,0,0,NA,0,WD,Normal,147000,11.898187865760873,VinylSd,Finished,Siding
20,RL,70.05,9500,NA,IR,Inside,NAmes,Norm,1Fam,1.0Story,6,5,1963,1963,Gable,BrkFace,247.0,TA,Gd,CBlock,Gd,TA,No,BLQ,Unf,1394,Gd,Y,SBrkr,1394,0,0,1394,1,0,1,1,3,1,TA,6,Typ,2,Gd,Attchd,RFn,2,514,Y,0,76,0,0,185,0,NA,0,WD,Normal,159000,11.976659481202368,Plywood,Finished,Other
80,RL,101.0,9150,NA,IR,Corner,NAmes,Norm,1Fam,SLvl,6,5,1962,1962,Gable,BrkFace,305.0,TA,Gd,CBlock,Gd,TA,Gd,GLQ,Unf,1099,Gd,Y,SBrkr,1431,0,0,1431,0,1,1,0,3,1,TA,6,Typ,1,Gd,Attchd,RFn,1,296,Y,64,110,0,0,0,0,NA,0,WD,Normal,165000,12.013700752882718,Plywood,Finished,Other
20,RL,78.0,7800,NA,Reg,Inside,NAmes,Norm,1Fam,1.0Story,5,6,1954,1954,Gable,BrkFace,200.0,TA,Gd,PConc,TA,TA,No,LwQ,Unf,1268,Gd,Y,SBrkr,1268,0,0,1268,0,0,1,0,2,1,TA,7,Typ,1,Gd,Attchd,Fin,1,244,Y,0,98,0,0,0,0,NA,0,WD,Normal,132000,11.790557201568507,HdBoard,Finished,Other
20,RL,70.05,9830,NA,IR,Corner,NAmes,Norm,1Fam,1.0Story,5,7,1959,2006,Gable,None,0.0,TA,Gd,CBlock,TA,TA,No,ALQ,Rec,1063,Ex,Y,SBrkr,1287,0,0,1287,1,0,1,0,3,1,Gd,7,Typ,1,Gd,Detchd,Fin,2,576,Y,364,17,0,0,182,0,NA,0,WD,Normal,162000,11.99535161421452,Wood,Finished,Siding
60,RL,70.05,8121,NA,IR,Inside,Gilbert,Norm,1Fam,2.0Story,6,5,2000,2000,Gable,None,0.0,TA,Gd,PConc,Gd,TA,No,Unf,Unf,953,Ex,Y,SBrkr,953,711,0,1664,0,0,2,1,3,1,TA,7,Typ,1,TA,Attchd,RFn,2,460,Y,100,40,0,0,0,0,NA,0,WD,Normal,172400,12.05757263721173,VinylSd,Finished,Siding
50,RL,80.0,17120,NA,Reg,Inside,ClearCr,Feedr,1Fam,1.5Story,4,4,1959,1959,Gable,None,0.0,TA,Gd,CBlock,NA,NA,No,NA,NA,0,TA,Y,SBrkr,1120,468,0,1588,0,0,2,0,4,1,TA,7,Atype,1,Gd,Detchd,Fin,2,680,N,0,59,0,0,0,0,NA,0,WD,Normal,134432,11.808813773969108,Plywood,Finished,Other
120,RL,50.0,7175,NA,Reg,Inside,SawyerW,Norm,Twnhs,1.0Story,6,5,1984,1984,Gable,None,0.0,TA,Gd,CBlock,Gd,TA,No,ALQ,LwQ,744,TA,Y,SBrkr,752,0,0,752,1,0,1,0,2,1,TA,4,Typ,0,NA,Attchd,Unf,1,264,Y,353,0,0,0,90,0,Fence,0,WD,Normal,125000,11.736069016284437,Plywood,Finished,Other
20,RL,79.0,10634,NA,Reg,Inside,NAmes,Norm,1Fam,1.0Story,5,6,1953,1953,Gable,None,0.0,TA,Gd,PConc,TA,TA,No,BLQ,LwQ,608,TA,Y,SBrkr,1319,0,0,1319,1,0,1,0,3,1,TA,5,Atype,0,NA,Attchd,Unf,1,270,Y,66,0,0,0,0,0,Fence,0,WD,Normal,123000,11.719939634354555,MetalSd,Finished,Siding
60,RL,65.0,8200,NA,Reg,Inside,CollgCr,Norm,1Fam,2.0Story,7,5,2003,2004,Gable,None,0.0,Gd,Gd,PConc,Gd,TA,No,Unf,Unf,847,Ex,Y,SBrkr,847,1081,0,1928,0,0,2,1,4,1,Gd,8,Typ,1,Gd,Attchd,Fin,2,434,Y,100,48,0,0,0,0,NA,0,WD,Normal,219500,12.299107511497363,VinylSd,Finished,Siding
30,RL,70.05,10020,NA,IR,Inside,Edwards,Norm,1Fam,1.0Story,1,1,1922,1950,Gable,None,0.0,Fa,Fa,BrkTil,Fa,Po,Gd,BLQ,Unf,683,Gd,N,Fuse,904,0,0,904,1,0,0,1,1,1,Fa,4,Atype,0,NA,NA,NA,0,0,Y,0,0,0,0,0,0,NA,0,WD,Normal,61000,11.018629143155449,Wood,Finished,Siding
85,RL,57.0,8846,NA,IR,CulDSac,CollgCr,Norm,1Fam,SFoyer,5,5,1996,1996,Gable,None,0.0,Gd,Gd,PConc,Gd,TA,Av,GLQ,Unf,870,Ex,Y,SBrkr,914,0,0,914,0,0,1,0,2,1,TA,5,Typ,0,NA,Detchd,Unf,2,576,Y,0,0,0,0,0,0,NA,0,WD,Normal,148000,11.904967552746252,VinylSd,Finished,Siding
60,FV,102.0,11143,NA,IR,Corner,Somerst,Norm,1Fam,2.0Story,8,5,2004,2005,Gable,None,0.0,Gd,Gd,PConc,Gd,TA,No,Unf,Unf,1580,Ex,Y,SBrkr,1580,886,0,2466,0,0,3,0,4,1,Gd,8,Typ,1,Gd,Attchd,RFn,2,610,Y,159,214,0,0,0,0,NA,0,WD,Normal,340000,12.736700896592344,Other,Finished,Other
20,RL,88.0,11394,NA,Reg,Corner,StoneBr,Norm,1Fam,1.0Story,9,2,2010,2010,Hip,Stone,350.0,Gd,Gd,PConc,Ex,TA,Av,GLQ,Unf,1856,Ex,Y,SBrkr,1856,0,0,1856,1,0,1,1,1,1,Ex,8,Typ,1,Gd,Attchd,Fin,3,834,Y,113,0,0,0,0,0,NA,0,Oth,Partial,394432,12.885202034321916,VinylSd,Finished,Siding
60,RL,60.0,8123,NA,IR,Inside,Gilbert,NRR,1Fam,2.0Story,6,5,2000,2000,Gable,BrkFace,16.0,TA,Gd,PConc,Gd,TA,No,Unf,Unf,982,Ex,Y,SBrkr,1007,793,0,1800,0,0,2,1,3,1,TA,7,Typ,1,TA,Attchd,Fin,2,463,Y,100,63,0,0,0,0,NA,0,WD,Normal,179000,12.095141084822892,VinylSd,Finished,Siding
50,RL,50.0,5000,Pave,Reg,Inside,SWISU,Norm,1Fam,1.5Story,5,6,1924,1950,Gable,None,0.0,TA,Gd,BrkTil,TA,TA,No,LwQ,Unf,1026,TA,Y,SBrkr,1026,665,0,1691,0,0,2,0,3,1,Gd,6,Typ,1,Gd,Detchd,Unf,1,308,Y,0,0,242,0,0,0,NA,0,WD,Normal,127000,11.751942365440728,Wood,Finished,Siding
20,FV,60.0,7200,Pave,Reg,Inside,Somerst,Norm,1Fam,1.0Story,7,5,2006,2006,Gable,None,0.0,Gd,Gd,PConc,Gd,Gd,No,Unf,Unf,1293,Ex,Y,SBrkr,1301,0,0,1301,1,0,2,0,2,1,Gd,5,Typ,1,Gd,Attchd,RFn,2,572,Y,216,121,0,0,0,0,NA,0,Oth,Partial,187750,12.142866569626381,VinylSd,Finished,Siding
60,RL,79.0,9245,NA,IR,Inside,CollgCr,Norm,1Fam,2.0Story,7,5,2006,2006,Gable,None,0.0,Gd,Gd,PConc,Gd,TA,Av,Unf,Unf,939,Ex,Y,SBrkr,939,858,0,1797,0,0,2,1,3,1,Gd,8,Typ,0,NA,Attchd,RFn,2,639,Y,144,53,0,0,0,0,NA,0,WD,Normal,213500,12.271392111650817,VinylSd,Finished,Siding
45,RH,60.0,9000,NA,Reg,Corner,SawyerW,Norm,1Fam,1.5Story,6,3,1928,1950,Gable,None,0.0,TA,Gd,BrkTil,Fa,Fa,No,Unf,Unf,784,TA,N,Fuse,784,0,0,784,0,0,1,0,2,1,TA,5,Typ,0,NA,Detchd,Unf,2,360,N,0,0,91,0,0,0,NA,0,WD,Normal,76000,11.238488619268468,Wood,Unfinished,Siding
60,RL,70.05,53107,NA,IR,Corner,ClearCr,Feedr,1Fam,2.0Story,6,5,1992,1992,Gable,None,0.0,Gd,Gd,PConc,Gd,TA,Av,GLQ,Unf,1580,Ex,Y,SBrkr,1079,874,0,1953,1,0,2,1,3,1,Gd,9,Typ,2,Po,Attchd,Fin,2,501,Y,216,231,0,0,0,0,NA,0,WD,Normal,240000,12.388394202324129,HdBoard,Finished,Other
120,RL,43.0,3182,NA,Reg,Inside,Blmngtn,Norm,Twnhs,1.0Story,8,5,2004,2005,Gable,BrkFace,16.0,Gd,Gd,PConc,Gd,TA,No,GLQ,Unf,1256,Ex,Y,SBrkr,1269,0,0,1269,0,0,2,0,2,1,Gd,6,Typ,1,TA,Attchd,Fin,2,430,Y,146,20,0,0,144,0,NA,0,WD,Normal,192000,12.165250651009918,VinylSd,Finished,Siding
50,RL,58.0,8410,NA,Reg,FR2,Edwards,Feedr,1Fam,1.5Story,5,3,1910,1996,Oth,None,0.0,TA,Fa,PConc,TA,TA,No,Unf,Unf,658,TA,Y,SBrkr,658,526,0,1184,0,0,1,0,5,1,TA,8,Typ,0,NA,NA,NA,0,0,N,0,151,0,0,0,0,NA,0,WD,Abnorml,81000,11.302204433654575,VinylSd,Finished,Siding
80,RL,72.0,7200,NA,Reg,Inside,Edwards,Norm,1Fam,SLvl,6,6,1976,1976,Hip,BrkFace,255.0,TA,Gd,CBlock,TA,TA,Av,ALQ,Unf,1041,Ex,Y,SBrkr,1125,0,0,1125,1,0,1,0,3,1,TA,6,Typ,1,Po,Detchd,Unf,1,352,Y,296,0,0,0,0,0,Fence,0,WD,Abnorml,125000,11.736069016284437,MetalSd,Finished,Siding
20,RL,93.0,9382,NA,IR,CulDSac,CollgCr,Norm,1Fam,1.0Story,7,5,1999,2000,Gable,BrkFace,125.0,Gd,Gd,PConc,Gd,TA,No,Unf,Unf,1468,Ex,Y,SBrkr,1479,0,0,1479,0,0,2,0,3,1,Gd,6,Typ,0,NA,Attchd,RFn,2,577,Y,120,25,0,0,0,0,NA,0,WD,Normal,191000,12.160028707028767,VinylSd,Finished,Siding
60,RL,96.0,12474,NA,Reg,Inside,NridgHt,Norm,1Fam,2.0Story,10,5,2007,2008,Gable,Stone,272.0,Ex,Gd,PConc,Ex,TA,Av,GLQ,Unf,1682,Ex,Y,SBrkr,1742,590,0,2332,1,0,2,1,3,1,Ex,9,Typ,1,Gd,Attchd,Fin,3,846,Y,196,134,0,0,0,0,NA,0,Oth,Partial,426000,12.962194625251508,VinylSd,Finished,Siding
50,RL,50.0,8405,Grvl,Reg,Inside,Edwards,Norm,1Fam,1.5Story,5,8,1900,1950,Gable,None,0.0,TA,Gd,BrkTil,TA,Gd,No,Rec,BLQ,861,Ex,Y,SBrkr,961,406,0,1367,1,0,1,0,4,1,TA,7,Typ,0,NA,Detchd,Unf,1,384,Y,0,130,112,0,0,0,Fence,0,WD,Normal,119000,11.686878772093667,MetalSd,Finished,Siding
60,RL,71.0,12209,NA,IR,CulDSac,Mitchel,Norm,1Fam,2.0Story,6,5,2001,2002,Gable,None,0.0,TA,Gd,PConc,Ex,TA,No,ALQ,Unf,804,Ex,Y,SBrkr,804,1157,0,1961,1,0,2,1,3,1,Gd,7,Typ,1,TA,Attchd,Fin,2,560,Y,125,192,0,0,0,0,NA,0,WD,Normal,215000,12.2783933071098,VinylSd,Finished,Siding
20,RL,70.05,8339,NA,IR,Inside,NAmes,Norm,1Fam,1.0Story,5,7,1959,1959,Gable,None,0.0,TA,Gd,Oth,NA,NA,No,NA,NA,0,TA,Y,SBrkr,882,0,0,882,0,0,1,0,3,1,TA,5,Typ,0,NA,Attchd,RFn,1,294,Y,0,0,0,0,0,0,Fence,1200,WD,Normal,106500,11.575900264131617,MetalSd,Finished,Siding
30,RL,70.05,7446,NA,Reg,Corner,BrkSide,Feedr,1Fam,1.0Story,4,5,1941,1950,Gable,None,0.0,TA,Gd,CBlock,TA,TA,No,Rec,Unf,788,TA,Y,Fuse,788,0,0,788,0,0,1,0,2,1,TA,4,Typ,2,TA,NA,NA,0,0,Y,0,0,0,0,0,0,Fence,0,WD,Abnorml,100000,11.512925464970229,Wood,Finished,Shingle
50,RL,60.0,10134,NA,Reg,Inside,OldTown,Norm,1Fam,1.5Story,5,6,1940,1950,Gable,None,0.0,TA,Gd,CBlock,TA,TA,No,Unf,Unf,735,Gd,Y,Fuse,735,299,0,1034,0,0,1,0,2,1,TA,5,Typ,0,NA,Detchd,Unf,1,240,Y,0,39,0,0,0,0,NA,0,WD,Normal,109000,11.59910316121128,MetalSd,Finished,Siding
20,RL,68.0,9571,NA,Reg,Inside,Edwards,Norm,1Fam,1.0Story,5,6,1956,1956,Gable,None,0.0,TA,Gd,CBlock,TA,TA,Av,BLQ,Unf,1144,TA,Y,SBrkr,1144,0,0,1144,1,0,1,0,3,1,TA,6,Typ,0,NA,Attchd,Unf,1,596,Y,44,0,0,0,0,0,NA,0,WD,Normal,129000,11.76756768334381,Wood,Finished,Siding
20,RL,60.0,7200,NA,Reg,Inside,CollgCr,Norm,1Fam,1.0Story,5,5,1972,1972,Hip,None,0.0,TA,Gd,CBlock,TA,TA,Av,Rec,Unf,894,TA,Y,SBrkr,894,0,0,894,0,0,1,0,2,1,TA,6,Typ,0,NA,Detchd,RFn,2,600,Y,215,0,0,0,0,0,NA,0,WD,Normal,123000,11.719939634354555,MetalSd,Finished,Siding
60,RL,69.0,7590,NA,Reg,Inside,NAmes,Pos,1Fam,2.0Story,5,5,1962,1962,Gable,BrkFace,288.0,TA,Gd,CBlock,TA,TA,No,ALQ,Unf,864,TA,Y,SBrkr,876,936,0,1812,0,0,2,0,4,1,TA,8,Typ,1,TA,Attchd,RFn,1,264,Y,0,168,0,0,0,0,NA,0,WD,Normal,169500,12.040608205802641,VinylSd,Finished,Siding
30,RM,60.0,8967,NA,Reg,Corner,IDOTRR,Norm,1Fam,1.0Story,5,2,1920,1950,Gable,None,0.0,TA,Fa,BrkTil,Fa,Po,No,Unf,Unf,961,Gd,Y,Fuse,1077,0,0,1077,0,0,1,0,2,1,TA,6,Atype,0,NA,Detchd,Unf,1,338,N,0,0,0,0,0,0,NA,0,WD,Abnorml,67000,11.112447898373103,MetalSd,Finished,Siding
60,FV,65.0,8125,NA,Reg,Inside,Somerst,Norm,1Fam,2.0Story,7,5,2006,2007,Gable,Stone,100.0,Gd,Gd,PConc,Gd,TA,No,GLQ,Unf,1092,Ex,Y,SBrkr,1112,438,0,1550,1,0,2,0,2,1,Gd,7,Typ,0,NA,Attchd,Fin,2,438,Y,0,168,0,0,0,0,NA,0,WD,Normal,241000,12.392552212472792,Other,Finished,Other
120,RL,38.0,14963,NA,IR,Inside,Veenker,Norm,Twnhs,1.0Story,8,5,1996,1996,Gable,None,0.0,Gd,Gd,PConc,Gd,TA,No,GLQ,Unf,1260,Ex,Y,SBrkr,1288,0,0,1288,1,0,1,1,1,1,Ex,4,Typ,2,Gd,Attchd,Fin,2,500,Y,120,30,0,0,224,0,NA,0,WD,Normal,245500,12.411052226216713,Other,Finished,Other
20,RL,65.0,8767,NA,IR,Inside,CollgCr,Norm,1Fam,1.0Story,7,5,2005,2005,Gable,None,0.0,Gd,Gd,PConc,Gd,TA,Av,GLQ,Unf,1310,Ex,Y,SBrkr,1310,0,0,1310,0,0,2,0,3,1,Gd,6,Typ,1,Gd,Attchd,Fin,2,400,Y,0,0,0,0,0,0,NA,0,Oth,Partial,164990,12.01364014498549,VinylSd,Finished,Siding
30,RL,60.0,10200,NA,Reg,Inside,Sawyer,Norm,1Fam,1.0Story,5,8,1940,1997,Gable,None,0.0,TA,Gd,PConc,TA,TA,No,Unf,Unf,672,Ex,Y,SBrkr,672,0,0,672,0,0,1,0,2,1,TA,4,Typ,0,NA,Detchd,Unf,1,240,N,168,0,0,0,0,0,Fence,0,WD,Normal,108000,11.589886506106357,Wood,Finished,Siding
60,RL,93.0,12090,NA,Reg,Corner,NoRidge,Norm,1Fam,2.0Story,8,5,1998,1998,Hip,BrkFace,650.0,Gd,Gd,PConc,Gd,TA,No,Unf,Unf,1141,Gd,Y,SBrkr,1165,1098,0,2263,0,0,2,1,4,1,Gd,10,Typ,1,TA,Attchd,Fin,2,420,Y,144,123,0,0,0,0,NA,0,WD,Abnorml,258000,12.460714863903755,VinylSd,Finished,Siding
60,RL,70.05,10364,NA,IR,Inside,Gilbert,Norm,1Fam,2.0Story,6,5,1995,1996,Gable,None,0.0,TA,Gd,PConc,Gd,TA,No,Unf,Unf,806,Gd,Y,SBrkr,806,766,0,1572,0,0,2,1,3,1,TA,7,Typ,1,TA,Attchd,Fin,2,373,Y,0,40,0,0,0,0,NA,0,WD,Normal,168000,12.031719258385396,MetalSd,Finished,Siding
20,RL,70.05,9991,NA,IR,Corner,Sawyer,Feedr,1Fam,1.0Story,4,4,1976,1993,Gable,None,0.0,TA,Gd,CBlock,TA,TA,No,BLQ,Unf,1281,Ex,Y,SBrkr,1620,0,0,1620,1,0,2,0,3,1,TA,8,Atype,1,TA,Attchd,Unf,2,490,Y,120,78,0,0,0,0,Fence,0,WD,Normal,150000,11.918390573078392,Plywood,Finished,Other
50,RL,51.0,10480,NA,Reg,Inside,SWISU,Norm,1Fam,1.5Story,6,5,1936,1950,Gable,None,0.0,TA,Gd,BrkTil,TA,TA,No,Unf,Unf,1064,Ex,Y,Fuse,1166,0,473,1639,0,0,1,0,3,1,TA,6,Atype,0,NA,Detchd,Unf,1,240,Y,0,0,0,0,0,0,NA,0,WD,Normal,115000,11.652687407345388,MetalSd,Finished,Siding
70,RL,63.0,15576,NA,Reg,Inside,Crawfor,Norm,1Fam,2.0Story,6,7,1915,1976,Gable,None,0.0,TA,Gd,BrkTil,Gd,TA,No,Unf,Unf,840,Ex,Y,SBrkr,840,840,0,1680,0,0,2,0,4,1,TA,8,Typ,0,NA,Attchd,Unf,1,308,Y,0,0,160,0,0,0,NA,0,WD,Normal,177000,12.083905011555967,Plywood,Finished,Other
60,RL,109.0,14154,NA,Reg,Corner,NridgHt,Norm,1Fam,2.0Story,7,5,2006,2006,Gable,BrkFace,350.0,Gd,Gd,PConc,Ex,Gd,No,Unf,Unf,1063,Ex,Y,SBrkr,1071,1101,0,2172,0,0,2,1,3,1,Gd,9,Typ,1,Gd,Attchd,RFn,3,947,Y,192,62,0,0,0,0,NA,0,Oth,Partial,280000,12.542544882151386,VinylSd,Finished,Siding
60,FV,85.0,10800,NA,Reg,Inside,Somerst,Norm,1Fam,2.0Story,8,5,2007,2008,Gable,Stone,100.0,Gd,Gd,PConc,Ex,TA,No,GLQ,Unf,1034,Ex,Y,SBrkr,1050,1028,0,2078,1,0,2,1,3,1,Ex,8,Typ,1,Gd,Attchd,Fin,3,836,Y,0,102,0,0,0,0,NA,0,Oth,Partial,339750,12.73596533201339,VinylSd,Finished,Siding
20,RL,68.0,9571,NA,Reg,Inside,Edwards,Norm,1Fam,1.0Story,5,3,1958,1958,Gable,None,0.0,TA,Fa,CBlock,TA,Fa,No,Unf,Unf,1276,TA,Y,Fuse,1276,0,0,1276,0,0,1,0,3,1,TA,5,Atype,0,NA,Attchd,Unf,1,350,Y,0,0,0,0,0,0,NA,0,Oth,Abnorml,60000,11.002099841204238,Other,Finished,Other
190,RL,100.0,34650,NA,Reg,Inside,Gilbert,Norm,Oth,1.0Story,5,5,1955,1955,Hip,None,0.0,TA,Gd,CBlock,TA,TA,Mn,Rec,Unf,1056,TA,N,SBrkr,1056,0,0,1056,1,0,1,0,3,1,TA,5,Typ,0,NA,Attchd,Fin,2,572,Y,264,0,0,0,0,0,NA,0,WD,Normal,145000,11.884489021402711,Wood,Finished,Siding
20,FV,70.05,4403,NA,IR,Inside,Somerst,Norm,1Fam,1.0Story,7,5,2009,2009,Gable,Stone,432.0,Ex,Gd,PConc,Ex,TA,Av,GLQ,Unf,1470,Ex,Y,SBrkr,1478,0,0,1478,1,0,2,1,2,1,Gd,7,Typ,1,Gd,Attchd,Fin,2,484,Y,0,144,0,0,0,0,NA,0,Oth,Partial,222000,12.310432660854417,MetalSd,Finished,Siding
30,RM,56.0,8960,Grvl,Reg,Inside,OldTown,Artery,1Fam,1.0Story,5,6,1927,1950,Gable,None,0.0,TA,Gd,CBlock,TA,TA,No,Unf,Unf,1008,Gd,Y,Fuse,1028,0,0,1028,0,0,1,0,2,1,TA,5,Typ,1,Gd,Detchd,Unf,2,360,Y,0,0,130,0,0,0,NA,0,WD,Normal,115000,11.652687407345388,Wood,Finished,Shingle
60,RL,59.0,11228,NA,IR,CulDSac,SawyerW,Norm,1Fam,2.0Story,7,5,1993,1993,Gable,None,0.0,Gd,Gd,PConc,Gd,TA,No,BLQ,GLQ,1080,Ex,Y,SBrkr,1080,1017,0,2097,0,1,2,1,3,1,Gd,9,Typ,1,TA,Attchd,Unf,3,678,Y,196,187,0,0,0,0,NA,0,WD,Normal,228000,12.337100907936577,VinylSd,Finished,Siding
20,RL,73.0,8899,NA,IR,Inside,Gilbert,Norm,1Fam,1.0Story,7,5,2007,2007,Gable,None,0.0,Gd,Gd,PConc,Gd,TA,Av,GLQ,Unf,1340,Ex,Y,SBrkr,1340,0,0,1340,0,0,2,0,3,1,Gd,6,Typ,0,NA,Attchd,Fin,2,396,Y,100,30,0,0,0,0,NA,0,Oth,Partial,181134,12.106992367829498,VinylSd,Finished,Siding
60,RL,74.0,7844,NA,Reg,Inside,Sawyer,Norm,1Fam,2.0Story,6,7,1978,1978,Hip,BrkFace,203.0,TA,Gd,CBlock,TA,TA,No,ALQ,Unf,672,TA,Y,SBrkr,672,728,0,1400,0,0,1,1,3,1,TA,6,Typ,1,TA,Attchd,Fin,2,440,Y,0,0,0,0,0,0,NA,0,WD,Normal,149500,11.915051671812877,HdBoard,Finished,Other
70,RL,86.0,22420,NA,IR,Inside,Crawfor,Feedr,1Fam,2.0Story,6,6,1918,1950,Hip,None,0.0,TA,Gd,BrkTil,Gd,TA,No,BLQ,Unf,1370,TA,N,Fuse,1370,1254,0,2624,1,0,2,1,4,1,TA,10,Typ,1,Gd,Detchd,Unf,3,864,N,0,0,0,0,0,0,NA,0,WD,Normal,239000,12.384218830913648,Stucco,Finished,Other
50,RL,60.0,8160,NA,Reg,Inside,Edwards,Norm,1Fam,1.5Story,5,6,1940,1950,Gable,None,0.0,TA,Gd,BrkTil,TA,TA,No,ALQ,Unf,756,Fa,N,Fuse,756,378,0,1134,1,0,1,1,3,1,TA,7,Typ,0,NA,Detchd,Unf,1,240,N,0,0,0,0,0,0,NA,0,WD,Abnorml,126000,11.744037185933616,MetalSd,Finished,Siding
20,RL,65.0,8450,NA,Reg,Inside,NAmes,Norm,1Fam,1.0Story,5,6,1968,1968,Gable,None,0.0,TA,Gd,CBlock,TA,TA,No,BLQ,Unf,1056,Ex,Y,SBrkr,1056,0,0,1056,1,0,1,0,3,1,TA,6,Typ,1,Po,Attchd,Unf,1,304,Y,0,85,184,0,0,0,NA,0,WD,Normal,142000,11.863582336583399,VinylSd,Finished,Siding
90,RM,78.0,7060,NA,Reg,Inside,Mitchel,Norm,Oth,SFoyer,7,5,1997,1998,Gable,BrkFace,200.0,TA,Gd,PConc,Gd,Gd,Gd,GLQ,Unf,1344,Ex,Y,SBrkr,1344,0,0,1344,2,0,2,0,2,2,TA,8,Typ,0,NA,Attchd,Fin,4,784,Y,0,0,0,0,0,0,NA,0,WD,Abnorml,206300,12.237086699059343,VinylSd,Finished,Siding
20,RL,70.05,16635,NA,IR,FR2,NWAmes,Norm,1Fam,1.0Story,6,7,1977,2000,Gable,Stone,126.0,Gd,Gd,CBlock,Gd,TA,No,ALQ,Unf,1602,Gd,Y,SBrkr,1602,0,0,1602,0,1,2,0,3,1,Gd,8,Typ,1,TA,Attchd,Fin,2,529,Y,240,0,0,0,0,0,NA,0,WD,Normal,215000,12.2783933071098,Other,Finished,Other
20,RL,100.0,21750,NA,Reg,Inside,Mitchel,Artery,1Fam,1.0Story,5,5,1954,1954,Hip,None,0.0,TA,Gd,CBlock,TA,TA,No,Unf,Unf,988,Ex,Y,Fuse,988,0,0,988,0,0,1,0,2,1,TA,4,Typ,0,NA,Attchd,RFn,2,520,N,0,0,0,0,0,0,NA,0,WD,Normal,113000,11.635143097694478,HdBoard,Finished,Other
60,RL,80.0,9200,NA,Reg,Inside,NoRidge,Norm,1Fam,2.0Story,8,5,1998,1998,Gable,BrkFace,473.0,Gd,Gd,PConc,Gd,TA,No,GLQ,Unf,1470,Gd,Y,SBrkr,1470,1160,0,2630,1,0,2,1,4,1,Gd,8,Typ,1,TA,Attchd,Fin,3,696,Y,0,66,0,0,0,0,NA,0,WD,Normal,315000,12.66032791780777,VinylSd,Finished,Siding
20,RL,72.0,9000,NA,Reg,Inside,NAmes,Norm,1Fam,1.0Story,6,5,1956,1956,Gable,BrkFace,74.0,TA,Gd,CBlock,Gd,TA,No,LwQ,Unf,1196,Gd,Y,Fuse,1196,0,0,1196,1,0,1,0,2,1,TA,6,Typ,1,Gd,Attchd,RFn,1,297,Y,0,44,0,0,0,0,NA,0,WD,Normal,139000,11.842229212112828,Wood,Finished,Siding
60,RM,60.0,3378,Grvl,Reg,Inside,OldTown,Norm,1Fam,2.0Story,7,8,1946,1992,Gable,None,0.0,TA,Gd,CBlock,TA,TA,No,Unf,Unf,651,Gd,Y,SBrkr,707,682,0,1389,0,0,1,1,3,1,TA,6,Typ,2,Gd,Detchd,Unf,1,240,N,0,0,126,0,0,0,NA,0,WD,Normal,135000,11.813030057420567,HdBoard,Finished,Other
80,RL,70.05,12800,NA,Reg,Inside,SawyerW,Norm,1Fam,SLvl,7,5,1989,1989,Gable,BrkFace,145.0,Gd,Gd,PConc,Gd,TA,Gd,GLQ,Unf,1518,Gd,Y,SBrkr,1644,0,0,1644,1,1,2,0,2,1,Gd,5,Typ,1,TA,Attchd,Fin,2,569,Y,80,0,0,0,396,0,NA,0,WD,Normal,275000,12.524526376648708,Wood,Finished,Siding
20,RL,77.0,8593,NA,IR,Inside,NAmes,Norm,1Fam,1.0Story,4,6,1957,1957,Hip,None,0.0,TA,Gd,CBlock,TA,TA,No,Rec,Unf,907,Ex,Y,SBrkr,907,0,0,907,0,0,1,0,3,1,TA,5,Typ,0,NA,Detchd,Unf,1,352,Y,0,0,0,0,0,0,NA,0,WD,Normal,109008,11.59917655301345,MetalSd,Finished,Siding
20,RL,64.0,6762,NA,Reg,Inside,CollgCr,Norm,1Fam,1.0Story,7,5,2007,2007,Gable,BrkFace,108.0,Gd,Gd,PConc,Gd,TA,No,GLQ,Unf,1208,Ex,Y,SBrkr,1208,0,0,1208,1,0,2,0,2,1,Gd,6,Typ,0,NA,Attchd,RFn,2,628,Y,105,54,0,0,0,0,NA,0,Oth,Partial,195400,12.182804018590819,VinylSd,Finished,Siding
20,RL,130.0,11457,NA,IR,Corner,Timber,Norm,1Fam,1.0Story,6,5,1988,1988,Gable,None,0.0,TA,Gd,CBlock,Gd,TA,Mn,GLQ,Unf,1392,TA,Y,SBrkr,1412,0,0,1412,1,0,2,0,3,1,Gd,6,Typ,1,TA,Attchd,Unf,2,576,Y,0,0,169,0,0,0,NA,0,WD,Normal,175000,12.072541252905651,HdBoard,Finished,Other
160,RM,21.0,1680,NA,Reg,Inside,BrDale,Norm,Twnhs,2.0Story,6,5,1971,1971,Gable,BrkFace,232.0,TA,Gd,CBlock,TA,TA,No,ALQ,Unf,483,TA,Y,SBrkr,483,504,0,987,0,0,1,1,2,1,TA,4,Typ,0,NA,Detchd,Unf,1,264,Y,0,0,0,0,0,0,NA,0,Oth,Abnorml,85400,11.355101379776661,HdBoard,Finished,Other
50,RM,60.0,5586,NA,IR,Inside,OldTown,Feedr,1Fam,1.5Story,6,7,1920,1998,Gable,None,0.0,TA,Gd,BrkTil,TA,TA,No,Unf,Unf,901,Gd,Y,SBrkr,1088,110,0,1198,0,0,1,0,4,1,TA,7,Typ,0,NA,NA,NA,0,0,N,0,98,0,0,0,0,Fence,0,Oth,Abnorml,79900,11.288531131754366,MetalSd,Finished,Siding
160,RM,24.0,1920,NA,Reg,Inside,BrDale,Norm,Twnhs,2.0Story,5,5,1971,1971,Gable,BrkFace,376.0,TA,Gd,CBlock,TA,TA,No,ALQ,Unf,765,Ex,Y,SBrkr,765,600,0,1365,1,0,1,1,2,1,TA,6,Atype,0,NA,Detchd,Unf,2,440,Y,240,36,0,0,0,0,NA,0,WD,Normal,122500,11.715866308966918,HdBoard,Finished,Other
60,RL,100.0,10839,NA,IR,Corner,Gilbert,Norm,1Fam,2.0Story,6,5,1997,1998,Gable,None,0.0,TA,Gd,PConc,Gd,TA,No,Unf,Unf,926,Ex,Y,SBrkr,926,678,0,1604,0,0,2,1,3,1,TA,7,Typ,1,TA,Attchd,Fin,2,470,Y,0,36,0,0,0,0,NA,0,WD,Normal,181000,12.106252310247962,VinylSd,Finished,Siding
180,RM,21.0,1890,NA,Reg,Inside,MeadowV,Norm,Twnhs,SFoyer,4,7,1972,1972,Gable,None,0.0,TA,Gd,CBlock,Gd,TA,Av,ALQ,Unf,630,Gd,Y,SBrkr,630,0,0,630,1,0,1,0,1,1,TA,3,Typ,0,NA,NA,NA,0,0,Y,88,0,0,0,0,0,NA,0,WD,Normal,81000,11.302204433654575,Other,Finished,Other
60,RL,43.0,10667,NA,IR,CulDSac,CollgCr,Pos,1Fam,2.0Story,7,6,1996,1996,Gable,None,0.0,Gd,Gd,PConc,Gd,TA,Av,GLQ,ALQ,799,Ex,Y,SBrkr,827,834,0,1661,1,0,2,1,3,1,Gd,6,Typ,1,TA,Attchd,RFn,2,550,Y,158,61,0,0,0,0,NA,0,Oth,Normal,212000,12.26434155365415,VinylSd,Finished,Siding
50,RM,40.0,4400,NA,Reg,Inside,OldTown,Norm,1Fam,1.5Story,6,8,1920,1950,Gable,None,0.0,TA,Gd,BrkTil,Fa,TA,No,Unf,Unf,648,TA,Y,Fuse,734,384,0,1118,0,0,1,0,2,1,TA,6,Typ,0,NA,Detchd,Unf,2,440,Y,0,0,0,0,0,0,NA,0,WD,Normal,116000,11.661345470088502,Stucco,Finished,Other
45,RM,50.0,6000,NA,Reg,Inside,BrkSide,Norm,1Fam,1.5Story,6,7,1926,2004,Gable,None,0.0,Gd,Gd,PConc,TA,TA,No,Unf,Unf,884,Gd,Y,SBrkr,904,0,0,904,0,0,1,0,2,1,TA,4,Typ,0,NA,Detchd,Unf,1,180,Y,0,0,105,0,0,0,NA,0,WD,Normal,119000,11.686878772093667,Wood,Unfinished,Siding
30,RL,40.0,4280,NA,Reg,Inside,Crawfor,Norm,1Fam,1.0Story,5,6,1913,2002,Gable,None,0.0,TA,Gd,PConc,TA,TA,No,LwQ,Unf,440,TA,N,SBrkr,694,0,0,694,0,0,1,0,2,1,Gd,4,Typ,1,Gd,Detchd,Unf,1,352,N,0,0,34,0,0,0,Fence,0,WD,Normal,90350,11.411446296020374,Stucco,Finished,Other
50,RL,67.0,12354,Grvl,Reg,Corner,Edwards,Norm,1Fam,1.5Story,6,8,1920,2000,Gable,None,0.0,TA,Gd,BrkTil,TA,Fa,Mn,Unf,Unf,684,Gd,Y,SBrkr,684,512,0,1196,0,0,1,0,3,1,Gd,7,Typ,0,NA,Detchd,Unf,2,528,Y,0,46,0,0,0,0,Fence,800,Oth,Normal,110000,11.608235644774552,Wood,Finished,Siding
20,RL,105.0,15431,NA,Reg,Inside,NridgHt,Norm,1Fam,1.0Story,10,5,2008,2008,Hip,Stone,200.0,Ex,Gd,PConc,Ex,TA,Gd,GLQ,ALQ,3094,Ex,Y,SBrkr,2402,0,0,2402,1,0,2,0,2,1,Ex,10,Typ,2,Gd,Attchd,Fin,3,672,Y,0,72,0,0,170,0,NA,0,WD,Normal,555000,13.226723392728571,VinylSd,Finished,Siding
90,RL,92.0,12108,NA,Reg,Inside,Edwards,Norm,Oth,1.0Story,4,4,1955,1955,Gable,BrkFace,270.0,TA,Gd,CBlock,TA,TA,No,ALQ,Unf,1440,TA,N,Fuse,1440,0,0,1440,0,0,2,0,4,2,Fa,8,Typ,0,NA,NA,NA,0,0,Y,0,0,0,0,0,0,NA,0,WD,Normal,118000,11.678439903447801,VinylSd,Finished,Siding
50,RM,52.0,6240,NA,Reg,Inside,BrkSide,Norm,1Fam,1.5Story,5,7,1930,1992,Gable,None,0.0,TA,Gd,PConc,TA,TA,No,Unf,Unf,1078,TA,Y,SBrkr,1128,445,0,1573,0,0,2,0,3,1,TA,8,Typ,1,Gd,Detchd,Unf,2,360,N,0,0,0,0,0,0,NA,0,WD,Normal,162900,12.000891794590137,MetalSd,Finished,Siding
120,RL,53.0,3922,NA,Reg,Inside,Blmngtn,Norm,Twnhs,1.0Story,7,5,2006,2007,Gable,BrkFace,72.0,Gd,Gd,PConc,Ex,TA,Av,Unf,Unf,1258,Ex,Y,SBrkr,1258,0,0,1258,0,0,2,0,2,1,Gd,6,Typ,1,Gd,Attchd,Fin,3,648,Y,144,16,0,0,0,0,NA,0,Oth,Partial,172500,12.058152515453552,Wood,Finished,Shingle
60,RL,70.0,8750,NA,Reg,Inside,CollgCr,Norm,1Fam,2.0Story,7,5,1994,1995,Gable,None,0.0,Gd,Gd,PConc,Gd,TA,No,GLQ,Unf,915,Ex,Y,SBrkr,933,975,0,1908,1,0,2,1,4,1,Gd,8,Typ,1,TA,Attchd,Unf,2,493,Y,144,133,0,0,0,0,NA,0,WD,Normal,210000,12.254862809699606,VinylSd,Finished,Siding
20,RL,73.0,9855,NA,Reg,Corner,Edwards,Norm,1Fam,1.0Story,6,5,1956,1956,Hip,None,0.0,TA,Gd,CBlock,TA,TA,No,Unf,Unf,1436,Fa,Y,SBrkr,1689,0,0,1689,0,0,1,0,3,1,TA,7,Typ,1,Gd,Attchd,Unf,2,480,Y,0,0,0,0,0,0,Fence,0,Oth,Normal,127500,11.755871643580617,Wood,Finished,Siding
20,RL,137.0,16492,NA,IR,Corner,NAmes,Pos,1Fam,1.0Story,6,6,1966,2002,Gable,None,0.0,Gd,Gd,CBlock,TA,TA,No,ALQ,Rec,1517,Ex,Y,SBrkr,1888,0,0,1888,0,0,2,1,2,1,Gd,6,Atype,1,Gd,Attchd,Fin,2,578,Y,0,0,0,0,0,0,NA,0,WD,Normal,190000,12.154779351142624,Plywood,Finished,Other
60,RL,70.05,11214,NA,IR,Corner,Gilbert,Norm,1Fam,2.0Story,7,5,1998,1999,Gable,None,0.0,Gd,Gd,PConc,Gd,TA,No,Unf,Unf,930,Gd,Y,SBrkr,956,930,0,1886,0,0,2,1,4,1,Gd,10,Typ,1,TA,Attchd,Fin,2,431,Y,89,0,0,0,0,0,NA,0,WD,Normal,199900,12.205572520488492,VinylSd,Finished,Siding
50,RM,50.0,8600,NA,Reg,Inside,IDOTRR,Norm,1Fam,1.5Story,6,6,1937,1950,Gable,None,0.0,TA,Gd,BrkTil,TA,TA,No,Unf,Unf,780,TA,Y,SBrkr,780,596,0,1376,0,0,2,0,3,1,TA,7,Typ,1,Gd,Detchd,Unf,1,198,N,0,0,0,0,0,0,NA,0,WD,Normal,119500,11.691071650353702,MetalSd,Finished,Siding
50,RM,50.0,6000,NA,Reg,Inside,OldTown,Norm,1Fam,1.5Story,3,7,1948,2002,Gable,None,0.0,TA,Gd,CBlock,TA,TA,No,ALQ,Unf,649,Ex,Y,SBrkr,679,504,0,1183,0,0,1,1,2,1,TA,6,Typ,0,NA,Detchd,Unf,1,308,Y,0,176,0,0,0,0,NA,0,WD,Normal,120000,11.695247021764184,MetalSd,Finished,Siding
30,RM,70.0,5684,NA,Reg,Inside,OldTown,Norm,1Fam,1.0Story,6,8,1930,2005,Hip,None,0.0,TA,Gd,BrkTil,TA,TA,No,Unf,Unf,813,Ex,Y,Fuse,813,0,0,813,0,0,1,0,2,1,Gd,5,Typ,0,NA,Detchd,Unf,1,270,N,0,113,0,0,0,0,NA,0,WD,Normal,110000,11.608235644774552,Wood,Finished,Siding
20,RL,62.0,70761,NA,IR,Inside,ClearCr,Norm,1Fam,1.0Story,7,5,1975,1975,Gable,None,0.0,TA,Gd,CBlock,Gd,TA,Gd,ALQ,Unf,1533,TA,Y,SBrkr,1533,0,0,1533,1,0,2,0,2,1,Gd,5,Typ,2,TA,Attchd,Unf,2,576,Y,200,54,0,0,0,0,NA,0,WD,Normal,280000,12.542544882151386,Plywood,Finished,Other
60,RL,70.05,9303,NA,IR,Corner,Timber,Norm,1Fam,2.0Story,6,5,1996,1997,Hip,BrkFace,42.0,Gd,Gd,PConc,Ex,TA,No,ALQ,Unf,872,Ex,Y,SBrkr,888,868,0,1756,1,0,2,1,3,1,TA,7,Typ,0,NA,Attchd,Fin,2,422,Y,144,122,0,0,0,0,NA,0,WD,Normal,204000,12.225875272826354,VinylSd,Finished,Siding
60,FV,75.0,9000,NA,Reg,Inside,Somerst,Norm,1Fam,2.0Story,8,5,2008,2008,Gable,None,0.0,Gd,Gd,PConc,Gd,TA,No,Unf,Unf,768,Ex,Y,SBrkr,786,804,0,1590,0,0,2,1,3,1,Gd,6,Typ,0,NA,Attchd,RFn,2,676,Y,0,30,0,0,0,0,NA,0,WD,Normal,210000,12.254862809699606,VinylSd,Finished,Siding
90,RL,63.0,9297,NA,Reg,Inside,Mitchel,Norm,Oth,1.0Story,5,5,1976,1976,Gable,None,0.0,TA,Gd,CBlock,TA,TA,No,ALQ,Unf,1728,TA,Y,SBrkr,1728,0,0,1728,2,0,2,0,4,2,TA,8,Typ,0,NA,Detchd,Unf,2,560,Y,0,0,0,0,0,0,NA,0,WD,Abnorml,188000,12.144197241812087,Plywood,Finished,Other
20,RL,80.0,9600,NA,Reg,Inside,NWAmes,Norm,1Fam,1.0Story,7,6,1973,1973,Hip,BrkFace,320.0,TA,Gd,CBlock,TA,TA,No,ALQ,Unf,1242,Fa,Y,SBrkr,1242,0,0,1242,0,0,1,1,3,1,TA,6,Typ,1,TA,Attchd,Unf,2,528,Y,0,0,0,0,0,0,NA,0,WD,Normal,175500,12.075394321888057,HdBoard,Finished,Other
70,RM,34.0,4571,Grvl,Reg,Inside,OldTown,Norm,1Fam,2.0Story,5,5,1916,1950,Gable,None,0.0,TA,Gd,BrkTil,TA,TA,No,Unf,Unf,624,Fa,N,SBrkr,624,720,0,1344,0,0,1,0,4,1,TA,7,Typ,0,NA,Detchd,Unf,3,513,Y,0,0,96,0,0,0,NA,0,Oth,Abnorml,98000,11.49272275765271,Other,Finished,Shingle
20,RL,70.05,53227,NA,IR,CulDSac,ClearCr,Norm,1Fam,1.0Story,4,6,1954,1994,Oth,None,0.0,TA,Gd,CBlock,Gd,TA,Gd,BLQ,Unf,1364,Ex,Y,SBrkr,1663,0,0,1663,1,0,1,0,2,1,Gd,6,Atype,2,Gd,Attchd,Fin,2,529,Y,224,137,0,0,0,0,NA,0,WD,Normal,256000,12.4529327234617,Plywood,Finished,Other
70,RM,70.05,5100,Grvl,Reg,Inside,OldTown,Norm,1Fam,2.0Story,8,7,1925,1996,Hip,None,0.0,TA,Gd,PConc,TA,TA,No,Unf,Unf,588,Fa,Y,SBrkr,833,833,0,1666,0,0,1,0,3,1,Gd,7,Typ,1,Gd,Detchd,Unf,1,228,Y,192,63,0,0,0,0,Fence,0,WD,Normal,161000,11.9891596439666,Wood,Finished,Shingle
50,RL,70.05,7015,NA,IR,Corner,BrkSide,Norm,1Fam,1.5Story,5,4,1950,1950,Gable,BrkCmn,161.0,TA,Gd,CBlock,TA,TA,No,LwQ,Unf,709,TA,Y,SBrkr,979,224,0,1203,1,0,1,0,3,1,Gd,5,Typ,1,TA,Detchd,Unf,1,352,Y,0,0,248,0,0,0,NA,0,WD,Normal,110000,11.608235644774552,MetalSd,Finished,Siding
60,FV,75.0,8004,NA,IR,Inside,Somerst,NRR,1Fam,2.0Story,8,5,2009,2009,Gable,Stone,110.0,Gd,Gd,PConc,Gd,TA,No,GLQ,Unf,832,Ex,Y,SBrkr,832,1103,0,1935,1,0,2,1,3,1,TA,8,Typ,0,NA,Attchd,Fin,2,552,Y,0,150,0,0,0,0,NA,0,Oth,Partial,263435,12.481561937216318,VinylSd,Finished,Siding
70,RL,60.0,7200,NA,Reg,Inside,SWISU,Feedr,1Fam,2.0Story,7,9,1936,2007,Gable,None,0.0,Gd,Gd,PConc,Gd,Gd,No,ALQ,BLQ,560,Ex,Y,SBrkr,575,560,0,1135,1,0,1,0,3,1,Gd,6,Typ,0,NA,Detchd,RFn,2,576,Y,256,0,0,0,0,0,Fence,0,WD,Normal,155000,11.951180395901384,Wood,Finished,Siding
20,RL,60.0,8281,NA,IR,Inside,Sawyer,Norm,1Fam,1.0Story,5,5,1965,1965,Gable,None,0.0,TA,Gd,CBlock,TA,TA,No,Rec,BLQ,864,Gd,Y,SBrkr,864,0,0,864,0,0,1,0,3,1,TA,5,Typ,1,Po,Detchd,Unf,1,360,Y,0,0,236,0,0,0,Fence,0,WD,Normal,62383,11.041048081342682,MetalSd,Finished,Siding
70,RL,74.0,11988,NA,IR,Inside,Crawfor,Norm,1Fam,2.0Story,6,7,1934,1995,Hip,None,0.0,TA,Gd,CBlock,TA,TA,No,LwQ,Unf,715,Fa,Y,Fuse,849,811,0,1660,0,0,1,1,3,1,TA,6,Typ,1,Gd,Detchd,Unf,1,240,Y,0,0,0,0,0,0,NA,0,WD,Normal,188700,12.147913731356642,Stucco,Finished,Other
20,RL,60.0,8430,NA,Reg,Inside,CollgCr,Norm,1Fam,1.0Story,5,5,1978,1978,Gable,BrkFace,136.0,TA,Gd,CBlock,Gd,TA,No,Rec,Unf,1040,TA,Y,SBrkr,1040,0,0,1040,0,0,2,0,3,1,TA,5,Typ,0,NA,NA,NA,0,0,Y,0,0,0,0,0,0,NA,0,WD,Normal,124000,11.728036844587175,HdBoard,Finished,Other
120,RM,70.05,3072,NA,Reg,Inside,Blmngtn,Norm,Twnhs,1.0Story,7,5,2004,2004,Hip,BrkFace,18.0,Gd,Gd,PConc,Gd,TA,No,Unf,Unf,1375,Ex,Y,SBrkr,1414,0,0,1414,0,0,2,0,2,1,Gd,6,Typ,1,TA,Attchd,Fin,2,398,Y,144,20,0,0,0,0,NA,0,WD,Normal,178740,12.093687514935382,VinylSd,Finished,Siding
20,RL,85.0,10628,NA,Reg,Inside,NAmes,Norm,1Fam,1.0Story,7,5,1970,1970,Oth,None,0.0,TA,Gd,CBlock,TA,Gd,Gd,GLQ,Unf,1277,TA,Y,SBrkr,1277,0,0,1277,1,0,1,0,2,1,TA,5,Typ,1,Po,Attchd,Unf,2,526,Y,0,0,0,0,176,0,Fence,0,WD,Normal,167000,12.025749091398891,Plywood,Finished,Other
70,RL,79.0,9480,NA,Reg,Inside,NAmes,Artery,1Fam,2.0Story,5,7,1942,1995,Gable,Stone,224.0,TA,Gd,CBlock,TA,TA,No,LwQ,Unf,728,Ex,Y,SBrkr,888,756,0,1644,0,0,1,1,3,1,Gd,7,Typ,2,Gd,Attchd,Unf,1,312,Y,168,0,0,0,0,0,NA,0,WD,Normal,146500,11.894780707439258,MetalSd,Finished,Siding
20,RL,98.0,11428,NA,IR,Inside,NridgHt,Norm,1Fam,1.0Story,8,5,2006,2006,Gable,Stone,248.0,Gd,Gd,PConc,Gd,TA,No,Unf,Unf,1626,Ex,Y,SBrkr,1634,0,0,1634,0,0,2,0,3,1,Gd,7,Typ,1,Gd,Attchd,RFn,3,866,Y,0,44,0,0,0,0,NA,0,WD,Normal,250000,12.429216196844383,VinylSd,Finished,Siding
60,RL,76.0,9291,NA,IR,Corner,SawyerW,NRR,1Fam,2.0Story,6,5,1993,1993,Gable,BrkFace,120.0,Gd,Gd,PConc,Gd,TA,No,GLQ,Unf,832,Ex,Y,SBrkr,832,878,0,1710,0,0,2,1,3,1,Gd,7,Typ,0,NA,Attchd,RFn,2,506,Y,144,70,0,0,0,0,NA,0,WD,Normal,187000,12.138863895836725,HdBoard,Finished,Other
120,RL,70.05,6820,NA,IR,Corner,StoneBr,Norm,Twnhs,1.0Story,8,5,1985,1985,Gable,None,0.0,Gd,Gd,PConc,Gd,TA,Av,GLQ,BLQ,1488,TA,Y,SBrkr,1502,0,0,1502,1,0,1,1,1,1,Gd,4,Typ,0,NA,Attchd,RFn,2,528,Y,0,54,0,0,140,0,NA,0,WD,Normal,212000,12.26434155365415,HdBoard,Finished,Other
60,RL,92.0,11952,NA,Reg,Inside,NWAmes,Pos,1Fam,2.0Story,7,6,1977,1977,Oth,None,0.0,TA,Gd,CBlock,Gd,TA,No,Unf,Unf,808,TA,Y,SBrkr,1161,808,0,1969,0,0,2,1,3,1,TA,8,Typ,1,Gd,Attchd,RFn,2,534,Y,0,0,0,0,276,0,NA,0,WD,Normal,190000,12.154779351142624,Plywood,Finished,Other
180,RM,35.0,3675,NA,Reg,Inside,Edwards,Norm,Twnhs,SLvl,6,5,2005,2005,Gable,BrkFace,80.0,TA,Gd,PConc,Gd,TA,Gd,GLQ,Unf,547,Ex,Y,SBrkr,1072,0,0,1072,1,0,1,0,2,1,TA,5,Typ,0,NA,Attchd,RFn,2,525,Y,0,28,0,0,0,0,NA,0,WD,Normal,148000,11.904967552746252,VinylSd,Finished,Siding
20,RL,110.0,14977,NA,IR,Inside,NridgHt,Norm,1Fam,1.0Story,8,5,2006,2007,Gable,BrkFace,304.0,Gd,Gd,PConc,Ex,TA,Gd,GLQ,Unf,1976,Ex,Y,SBrkr,1976,0,0,1976,1,0,2,0,2,1,Gd,7,Typ,1,Gd,Attchd,RFn,3,908,Y,250,63,0,0,0,0,NA,0,Oth,Partial,440000,12.994530005894443,VinylSd,Finished,Siding
120,RL,41.0,5330,NA,Reg,Inside,StoneBr,Norm,Twnhs,1.0Story,8,5,2000,2000,Gable,None,0.0,Gd,Gd,PConc,Gd,TA,Av,GLQ,Unf,1494,Ex,Y,SBrkr,1652,0,0,1652,1,0,2,0,2,1,Ex,6,Typ,0,NA,Attchd,RFn,2,499,Y,96,48,0,0,0,0,NA,0,WD,Normal,251000,12.43320821811392,Other,Finished,Other
20,RL,80.0,8480,NA,Reg,Corner,Sawyer,Norm,1Fam,1.0Story,5,6,1963,1963,Hip,None,0.0,TA,Gd,CBlock,TA,TA,No,GLQ,Unf,970,TA,Y,SBrkr,970,0,0,970,1,0,1,0,2,1,TA,5,Typ,0,NA,Detchd,Unf,2,624,Y,0,24,0,0,192,0,NA,0,WD,Normal,132500,11.794337924408413,HdBoard,Finished,Other
20,RL,75.0,13125,NA,Reg,Inside,CollgCr,Norm,1Fam,1.0Story,6,5,1997,1998,Gable,BrkFace,215.0,TA,Gd,PConc,Gd,TA,Gd,GLQ,Unf,1478,Ex,Y,SBrkr,1493,0,0,1493,1,0,2,0,3,1,Gd,7,Typ,1,TA,Attchd,Fin,2,508,Y,140,39,0,0,0,0,NA,0,WD,Normal,208900,12.249610947544657,VinylSd,Finished,Siding
60,RL,105.0,13693,NA,Reg,Inside,NridgHt,Norm,1Fam,2.0Story,9,5,2006,2006,Hip,BrkFace,772.0,Ex,Gd,PConc,Gd,TA,Av,Unf,Unf,2153,Ex,Y,SBrkr,2069,574,0,2643,0,0,2,1,3,1,Ex,9,Typ,1,Gd,Attchd,Fin,3,694,Y,414,84,0,0,0,0,NA,0,WD,Normal,380000,12.84792653170257,VinylSd,Finished,Siding
20,RL,79.0,10637,NA,Reg,Inside,CollgCr,Norm,1Fam,1.0Story,8,5,2007,2008,Hip,Stone,336.0,Gd,Gd,PConc,Ex,TA,Gd,GLQ,Unf,1705,Ex,Y,SBrkr,1718,0,0,1718,1,0,2,0,3,1,Gd,7,Typ,1,Gd,Attchd,RFn,3,826,Y,208,44,0,0,0,0,NA,0,WD,Normal,297000,12.601487417784837,VinylSd,Finished,Siding
30,RM,50.0,5925,NA,Reg,Inside,OldTown,Norm,1Fam,1.0Story,4,7,1937,2000,Hip,BrkCmn,435.0,TA,Gd,BrkTil,Fa,TA,No,Rec,Unf,907,TA,Y,SBrkr,1131,0,0,1131,0,0,1,0,2,1,TA,7,Typ,0,NA,Detchd,Unf,2,672,Y,0,72,0,0,0,0,Fence,0,WD,Abnorml,89471,11.401669829409995,Stucco,Finished,Other
20,RL,98.0,16033,NA,IR,FR2,NridgHt,Norm,1Fam,1.0Story,9,5,2004,2005,Hip,BrkFace,378.0,Gd,Gd,PConc,Ex,TA,Gd,GLQ,Unf,1833,Ex,Y,SBrkr,1850,0,0,1850,1,0,2,0,3,1,Gd,8,Typ,1,Gd,Attchd,Fin,3,772,Y,519,112,0,0,0,0,NA,0,WD,Normal,326000,12.694652660348845,VinylSd,Finished,Siding
20,RL,72.0,11846,NA,IR,Inside,NridgHt,Norm,1Fam,1.0Story,9,5,2003,2004,Hip,BrkFace,562.0,Gd,Gd,PConc,Ex,TA,Gd,GLQ,Unf,1792,Ex,Y,SBrkr,1792,0,0,1792,1,0,2,0,2,1,Ex,6,Typ,1,Gd,Attchd,Fin,3,874,Y,206,49,0,0,0,0,NA,0,WD,Normal,374000,12.832011076396668,VinylSd,Finished,Siding
70,RM,50.0,2500,Pave,Reg,Corner,OldTown,Norm,1Fam,2.0Story,7,8,1915,2005,Gable,None,0.0,Gd,Gd,PConc,TA,TA,No,ALQ,Unf,910,Ex,Y,SBrkr,916,910,0,1826,1,0,1,1,4,1,Ex,7,Atype,1,Gd,Attchd,Unf,1,164,Y,0,0,0,0,0,0,NA,0,WD,Normal,155000,11.951180395901384,Stucco,Finished,Other
120,RM,32.0,4500,NA,Reg,FR2,Mitchel,Norm,Twnhs,1.0Story,6,5,1998,1998,Hip,BrkFace,116.0,TA,Gd,PConc,Ex,TA,No,GLQ,Unf,1216,Ex,Y,SBrkr,1216,0,0,1216,1,0,2,0,2,1,TA,5,Typ,0,NA,Attchd,Unf,2,402,Y,0,125,0,0,0,0,NA,0,WD,Normal,164000,12.007621706806335,VinylSd,Finished,Siding
20,RL,70.05,7758,NA,IR,Corner,Sawyer,Norm,1Fam,1.0Story,5,7,1962,2001,Gable,None,0.0,TA,Gd,CBlock,TA,TA,No,ALQ,Unf,999,Gd,Y,SBrkr,999,0,0,999,1,0,1,0,3,1,Gd,6,Typ,0,NA,Detchd,Unf,1,264,Y,0,132,0,0,0,0,NA,0,WD,Normal,132500,11.794337924408413,Plywood,Finished,Other
20,RL,80.0,9600,NA,Reg,Inside,NAmes,Norm,1Fam,1.0Story,5,7,1950,2007,Gable,None,0.0,Gd,Gd,CBlock,TA,TA,No,ALQ,Unf,1113,Gd,Y,SBrkr,1113,0,0,1113,0,0,1,0,3,1,Gd,5,Typ,1,Gd,Attchd,Unf,1,264,Y,0,80,120,0,0,0,NA,0,WD,Normal,147000,11.898187865760873,MetalSd,Finished,Siding
20,RL,79.0,10289,NA,Reg,Inside,NAmes,Norm,1Fam,1.0Story,5,7,1965,1965,Hip,BrkFace,168.0,TA,Gd,CBlock,TA,TA,No,ALQ,Unf,1073,TA,Y,SBrkr,1073,0,0,1073,1,0,1,1,3,1,TA,6,Typ,0,NA,Attchd,RFn,2,515,Y,0,0,0,0,0,0,NA,0,WD,Normal,156000,11.957611286231675,MetalSd,Finished,Siding
20,RL,70.0,12243,NA,IR,Inside,NWAmes,Norm,1Fam,1.0Story,5,6,1971,1971,Gable,None,0.0,TA,Gd,CBlock,Gd,TA,Av,ALQ,Unf,1484,Gd,Y,SBrkr,1484,0,0,1484,0,0,2,0,3,1,TA,7,Typ,1,TA,Attchd,Unf,2,487,Y,224,0,0,0,180,0,NA,0,WD,Normal,175000,12.072541252905651,Plywood,Finished,Other
190,RL,60.0,10800,NA,Reg,Corner,OldTown,Norm,Oth,1.5Story,5,4,1900,1970,Gable,None,0.0,TA,Fa,CBlock,TA,Fa,No,BLQ,Unf,954,TA,N,Fuse,1766,648,0,2414,0,0,2,0,3,2,TA,10,Atype,1,Gd,Attchd,Unf,2,520,N,142,0,0,0,0,0,NA,0,Oth,Normal,160000,11.982929094215963,Wood,Finished,Siding
180,RM,21.0,1526,NA,Reg,Inside,MeadowV,Norm,Twnhs,SFoyer,4,8,1970,2002,Gable,None,0.0,TA,Gd,CBlock,Gd,TA,Av,GLQ,Unf,630,TA,Y,SBrkr,630,0,0,630,1,0,1,0,1,1,Gd,3,Typ,0,NA,Attchd,Unf,1,286,Y,0,0,0,0,0,0,NA,0,WD,Normal,86000,11.362102575235644,Other,Finished,Other
160,RM,70.05,2665,NA,Reg,Inside,MeadowV,Norm,Twnhs,2.0Story,5,6,1976,1976,Gable,None,0.0,TA,Gd,PConc,Gd,TA,Mn,Unf,Unf,264,TA,Y,SBrkr,616,688,0,1304,0,0,1,1,3,1,TA,4,Typ,1,Gd,Attchd,Fin,1,336,Y,141,24,0,0,0,0,NA,0,WD,Normal,115000,11.652687407345388,Other,Finished,Other
50,RL,79.0,9490,NA,Reg,Inside,NAmes,Artery,1Fam,1.5Story,6,7,1941,1950,Gable,None,0.0,TA,Gd,CBlock,TA,TA,No,BLQ,Rec,806,TA,Y,Fuse,958,620,0,1578,1,0,1,0,3,1,Fa,5,Typ,2,TA,Attchd,Unf,1,240,Y,0,0,32,0,0,0,Fence,0,WD,Normal,133000,11.79810440720389,Wood,Finished,Siding
60,RL,105.0,15578,NA,IR,Corner,Gilbert,Norm,1Fam,2.0Story,6,5,2006,2006,Gable,None,0.0,Gd,Gd,PConc,Gd,TA,No,Unf,Unf,728,Gd,Y,SBrkr,728,728,0,1456,0,0,2,1,3,1,TA,8,Typ,0,NA,Attchd,RFn,2,429,Y,0,0,0,0,0,0,NA,0,Oth,Partial,172785,12.059803326028716,VinylSd,Finished,Siding
20,RL,70.0,7931,NA,Reg,Inside,NAmes,Norm,1Fam,1.0Story,5,6,1960,1960,Gable,None,0.0,TA,Gd,CBlock,TA,TA,No,BLQ,LwQ,1269,TA,Y,Fuse,1269,0,0,1269,0,0,1,1,3,1,TA,6,Typ,1,Po,Detchd,Unf,1,308,Y,0,0,0,0,0,0,NA,0,WD,Normal,155000,11.951180395901384,Wood,Finished,Siding
30,RM,50.0,5784,NA,Reg,Inside,OldTown,Artery,1Fam,1.0Story,5,8,1938,1996,Gable,None,0.0,TA,Gd,BrkTil,Fa,TA,No,Unf,Unf,190,Gd,Y,Fuse,886,0,0,886,0,0,1,0,2,1,TA,4,Typ,0,NA,Attchd,Unf,1,273,Y,144,20,80,0,0,0,NA,0,WD,Normal,91300,11.421906066583059,MetalSd,Finished,Siding
30,C (all),60.0,7879,NA,Reg,Inside,IDOTRR,Norm,1Fam,1.0Story,4,5,1920,1950,Gable,None,0.0,TA,Gd,CBlock,TA,TA,No,Rec,Unf,720,TA,N,Fuse,720,0,0,720,0,0,1,0,2,1,TA,4,Typ,0,NA,NA,NA,0,0,N,0,523,115,0,0,0,Fence,0,WD,Abnorml,34900,10.460242108190519,Wood,Finished,Siding
20,RL,70.05,12692,NA,IR,Inside,NoRidge,Norm,1Fam,1.0Story,8,5,1992,1993,Hip,None,0.0,Gd,Gd,PConc,Gd,TA,No,GLQ,Unf,3200,Ex,Y,SBrkr,3228,0,0,3228,1,0,3,0,4,1,Gd,10,Typ,1,Gd,Attchd,RFn,2,546,Y,264,75,291,0,0,0,NA,0,WD,Normal,430000,12.971540487669746,Other,Finished,Other
50,RL,60.0,9120,Pave,Reg,Inside,BrkSide,Norm,1Fam,1.5Story,7,6,1925,1950,Gable,None,0.0,TA,Gd,PConc,TA,TA,No,Rec,Unf,1026,Ex,Y,SBrkr,1133,687,0,1820,1,0,2,0,4,1,TA,8,Typ,0,NA,Detchd,Unf,1,240,N,0,100,0,0,0,0,Fence,0,WD,Normal,184000,12.122691036591123,Wood,Finished,Siding
20,RL,65.0,7800,NA,Reg,Inside,Sawyer,Norm,1Fam,1.0Story,5,7,1967,2004,Hip,BrkFace,89.0,TA,Gd,PConc,TA,TA,No,ALQ,Unf,864,Ex,Y,SBrkr,899,0,0,899,0,0,1,0,3,1,Gd,5,Typ,0,NA,Attchd,Fin,1,288,Y,64,0,0,0,0,0,Fence,0,WD,Normal,130000,11.77528972943772,HdBoard,Finished,Other
20,RL,70.0,7535,NA,IR,Inside,NAmes,Norm,1Fam,1.0Story,5,7,1958,1985,Gable,None,0.0,TA,Gd,CBlock,TA,TA,No,BLQ,LwQ,912,Fa,Y,SBrkr,912,0,0,912,0,1,1,0,2,1,TA,5,Typ,0,NA,Attchd,Fin,1,297,Y,12,285,0,0,0,0,Fence,480,WD,Normal,120000,11.695247021764184,MetalSd,Finished,Siding
160,RM,21.0,1890,NA,Reg,Inside,BrDale,Norm,Twnhs,2.0Story,6,5,1973,1973,Gable,BrkFace,285.0,TA,Gd,CBlock,TA,TA,No,BLQ,Unf,672,TA,Y,SBrkr,672,546,0,1218,0,0,1,1,3,1,TA,7,Typ,0,NA,Detchd,Unf,1,264,Y,144,28,0,0,0,0,NA,0,WD,Normal,113000,11.635143097694478,HdBoard,Finished,Other
60,FV,75.0,9803,NA,Reg,Inside,Somerst,Norm,1Fam,2.0Story,7,5,2005,2005,Gable,None,0.0,Gd,Gd,PConc,Gd,TA,No,GLQ,Unf,866,Gd,Y,SBrkr,866,902,0,1768,0,0,2,1,3,1,Gd,7,Typ,0,NA,Attchd,RFn,2,603,Y,0,108,0,0,0,0,NA,0,WD,Normal,226700,12.33138283649562,VinylSd,Finished,Siding
20,RL,70.0,9170,NA,Reg,Corner,Edwards,Feedr,1Fam,1.0Story,5,7,1965,1965,Hip,None,0.0,TA,Gd,CBlock,TA,TA,No,ALQ,GLQ,1214,Ex,Y,SBrkr,1214,0,0,1214,1,0,1,0,2,1,TA,6,Typ,0,NA,Detchd,Unf,2,461,Y,0,0,184,0,0,0,Fence,400,WD,Normal,140000,11.84939770159144,MetalSd,Finished,Siding
20,RL,100.0,15602,NA,IR,Inside,Crawfor,Norm,1Fam,1.0Story,7,8,1959,1997,Gable,None,0.0,TA,Gd,CBlock,TA,TA,No,ALQ,Unf,1501,TA,Y,SBrkr,1801,0,0,1801,1,0,2,0,1,1,TA,6,Typ,2,TA,Attchd,Fin,2,484,Y,0,54,0,0,161,0,Fence,0,WD,Normal,289000,12.57418196709457,Wood,Finished,Siding
160,RL,24.0,2308,NA,Reg,Inside,NPkVill,Norm,Twnhs,2.0Story,6,5,1974,1974,Gable,None,0.0,TA,Gd,CBlock,TA,TA,No,ALQ,Rec,855,TA,Y,SBrkr,855,467,0,1322,0,1,2,1,3,1,TA,6,Typ,1,Po,Attchd,Unf,2,440,Y,260,0,0,0,0,0,NA,0,WD,Normal,147000,11.898187865760873,Other,Finished,Other
90,RM,60.0,7596,Grvl,Reg,Inside,OldTown,Artery,Oth,2.0Story,5,5,1952,1952,Hip,BrkFace,360.0,TA,Gd,CBlock,TA,TA,No,Unf,Unf,960,Gd,Y,SBrkr,960,1000,0,1960,0,0,2,0,4,2,TA,10,Typ,0,NA,Detchd,Unf,2,400,N,0,0,0,0,0,0,NA,0,Oth,Normal,124500,11.732060994886899,Wood,Finished,Siding
60,RL,80.0,9554,NA,IR,Inside,SawyerW,Norm,1Fam,2.0Story,8,5,1993,1994,Gable,BrkFace,125.0,Gd,Gd,PConc,Gd,TA,No,GLQ,Unf,777,Ex,Y,SBrkr,1065,846,0,1911,0,0,2,1,3,1,Gd,8,Typ,1,TA,Attchd,RFn,2,471,Y,182,81,0,0,0,0,NA,0,WD,Normal,215000,12.2783933071098,VinylSd,Finished,Siding
20,FV,75.0,7862,NA,IR,Inside,Somerst,Norm,1Fam,1.0Story,6,5,2009,2009,Gable,None,0.0,Gd,Gd,PConc,Gd,TA,No,GLQ,Unf,1218,Ex,Y,SBrkr,1218,0,0,1218,0,0,2,0,2,1,Gd,4,Typ,0,NA,Attchd,Fin,2,676,Y,0,102,0,0,0,0,NA,0,Oth,Partial,208300,12.246734627249063,VinylSd,Finished,Siding
70,RM,60.0,9600,NA,Reg,Inside,OldTown,Norm,1Fam,2.0Story,7,9,1928,2005,Oth,None,0.0,TA,Gd,BrkTil,TA,TA,No,Rec,Unf,689,Ex,Y,SBrkr,689,689,0,1378,0,0,2,0,3,1,Gd,7,Typ,1,Gd,Detchd,Unf,2,360,N,0,0,116,0,0,0,NA,0,WD,Normal,161000,11.9891596439666,MetalSd,Finished,Siding
20,RL,80.0,9600,NA,Reg,Corner,NAmes,Norm,1Fam,1.0Story,5,6,1959,1959,Gable,BrkFace,132.0,TA,Gd,CBlock,TA,TA,No,ALQ,Unf,1041,Ex,Y,SBrkr,1041,0,0,1041,1,0,1,0,3,1,TA,6,Typ,0,NA,Attchd,RFn,1,270,Y,224,88,0,0,0,0,Fence,0,WD,Normal,124500,11.732060994886899,MetalSd,Finished,Siding
20,RL,75.0,14559,NA,Reg,Inside,NAmes,Norm,1Fam,1.0Story,5,7,1951,2000,Hip,BrkCmn,70.0,Gd,Gd,CBlock,TA,TA,No,BLQ,Rec,1008,Ex,Y,SBrkr,1363,0,0,1363,1,0,1,0,2,1,TA,6,Atype,2,TA,Detchd,Unf,1,288,Y,324,42,0,0,168,0,NA,2000,WD,Normal,164900,12.01309450854769,Wood,Finished,Siding
120,RL,40.0,6792,NA,IR,Inside,NridgHt,Norm,Twnhs,1.0Story,7,5,2005,2006,Gable,Stone,94.0,Gd,Gd,PConc,Gd,TA,No,Unf,Unf,1368,Ex,Y,SBrkr,1368,0,0,1368,0,0,2,0,2,1,Gd,6,Typ,1,Gd,Attchd,RFn,2,474,Y,132,35,0,0,0,0,NA,0,Oth,Partial,202665,12.219309648562168,VinylSd,Finished,Siding
20,RL,70.0,9100,NA,Reg,Corner,NAmes,Feedr,1Fam,1.0Story,5,5,1958,1958,Gable,None,0.0,TA,Gd,CBlock,TA,TA,No,BLQ,LwQ,864,TA,Y,SBrkr,864,0,0,864,1,0,1,0,3,1,TA,5,Typ,0,NA,Detchd,Unf,2,624,Y,0,0,0,0,0,0,NA,0,WD,Normal,129900,11.77452020265869,VinylSd,Finished,Siding
20,RL,71.0,9187,NA,Reg,Corner,Mitchel,Norm,1Fam,1.0Story,6,5,1983,1983,Gable,None,0.0,TA,Gd,PConc,TA,TA,No,ALQ,Unf,1084,TA,Y,SBrkr,1080,0,0,1080,0,0,1,1,3,1,TA,5,Typ,0,NA,Attchd,Unf,2,484,Y,120,0,158,0,0,0,NA,0,WD,Normal,134000,11.805595078933049,VinylSd,Finished,Siding
45,RL,55.0,10594,NA,Reg,Inside,Crawfor,Norm,1Fam,1.5Story,5,5,1926,1950,Gable,None,0.0,TA,Gd,BrkTil,TA,TA,No,Unf,Unf,768,Fa,N,SBrkr,789,0,0,789,0,0,1,0,2,1,TA,5,Typ,0,NA,Detchd,Unf,1,200,Y,0,0,112,0,0,0,Fence,0,WD,Normal,96500,11.477298287327077,Wood,Unfinished,Siding
20,RL,94.0,12220,NA,Reg,Inside,NridgHt,Norm,1Fam,1.0Story,10,5,2009,2009,Hip,BrkFace,305.0,Ex,Gd,CBlock,Ex,TA,No,GLQ,Unf,2006,Ex,Y,SBrkr,2020,0,0,2020,1,0,2,1,3,1,Ex,9,Typ,1,Gd,Attchd,Fin,3,900,Y,156,54,0,0,0,0,NA,0,Oth,Partial,402861,12.906346868281233,Other,Finished,Other
80,RL,70.05,10448,NA,IR,Corner,NWAmes,Norm,1Fam,SLvl,6,6,1972,1972,Gable,BrkFace,333.0,TA,Gd,CBlock,TA,TA,No,Unf,Unf,689,TA,Y,SBrkr,1378,741,0,2119,0,0,2,1,3,1,TA,7,Typ,1,TA,Attchd,RFn,2,583,Y,0,104,0,0,0,0,Fence,0,Oth,Abnorml,158000,11.970350312009105,HdBoard,Finished,Other
60,RL,79.0,10208,NA,IR,Inside,NoRidge,Norm,1Fam,2.0Story,7,5,1996,1997,Gable,BrkFace,921.0,Gd,Gd,PConc,Gd,TA,No,Unf,Unf,1264,Ex,Y,SBrkr,1277,1067,0,2344,0,0,2,1,3,1,Gd,7,Typ,1,TA,Attchd,RFn,3,889,Y,220,0,0,0,0,0,NA,0,WD,Normal,265000,12.487485104968359,VinylSd,Finished,Siding
60,RL,70.05,9531,NA,IR,CulDSac,CollgCr,Norm,1Fam,2.0Story,6,5,1998,1998,Gable,None,0.0,TA,Gd,PConc,Gd,TA,Mn,GLQ,Unf,794,Ex,Y,SBrkr,882,914,0,1796,1,0,2,1,3,1,TA,7,Typ,0,NA,Attchd,RFn,2,546,Y,0,36,0,0,0,0,Fence,0,WD,Normal,211000,12.259613412458204,VinylSd,Finished,Siding
70,RL,53.0,10918,NA,Reg,Inside,Crawfor,Norm,1Fam,2.0Story,7,9,1926,2004,Oth,None,0.0,Gd,Gd,BrkTil,Gd,TA,No,Unf,Unf,1276,Ex,Y,SBrkr,1276,804,0,2080,0,0,1,1,3,1,Gd,9,Typ,2,Gd,Detchd,Unf,1,282,Y,0,0,0,0,145,0,Fence,0,WD,Normal,234000,12.363076394339839,MetalSd,Finished,Siding
190,RL,60.0,10800,Grvl,Reg,Inside,OldTown,Norm,Oth,2.0Story,4,7,1900,2000,Gable,None,0.0,TA,Gd,BrkTil,NA,NA,No,NA,NA,0,TA,N,Fuse,694,600,0,1294,0,0,2,0,3,2,TA,7,Typ,0,NA,NA,NA,0,0,N,220,114,210,0,0,0,NA,0,WD,Normal,106250,11.573550086786664,MetalSd,Finished,Siding
20,RL,90.0,11988,NA,IR,Corner,NAmes,Feedr,1Fam,1.0Story,6,6,1957,1957,Gable,None,0.0,TA,Gd,CBlock,TA,TA,No,Rec,Unf,1244,Ex,Y,Fuse,1244,0,0,1244,0,0,1,1,3,1,TA,6,Typ,2,Gd,Attchd,Unf,1,336,Y,0,40,0,0,0,0,NA,0,WD,Normal,150000,11.918390573078392,VinylSd,Finished,Siding
50,RM,50.0,5000,NA,Reg,Corner,BrkSide,Feedr,1Fam,1.5Story,6,7,1947,1950,Gable,None,0.0,TA,Gd,CBlock,TA,TA,No,ALQ,Unf,1004,Ex,Y,SBrkr,1004,660,0,1664,0,0,2,0,3,1,TA,7,Typ,2,Gd,Detchd,Unf,2,420,Y,0,24,36,0,0,0,NA,0,WD,Normal,159000,11.976659481202368,Other,Finished,Other
60,RL,130.0,40094,NA,IR,Inside,Edwards,Pos,1Fam,2.0Story,10,5,2007,2008,Hip,Stone,762.0,Ex,Gd,PConc,Ex,TA,Gd,GLQ,Unf,3138,Ex,Y,SBrkr,3138,1538,0,4676,1,0,3,1,3,1,Ex,11,Typ,1,Gd,Attchd,Fin,3,884,Y,208,406,0,0,0,0,NA,0,Oth,Partial,184750,12.126758838810447,Other,Finished,Other
60,RL,95.0,11787,NA,IR,Inside,NoRidge,Norm,1Fam,2.0Story,7,5,1996,1997,Gable,BrkFace,594.0,Gd,Gd,PConc,Gd,TA,No,GLQ,Unf,1379,Ex,Y,SBrkr,1383,1015,0,2398,1,0,2,1,3,1,Gd,8,Typ,1,TA,Attchd,Fin,3,834,Y,239,60,0,0,0,0,NA,0,WD,Normal,315750,12.662706040212738,VinylSd,Finished,Siding
20,FV,62.0,7500,Pave,Reg,Inside,Somerst,Norm,1Fam,1.0Story,7,5,2005,2005,Gable,None,0.0,Gd,Gd,PConc,Gd,TA,No,Unf,Unf,1257,Ex,Y,SBrkr,1266,0,0,1266,0,0,2,0,3,1,Gd,6,Typ,1,TA,Attchd,Unf,2,453,Y,38,144,0,0,0,0,NA,0,WD,Normal,176000,12.078239274020289,VinylSd,Finished,Siding
20,RL,70.0,13300,NA,Reg,Inside,NAmes,Norm,1Fam,1.0Story,5,7,1956,2000,Hip,None,0.0,TA,Gd,CBlock,Gd,TA,No,Rec,Unf,928,TA,Y,SBrkr,928,0,0,928,0,0,1,0,2,1,TA,4,Typ,0,NA,Attchd,Unf,1,252,Y,261,0,156,0,0,0,NA,0,WD,Normal,132000,11.790557201568507,Wood,Finished,Siding
60,RL,67.0,14948,NA,IR,Inside,NridgHt,Norm,1Fam,2.0Story,9,5,2008,2008,Hip,Stone,268.0,Ex,Gd,PConc,Ex,TA,Av,GLQ,Unf,1452,Ex,Y,SBrkr,1476,1237,0,2713,1,0,2,1,3,1,Ex,11,Typ,1,Gd,Attchd,Fin,3,858,Y,126,66,0,0,0,0,NA,0,Oth,Partial,446261,13.008659261632127,VinylSd,Finished,Siding
30,RL,58.0,9098,NA,IR,Inside,Edwards,Norm,1Fam,1.0Story,4,7,1920,2002,Gable,None,0.0,TA,Gd,BrkTil,TA,TA,Mn,ALQ,Unf,528,Ex,Y,SBrkr,605,0,0,605,1,0,1,0,2,1,TA,5,Typ,0,NA,NA,NA,0,0,N,0,0,144,0,0,0,NA,0,WD,Normal,86000,11.362102575235644,Wood,Finished,Siding
20,RL,70.05,32668,NA,IR,CulDSac,Crawfor,Norm,1Fam,1.0Story,6,3,1957,1975,Hip,None,0.0,Gd,Gd,PConc,TA,TA,No,Rec,Unf,2035,TA,Y,SBrkr,2515,0,0,2515,1,0,3,0,4,2,TA,9,Atype,2,TA,Attchd,RFn,2,484,Y,0,0,200,0,0,0,NA,0,WD,Abnorml,200624,12.209187788430318,Other,Finished,Other
80,RL,85.0,10200,NA,Reg,Inside,Timber,Norm,1Fam,SLvl,6,5,1988,1989,Gable,BrkFace,219.0,Gd,Gd,CBlock,Gd,TA,Av,GLQ,Unf,1461,Ex,Y,SBrkr,1509,0,0,1509,1,0,2,0,3,1,Gd,5,Typ,1,Po,Attchd,RFn,2,600,Y,224,0,0,0,0,0,NA,0,WD,Abnorml,175000,12.072541252905651,HdBoard,Finished,Other
70,RM,60.0,6155,NA,IR,FR3,BrkSide,NRR,1Fam,2.0Story,6,8,1920,1999,Gable,None,0.0,TA,Gd,BrkTil,Fa,Fa,Mn,Unf,Unf,611,Ex,Y,SBrkr,751,611,0,1362,0,0,2,0,3,1,TA,6,Typ,0,NA,Detchd,Fin,2,502,Y,0,0,84,0,0,0,NA,0,WD,Normal,128000,11.759785542901755,Wood,Finished,Siding
20,RL,60.0,7200,NA,Reg,Inside,NAmes,Norm,1Fam,1.0Story,5,7,1955,2007,Gable,None,0.0,TA,Gd,Oth,NA,NA,No,NA,NA,0,Ex,Y,SBrkr,827,0,0,827,0,0,1,0,2,1,TA,5,Atype,1,Po,Detchd,Unf,1,392,Y,0,0,0,0,0,0,NA,0,WD,Normal,107500,11.585246126549855,VinylSd,Finished,Siding
20,RL,50.0,5000,NA,Reg,Inside,BrkSide,Norm,1Fam,1.0Story,1,3,1946,1950,Gable,None,0.0,Fa,Fa,Oth,NA,NA,No,NA,NA,0,Fa,N,Fuse,334,0,0,334,0,0,1,0,1,1,Fa,2,Typ,0,NA,NA,NA,0,0,N,0,0,0,0,0,0,NA,0,WD,Normal,39300,10.578979797857352,VinylSd,Finished,Siding
60,RL,74.0,9056,NA,IR,Inside,Gilbert,Norm,1Fam,2.0Story,8,5,2004,2004,Gable,None,0.0,Gd,Gd,PConc,Ex,Gd,Av,Unf,Unf,707,Ex,Y,SBrkr,707,707,0,1414,0,0,2,1,3,1,Gd,6,Typ,1,Gd,Attchd,Fin,2,403,Y,100,35,0,0,0,0,NA,0,WD,Normal,178000,12.089538829274222,VinylSd,Finished,Siding
190,RL,70.0,7000,NA,Reg,Inside,Edwards,Norm,Oth,2.0Story,5,7,1910,1991,Gable,None,0.0,TA,Gd,CBlock,Gd,TA,Gd,GLQ,Unf,1117,TA,Y,SBrkr,820,527,0,1347,1,0,1,0,3,1,TA,5,Typ,0,NA,NA,NA,0,0,N,85,0,148,0,0,0,NA,0,WD,Normal,107500,11.585246126549855,MetalSd,Finished,Siding
60,RL,57.0,8924,NA,IR,CulDSac,CollgCr,Norm,1Fam,2.0Story,7,5,1998,1999,Gable,None,0.0,TA,Gd,PConc,Gd,TA,Av,Unf,Unf,880,Ex,Y,SBrkr,880,844,0,1724,0,0,2,1,3,1,Gd,8,Typ,0,NA,Attchd,Fin,2,527,Y,120,155,0,0,0,0,NA,0,WD,Normal,188000,12.144197241812087,VinylSd,Finished,Siding
20,RL,70.05,12735,NA,IR,FR2,NAmes,Norm,1Fam,1.0Story,4,5,1972,1972,Hip,None,0.0,TA,Gd,CBlock,TA,TA,No,BLQ,Unf,864,TA,Y,SBrkr,864,0,0,864,0,0,1,0,3,1,TA,5,Typ,0,NA,Detchd,Unf,2,576,Y,216,0,0,0,0,0,Fence,0,Oth,Normal,111250,11.619535200028487,MetalSd,Finished,Siding
20,RL,70.05,11553,NA,IR,Inside,Sawyer,Norm,1Fam,1.0Story,5,5,1968,1968,Hip,BrkFace,188.0,TA,Gd,CBlock,TA,TA,No,BLQ,Unf,1051,TA,Y,SBrkr,1159,0,0,1159,0,0,1,1,3,1,TA,7,Typ,1,Po,Attchd,Unf,1,336,Y,466,0,0,0,0,0,NA,0,WD,Normal,158000,11.970350312009105,Plywood,Finished,Other
20,RL,70.05,11423,NA,Reg,Inside,CollgCr,Norm,1Fam,1.0Story,8,5,2001,2002,Gable,BrkFace,479.0,Gd,Gd,PConc,Gd,TA,Av,GLQ,Unf,1581,Ex,Y,SBrkr,1601,0,0,1601,1,0,2,0,3,1,Gd,6,Typ,1,TA,Attchd,RFn,2,670,Y,180,0,0,0,0,0,Fence,2000,WD,Normal,272000,12.513557345278134,VinylSd,Finished,Siding
20,RL,85.0,14601,NA,Reg,Inside,Timber,Norm,1Fam,1.0Story,9,5,2006,2006,Hip,BrkFace,584.0,Ex,Gd,PConc,Ex,TA,Av,GLQ,Unf,1838,Ex,Y,SBrkr,1838,0,0,1838,1,0,2,0,2,1,Ex,8,Typ,1,Gd,Attchd,Fin,3,765,Y,270,68,0,0,0,0,NA,0,WD,Normal,315000,12.66032791780777,VinylSd,Finished,Siding
60,RL,70.05,11000,NA,Reg,FR2,NoRidge,Norm,1Fam,2.0Story,8,5,2000,2000,Gable,BrkFace,72.0,Gd,Gd,PConc,Gd,TA,No,Unf,Unf,969,Ex,Y,SBrkr,997,1288,0,2285,0,0,2,1,4,1,Gd,8,Typ,1,TA,Attchd,Fin,3,648,Y,0,56,0,0,0,0,NA,0,WD,Normal,248000,12.421184025147118,VinylSd,Finished,Siding
20,RL,78.0,10140,NA,Reg,Inside,NWAmes,NRR,1Fam,1.0Story,7,5,1998,1999,Hip,None,0.0,Gd,Gd,PConc,Ex,TA,No,LwQ,GLQ,1650,Ex,Y,SBrkr,1680,0,0,1680,1,0,2,0,3,1,Gd,7,Atype,1,TA,Attchd,Fin,2,583,Y,78,73,0,0,0,0,NA,0,WD,Normal,213250,12.270220465353926,VinylSd,Finished,Siding
120,RH,34.0,4058,NA,Reg,Inside,NAmes,Norm,Twnhs,SFoyer,7,5,1998,1998,Gable,BrkFace,182.0,TA,Gd,PConc,Gd,TA,Av,GLQ,LwQ,723,Ex,Y,SBrkr,767,0,0,767,1,0,1,0,1,1,TA,4,Typ,0,NA,Attchd,Fin,1,367,Y,120,40,0,0,0,0,NA,0,WD,Normal,133000,11.79810440720389,MetalSd,Finished,Siding
60,RL,58.0,17104,NA,IR,Inside,Gilbert,Norm,1Fam,2.0Story,7,5,2006,2006,Gable,None,0.0,Gd,Gd,PConc,Gd,Gd,Av,GLQ,Unf,654,Ex,Y,SBrkr,664,832,0,1496,1,0,2,1,3,1,Gd,7,Typ,1,Gd,Attchd,RFn,2,426,Y,100,24,0,0,0,0,NA,0,Oth,Partial,179665,12.09884928474215,VinylSd,Finished,Siding
50,RL,70.05,13837,NA,IR,Corner,NWAmes,Norm,1Fam,1.5Story,7,5,1988,1988,Gable,BrkFace,178.0,Gd,Gd,PConc,Gd,Gd,No,GLQ,LwQ,1204,Gd,Y,SBrkr,1377,806,0,2183,0,0,2,1,4,1,Gd,9,Typ,0,NA,Attchd,Unf,3,786,Y,0,0,0,0,0,0,NA,0,WD,Normal,229000,12.341477282536376,HdBoard,Finished,Other
50,RL,70.0,8737,NA,IR,Inside,BrkSide,Norm,1Fam,1.5Story,6,7,1923,1950,Gable,None,0.0,TA,Gd,BrkTil,Gd,TA,No,Rec,Unf,1065,Ex,Y,Fuse,915,720,0,1635,0,0,1,1,3,1,TA,6,Typ,1,Gd,Detchd,Unf,2,440,Y,0,38,0,144,0,0,NA,0,WD,Normal,210000,12.254862809699606,Wood,Finished,Siding
85,RL,54.0,7244,NA,Reg,Inside,Mitchel,Norm,1Fam,SFoyer,5,7,1970,1970,Gable,None,0.0,TA,Gd,CBlock,Gd,TA,Av,ALQ,Unf,768,Ex,Y,SBrkr,768,0,0,768,1,0,1,0,2,1,TA,5,Typ,0,NA,Detchd,Unf,2,624,Y,104,0,0,0,0,0,NA,0,WD,Normal,129500,11.771436160121729,VinylSd,Finished,Siding
20,RM,49.0,8235,NA,IR,Inside,OldTown,Feedr,1Fam,1.0Story,5,7,1955,1995,Gable,None,0.0,TA,Gd,CBlock,TA,TA,No,LwQ,Rec,825,TA,Y,SBrkr,825,0,0,825,1,0,1,0,2,1,TA,4,Typ,0,NA,Detchd,RFn,2,720,Y,140,50,0,0,0,0,Fence,0,WD,Normal,125000,11.736069016284437,MetalSd,Finished,Siding
60,FV,75.0,9375,NA,Reg,Inside,Somerst,Norm,1Fam,2.0Story,7,5,2003,2004,Gable,None,0.0,Gd,Gd,PConc,Gd,TA,No,Unf,Unf,912,Ex,Y,SBrkr,912,1182,0,2094,0,0,2,1,4,1,Gd,8,Typ,1,Gd,Attchd,Fin,2,615,Y,182,182,0,0,0,0,NA,0,WD,Normal,263000,12.479909311159902,VinylSd,Finished,Siding
120,RL,53.0,4043,NA,Reg,Inside,NPkVill,Norm,Twnhs,1.0Story,6,6,1977,1977,Gable,None,0.0,TA,Gd,CBlock,Gd,TA,No,ALQ,Unf,1069,TA,Y,SBrkr,1069,0,0,1069,0,0,2,0,2,1,TA,4,Typ,0,NA,Attchd,RFn,2,440,Y,0,55,0,0,200,0,NA,0,Oth,Abnorml,140000,11.84939770159144,Plywood,Finished,Other
20,RM,50.0,6000,NA,Reg,Inside,OldTown,Norm,1Fam,1.0Story,5,6,1957,1957,Hip,None,0.0,TA,Gd,CBlock,TA,TA,No,Rec,Unf,928,Gd,Y,Fuse,928,0,0,928,0,0,1,0,3,1,TA,5,Typ,0,NA,Attchd,Fin,1,288,Y,0,0,0,0,0,0,NA,0,WD,Normal,112500,11.630708500626612,Other,Finished,Other
20,RL,87.0,11146,NA,IR,Inside,NridgHt,Norm,1Fam,1.0Story,8,5,2006,2006,Gable,Stone,250.0,Gd,Gd,PConc,Ex,TA,Av,Unf,Unf,1709,Ex,Y,SBrkr,1717,0,0,1717,0,0,2,0,3,1,Gd,7,Typ,1,Gd,Attchd,RFn,3,908,Y,169,39,0,0,0,0,NA,0,WD,Normal,255500,12.450977688625896,VinylSd,Finished,Siding
20,RL,67.0,8777,NA,Reg,Inside,Edwards,Feedr,1Fam,1.0Story,4,5,1949,2003,Gable,None,0.0,TA,Gd,CBlock,NA,NA,No,NA,NA,0,Ex,Y,SBrkr,1126,0,0,1126,0,0,2,0,2,1,Gd,5,Typ,0,NA,Detchd,Fin,2,520,N,0,96,0,0,0,0,Fence,0,WD,Normal,108000,11.589886506106357,VinylSd,Finished,Siding
60,RL,85.0,10625,NA,Reg,Inside,NridgHt,Norm,1Fam,2.0Story,7,5,2003,2004,Gable,BrkFace,292.0,Gd,Gd,PConc,Gd,TA,No,GLQ,Unf,998,Ex,Y,SBrkr,1006,1040,0,2046,1,0,2,1,3,1,Gd,8,Typ,1,Gd,Attchd,RFn,3,871,Y,320,62,0,0,0,0,NA,0,WD,Normal,284000,12.556729517143344,VinylSd,Finished,Siding
45,RM,58.0,6380,NA,Reg,Inside,BrkSide,Norm,1Fam,1.5Story,5,6,1922,1950,Gable,None,0.0,TA,Gd,BrkTil,TA,Fa,No,Unf,Unf,993,TA,Y,Fuse,1048,0,0,1048,0,0,1,0,2,1,TA,5,Typ,1,Gd,Detchd,Unf,1,280,Y,0,0,116,0,0,0,NA,0,WD,Normal,113000,11.635143097694478,MetalSd,Unfinished,Siding
20,RL,69.0,14850,NA,IR,Inside,NAmes,Norm,1Fam,1.0Story,5,5,1957,1957,Gable,None,0.0,TA,Gd,CBlock,TA,TA,No,Rec,Unf,1092,TA,Y,Fuse,1092,0,0,1092,1,0,1,0,2,1,TA,6,Typ,1,TA,Attchd,Fin,1,299,Y,268,0,0,0,122,0,Fence,0,WD,Normal,141000,11.856515169360305,Wood,Finished,Siding
50,C (all),60.0,11040,NA,Reg,Inside,IDOTRR,Norm,1Fam,1.5Story,4,6,1920,1950,Gable,None,0.0,TA,Gd,CBlock,TA,TA,No,Rec,Unf,637,Gd,Y,SBrkr,897,439,0,1336,0,0,1,1,3,1,TA,7,Typ,0,NA,Detchd,Unf,1,570,Y,0,47,120,0,0,0,NA,0,Oth,Normal,108000,11.589886506106357,MetalSd,Finished,Siding
60,RL,57.0,21872,NA,IR,FR2,Gilbert,Norm,1Fam,2.0Story,7,5,1996,1997,Gable,None,0.0,TA,Gd,PConc,Gd,TA,Gd,GLQ,Unf,729,Ex,Y,SBrkr,729,717,0,1446,0,1,2,1,3,1,TA,6,Typ,1,TA,Attchd,Unf,2,406,Y,264,22,0,0,0,0,NA,0,WD,Normal,175000,12.072541252905651,HdBoard,Finished,Other
120,RL,70.05,3196,NA,Reg,Inside,Blmngtn,Norm,Twnhs,1.0Story,7,5,2003,2004,Gable,BrkFace,18.0,Gd,Gd,PConc,Gd,TA,Gd,Unf,Unf,1374,Ex,Y,SBrkr,1557,0,0,1557,0,0,2,0,2,1,Gd,7,Typ,1,TA,Attchd,Fin,2,420,Y,143,20,0,0,0,0,NA,0,WD,Normal,234000,12.363076394339839,VinylSd,Finished,Siding
20,RL,70.05,11341,NA,IR,Inside,Sawyer,Norm,1Fam,1.0Story,5,6,1957,1996,Hip,BrkFace,180.0,TA,Gd,CBlock,Gd,TA,No,ALQ,Unf,1392,TA,Y,SBrkr,1392,0,0,1392,1,0,1,1,3,1,TA,5,Atype,1,Gd,Detchd,Unf,2,528,Y,0,0,0,0,95,0,NA,0,WD,Normal,121500,11.70766954176274,Wood,Finished,Siding
20,RL,77.0,10010,NA,Reg,Inside,Mitchel,Norm,1Fam,1.0Story,5,5,1974,1975,Gable,None,0.0,TA,Gd,CBlock,Gd,TA,Av,ALQ,LwQ,1389,Gd,Y,SBrkr,1389,0,0,1389,1,0,1,0,2,1,TA,6,Typ,1,TA,Attchd,RFn,2,418,Y,240,38,0,0,0,0,NA,0,WD,Normal,170000,12.043553716032399,HdBoard,Finished,Other
30,RL,63.0,13907,NA,Reg,Inside,Edwards,Norm,1Fam,1.0Story,5,6,1940,1969,Gable,None,0.0,TA,Gd,CBlock,TA,TA,No,BLQ,Unf,996,Ex,Y,SBrkr,996,0,0,996,1,0,1,0,3,1,TA,6,Typ,1,Gd,NA,NA,0,0,Y,144,0,0,0,0,0,NA,0,WD,Normal,108000,11.589886506106357,Wood,Finished,Shingle
50,RL,66.0,21780,NA,Reg,Inside,Edwards,Norm,1Fam,1.5Story,6,7,1918,1950,Gable,None,0.0,TA,Gd,BrkTil,Gd,TA,Mn,Unf,Unf,1163,Ex,Y,SBrkr,1163,511,0,1674,0,0,2,0,4,1,TA,8,Typ,1,Gd,Detchd,Fin,2,396,N,72,36,0,0,144,0,NA,0,WD,Normal,185000,12.128111104060462,Wood,Finished,Siding
60,RL,70.05,13346,NA,IR,CulDSac,NoRidge,Norm,1Fam,2.0Story,7,5,1992,2000,Gable,None,0.0,Gd,Gd,PConc,Gd,TA,No,GLQ,Unf,1095,Ex,Y,SBrkr,1166,1129,0,2295,1,0,2,1,4,1,Gd,9,Typ,1,TA,Attchd,RFn,2,590,Y,0,40,0,0,0,0,NA,0,WD,Normal,268000,12.498742259492994,HdBoard,Finished,Other
70,RL,66.0,6858,NA,Reg,Corner,SWISU,Norm,1Fam,2.0Story,6,4,1915,1950,Gable,None,0.0,TA,Gd,PConc,Gd,TA,No,Unf,Unf,806,TA,N,Fuse,841,806,0,1647,1,0,1,1,4,1,Fa,6,Typ,0,NA,Detchd,Unf,1,216,Y,0,66,136,0,0,0,NA,0,WD,Normal,128000,11.759785542901755,Wood,Finished,Siding
60,RL,77.0,11198,NA,IR,Inside,StoneBr,Norm,1Fam,2.0Story,9,5,2005,2007,Hip,BrkFace,245.0,Gd,Gd,PConc,Gd,Gd,No,Unf,Unf,1122,Ex,Y,SBrkr,1134,1370,0,2504,0,0,2,1,4,1,Ex,11,Typ,1,Gd,Attchd,Fin,3,656,Y,144,39,0,0,0,0,NA,0,WD,Normal,325000,12.691580461311874,VinylSd,Finished,Siding
20,RL,70.0,10171,NA,IR,Inside,NridgHt,Norm,1Fam,1.0Story,7,5,2004,2004,Gable,BrkFace,168.0,Gd,Gd,PConc,Gd,TA,No,GLQ,Unf,1517,Ex,Y,SBrkr,1535,0,0,1535,0,0,2,0,3,1,Gd,7,Typ,0,NA,Attchd,RFn,2,532,Y,0,0,0,0,0,0,NA,0,WD,Normal,214000,12.273731294003989,VinylSd,Finished,Siding
50,RL,79.0,12327,NA,IR,Inside,SawyerW,Norm,1Fam,1.5Story,8,8,1983,2009,Gable,None,0.0,Gd,Gd,CBlock,Gd,TA,Gd,GLQ,Unf,1496,Ex,Y,SBrkr,1496,636,0,2132,1,0,1,1,1,1,Gd,5,Atype,1,Gd,Attchd,Fin,2,612,Y,349,40,0,0,0,0,NA,0,WD,Normal,316600,12.66539442642905,Wood,Finished,Siding
90,RL,70.05,7032,NA,IR,Corner,NAmes,Norm,Oth,SFoyer,5,5,1979,1979,Gable,None,0.0,TA,Gd,CBlock,Gd,TA,Gd,GLQ,Unf,943,TA,Y,SBrkr,943,0,0,943,1,0,1,0,2,1,TA,4,Typ,2,TA,Detchd,Unf,2,600,Y,42,0,0,0,0,0,NA,0,WD,Normal,135960,11.820116003810051,MetalSd,Finished,Siding
90,RL,74.0,13101,NA,IR,Inside,NAmes,Norm,Oth,1.0Story,5,5,1965,1965,Gable,BrkFace,108.0,TA,Gd,CBlock,TA,TA,No,LwQ,Unf,1728,TA,Y,SBrkr,1728,0,0,1728,0,0,2,0,6,2,TA,10,Typ,0,NA,Detchd,Unf,2,576,Y,0,0,0,0,0,0,NA,0,WD,Normal,142600,11.867798786962332,HdBoard,Finished,Other
20,RL,60.0,7332,NA,Reg,Inside,NAmes,Norm,1Fam,1.0Story,6,6,1959,1959,Gable,BrkFace,207.0,TA,Gd,CBlock,TA,TA,No,BLQ,Unf,864,Ex,Y,SBrkr,864,0,0,864,1,0,1,0,2,1,Gd,4,Typ,0,NA,Attchd,Unf,1,288,Y,168,0,0,0,0,0,NA,0,WD,Abnorml,120000,11.695247021764184,Wood,Finished,Shingle
60,RL,83.0,13159,NA,IR,Corner,Timber,Norm,1Fam,2.0Story,7,5,2009,2009,Gable,None,0.0,TA,Gd,PConc,Ex,TA,Av,Unf,Unf,846,Gd,Y,SBrkr,846,846,0,1692,0,0,2,1,3,1,Gd,6,Typ,0,NA,Attchd,RFn,2,650,Y,208,114,0,0,0,0,NA,0,Oth,Partial,224500,12.321630986164447,VinylSd,Finished,Siding
80,RL,76.0,9967,NA,IR,Inside,Gilbert,Norm,1Fam,SLvl,7,5,2000,2000,Gable,None,0.0,TA,Gd,PConc,Gd,TA,No,Unf,Unf,384,Ex,Y,SBrkr,774,656,0,1430,0,0,2,1,3,1,TA,8,Typ,1,TA,Attchd,RFn,2,400,Y,100,0,0,0,0,0,NA,0,WD,Normal,170000,12.043553716032399,VinylSd,Finished,Siding
80,RL,70.0,10500,NA,Reg,FR2,NAmes,Norm,1Fam,SLvl,5,7,1971,2005,Oth,BrkFace,82.0,TA,Gd,CBlock,TA,TA,Av,ALQ,Unf,372,TA,Y,SBrkr,576,533,0,1109,0,1,1,0,3,1,TA,5,Typ,0,NA,Attchd,Unf,1,288,Y,35,0,0,0,0,0,Fence,0,WD,Normal,139000,11.842229212112828,Other,Finished,Shingle
50,RL,80.0,8480,NA,Reg,Inside,NAmes,Norm,1Fam,1.5Story,5,5,1947,1950,Gable,None,0.0,TA,Gd,CBlock,TA,TA,No,Rec,Unf,832,TA,Y,SBrkr,832,384,0,1216,0,0,1,0,2,1,TA,6,Typ,0,NA,Detchd,Unf,1,336,Y,158,0,102,0,0,0,NA,0,Oth,Abnorml,118500,11.682668239557323,MetalSd,Finished,Siding
50,RL,52.0,6292,NA,Reg,Inside,SWISU,Norm,1Fam,1.5Story,7,7,1928,1950,Gable,None,0.0,TA,Gd,BrkTil,TA,TA,No,Unf,Unf,861,Gd,Y,SBrkr,877,600,0,1477,0,1,2,0,3,1,TA,6,Typ,1,Gd,Detchd,Unf,1,216,Y,0,50,0,0,0,0,NA,0,WD,Normal,145000,11.884489021402711,Wood,Finished,Siding
80,RL,96.0,11777,NA,IR,Inside,Sawyer,Norm,1Fam,SLvl,5,6,1966,1966,Gable,BrkFace,97.0,TA,Gd,CBlock,TA,TA,Av,LwQ,ALQ,1164,Ex,Y,SBrkr,1320,0,0,1320,1,0,1,0,3,1,TA,6,Typ,2,Po,Attchd,RFn,2,564,Y,160,68,240,0,0,0,NA,0,WD,Abnorml,164500,12.010665849187564,VinylSd,Finished,Siding
160,FV,34.0,3604,Pave,Reg,Corner,Somerst,Norm,Twnhs,2.0Story,7,5,2007,2007,Gable,None,0.0,Gd,Gd,PConc,Gd,TA,No,Unf,Unf,689,Ex,Y,SBrkr,703,689,0,1392,0,0,2,0,2,1,Gd,5,Typ,0,NA,Detchd,Unf,2,540,Y,0,102,0,0,0,0,NA,0,WD,Abnorml,146000,11.891361900690473,VinylSd,Finished,Siding
50,RM,81.0,12150,Grvl,Reg,Inside,OldTown,Norm,1Fam,1.5Story,5,5,1954,1954,Gable,BrkFace,335.0,TA,Gd,BrkTil,TA,TA,No,Unf,Unf,1050,Ex,N,Fuse,1050,745,0,1795,0,0,2,0,4,1,TA,7,Typ,0,NA,Attchd,Unf,1,352,Y,0,0,0,0,0,0,NA,0,WD,Normal,131500,11.786762130599957,MetalSd,Finished,Siding
20,RL,70.05,14585,NA,IR,CulDSac,NAmes,Norm,1Fam,1.0Story,6,6,1960,1987,Gable,BrkFace,85.0,TA,Gd,CBlock,TA,TA,No,BLQ,Rec,1144,Ex,Y,SBrkr,1429,0,0,1429,0,1,1,0,3,1,Gd,7,Typ,2,Gd,Attchd,Unf,2,572,Y,216,110,0,0,0,0,NA,0,WD,Normal,181900,12.111212364506214,Wood,Finished,Siding
20,RL,98.0,12704,NA,Reg,Inside,NridgHt,Norm,1Fam,1.0Story,8,5,2008,2009,Hip,BrkFace,306.0,Ex,Gd,PConc,Ex,TA,No,Unf,Unf,2042,Ex,Y,SBrkr,2042,0,0,2042,0,0,2,1,3,1,Ex,8,Typ,1,Gd,Attchd,RFn,3,1390,Y,0,90,0,0,0,0,NA,0,Oth,Partial,253293,12.442302200392747,VinylSd,Finished,Siding
90,RL,81.0,11841,NA,Reg,Inside,Edwards,Norm,Oth,SFoyer,6,5,1990,1990,Gable,BrkFace,104.0,TA,Gd,CBlock,Gd,TA,Av,GLQ,Unf,816,TA,Y,SBrkr,816,0,0,816,1,0,1,0,3,1,TA,5,Typ,0,NA,NA,NA,0,0,Y,0,32,0,0,0,0,NA,0,WD,Normal,118500,11.682668239557323,HdBoard,Finished,Other
75,RM,75.0,13500,NA,Reg,Inside,OldTown,Artery,1Fam,2.5Story,10,9,1893,2000,Gable,None,0.0,Ex,Gd,BrkTil,TA,TA,No,Unf,Unf,1237,Gd,Y,SBrkr,1521,1254,0,2775,0,0,3,1,3,1,Gd,9,Typ,1,Gd,Detchd,Unf,2,880,Y,105,502,0,0,0,0,NA,0,WD,Normal,325000,12.691580461311874,Wood,Unfinished,Siding
50,RM,51.0,6120,NA,Reg,Inside,BrkSide,Norm,1Fam,1.5Story,4,7,1935,1995,Gable,None,0.0,TA,Gd,BrkTil,TA,TA,No,Unf,Unf,884,Ex,Y,SBrkr,989,584,0,1573,0,0,1,0,3,1,Gd,6,Typ,0,NA,Detchd,Unf,1,240,Y,0,0,54,0,120,0,NA,0,WD,Normal,133000,11.79810440720389,Other,Finished,Shingle
20,RL,88.0,11443,NA,Reg,Inside,Timber,Norm,1Fam,1.0Story,8,5,2005,2006,Hip,BrkFace,208.0,Gd,Gd,PConc,Ex,TA,Gd,GLQ,Unf,1868,Ex,Y,SBrkr,2028,0,0,2028,1,0,2,0,2,1,Gd,7,Typ,2,Gd,Attchd,RFn,3,880,Y,326,66,0,0,0,0,NA,0,Oth,Partial,369900,12.820987977820545,VinylSd,Finished,Siding
30,RL,55.0,10267,NA,Reg,Inside,BrkSide,NRR,1Fam,1.0Story,6,7,1918,2000,Gable,None,0.0,TA,Gd,BrkTil,TA,Gd,Mn,Rec,ALQ,816,Ex,Y,SBrkr,838,0,0,838,1,0,1,0,2,1,Fa,5,Typ,0,NA,Detchd,Fin,1,275,N,0,0,112,0,0,0,Fence,0,WD,Normal,130000,11.77528972943772,Wood,Finished,Shingle
85,RL,74.0,8740,NA,IR,Inside,Sawyer,Norm,1Fam,SFoyer,5,6,1982,1982,Hip,None,0.0,TA,Gd,CBlock,TA,TA,Av,ALQ,Unf,840,TA,Y,SBrkr,860,0,0,860,1,0,1,0,2,1,TA,4,Typ,0,NA,Detchd,Unf,2,528,Y,0,0,0,0,0,0,NA,0,WD,Normal,137000,11.827736204810263,HdBoard,Finished,Other
20,RL,65.0,25095,NA,IR,Inside,ClearCr,Norm,1Fam,1.0Story,5,8,1968,2003,Oth,None,0.0,TA,Gd,CBlock,TA,TA,Gd,GLQ,Unf,1437,Ex,Y,SBrkr,1473,0,0,1473,2,0,1,0,1,1,Ex,5,Typ,2,Gd,Attchd,Unf,1,452,Y,0,48,0,0,60,0,NA,0,WD,Partial,143000,11.870599909242044,Wood,Finished,Siding
40,RM,50.0,9100,NA,Reg,Inside,BrkSide,NRR,1Fam,1.0Story,5,6,1930,1960,Gable,None,0.0,TA,Gd,BrkTil,TA,TA,No,Unf,Unf,742,TA,Y,Fuse,779,0,156,935,0,0,1,0,2,1,TA,4,Typ,0,NA,Detchd,Unf,1,308,N,0,0,0,0,0,0,NA,600,WD,Normal,79500,11.283512300642423,VinylSd,Finished,Siding
60,RL,64.0,8320,NA,Reg,Inside,CollgCr,Norm,1Fam,2.0Story,7,5,2004,2004,Gable,None,0.0,Gd,Gd,PConc,Gd,TA,No,GLQ,Unf,770,Ex,Y,SBrkr,770,812,0,1582,0,0,2,1,3,1,Gd,6,Typ,0,NA,Attchd,RFn,2,520,Y,0,45,0,0,0,0,NA,0,WD,Normal,185900,12.132964173709535,VinylSd,Finished,Siding
60,RL,97.0,13478,NA,IR,Corner,NridgHt,Norm,1Fam,2.0Story,10,5,2008,2008,Gable,Stone,420.0,Ex,Gd,PConc,Ex,TA,Gd,GLQ,Unf,1722,Ex,Y,SBrkr,1728,568,0,2296,1,0,2,1,3,1,Ex,10,Typ,1,Gd,Attchd,RFn,3,842,Y,382,274,0,0,0,0,NA,0,Oth,Normal,451950,13.021326833226556,Other,Finished,Other
20,RL,60.0,6600,NA,Reg,Inside,Mitchel,Norm,1Fam,1.0Story,5,8,1982,2003,Gable,None,0.0,TA,Gd,PConc,TA,Gd,No,GLQ,Unf,816,Ex,Y,SBrkr,816,0,0,816,1,0,1,0,2,1,TA,4,Typ,0,NA,Detchd,Fin,2,816,Y,0,0,0,0,0,0,NA,0,WD,Normal,138000,11.835008964139341,HdBoard,Finished,Other
120,RM,70.05,4435,NA,Reg,Inside,CollgCr,Norm,Twnhs,1.0Story,6,5,2003,2003,Gable,BrkFace,170.0,Gd,Gd,PConc,Gd,TA,Av,GLQ,Unf,848,Ex,Y,SBrkr,848,0,0,848,1,0,1,0,1,1,Gd,4,Typ,0,NA,Attchd,Fin,2,420,Y,140,0,0,0,0,0,NA,0,WD,Normal,140000,11.84939770159144,VinylSd,Finished,Siding
20,RL,88.0,7990,NA,IR,Inside,CollgCr,Norm,1Fam,1.0Story,5,6,1975,1975,Hip,None,0.0,TA,Gd,CBlock,Gd,TA,No,Unf,Unf,924,TA,Y,SBrkr,924,0,0,924,0,0,1,0,3,1,TA,5,Typ,0,NA,Detchd,Unf,1,280,Y,0,0,0,0,0,0,Fence,0,WD,Normal,110000,11.608235644774552,HdBoard,Finished,Other
20,RL,69.0,11302,NA,IR,Inside,StoneBr,Norm,1Fam,1.0Story,8,5,2005,2006,Gable,BrkFace,238.0,Gd,Gd,PConc,Gd,TA,Gd,GLQ,Unf,1814,Ex,Y,SBrkr,1826,0,0,1826,1,0,2,0,3,1,Gd,7,Typ,1,TA,Attchd,Fin,3,758,Y,180,75,0,0,120,0,NA,0,Oth,Partial,319000,12.672946381766982,Other,Finished,Other
70,RM,60.0,3600,Grvl,Reg,Inside,OldTown,Norm,1Fam,2.0Story,6,7,1910,1993,Gable,None,0.0,TA,Gd,CBlock,TA,TA,No,Unf,Unf,684,Ex,N,Fuse,684,684,0,1368,0,0,1,0,3,1,TA,7,Typ,0,NA,Detchd,Unf,1,216,N,0,158,0,0,0,0,NA,0,WD,Normal,114504,11.648365035864053,VinylSd,Finished,Siding
120,RL,53.0,3922,NA,Reg,Inside,Blmngtn,Norm,Twnhs,1.0Story,7,5,2006,2007,Gable,BrkFace,72.0,Gd,Gd,PConc,Ex,TA,Av,Unf,Unf,1258,Ex,Y,SBrkr,1402,0,0,1402,0,2,0,2,2,1,Gd,7,Typ,1,Gd,Attchd,Fin,3,648,Y,120,16,0,0,0,0,NA,0,Oth,Partial,194201,12.17664898415669,VinylSd,Finished,Siding
20,RL,80.0,12984,NA,Reg,Inside,Crawfor,Norm,1Fam,1.0Story,5,6,1977,1977,Gable,BrkFace,459.0,TA,Gd,CBlock,Gd,TA,Mn,ALQ,LwQ,1430,Ex,Y,SBrkr,1647,0,0,1647,1,0,2,0,3,1,Gd,7,Typ,1,TA,Attchd,Fin,2,621,Y,0,0,0,0,0,0,NA,0,WD,Normal,217500,12.289954129510877,Plywood,Finished,Other
160,RM,24.0,1950,NA,Reg,Inside,Blueste,Norm,Twnhs,2.0Story,6,6,1980,1980,Gable,None,0.0,TA,Gd,CBlock,Gd,TA,No,LwQ,GLQ,716,TA,Y,SBrkr,716,840,0,1556,1,0,2,1,3,1,TA,6,Typ,1,TA,Attchd,Fin,2,452,Y,161,0,0,0,0,0,Fence,0,Oth,Normal,151000,11.925035115797062,MetalSd,Finished,Siding
60,RL,74.0,10927,NA,Reg,Inside,NridgHt,Norm,1Fam,2.0Story,8,5,2005,2005,Gable,BrkFace,280.0,Gd,Gd,PConc,Gd,TA,Av,GLQ,Unf,1058,Ex,Y,SBrkr,1058,846,0,1904,1,0,2,1,3,1,Ex,8,Typ,1,Gd,Attchd,Fin,2,736,Y,179,60,0,0,0,0,NA,0,WD,Normal,275000,12.524526376648708,VinylSd,Finished,Siding
50,RM,50.0,9000,NA,Reg,Inside,IDOTRR,Norm,1Fam,1.5Story,6,6,1937,1950,Gable,None,0.0,TA,Gd,PConc,TA,TA,No,Unf,Unf,780,TA,Y,SBrkr,780,595,0,1375,0,0,1,1,3,1,Gd,6,Typ,1,Gd,Detchd,Unf,1,544,N,0,162,0,0,126,0,NA,0,WD,Normal,141000,11.856515169360305,Wood,Finished,Siding
60,RL,80.0,10041,NA,IR,Inside,SawyerW,Norm,1Fam,2.0Story,8,5,1992,1992,Gable,None,0.0,Gd,Gd,PConc,Gd,TA,Mn,GLQ,Unf,908,Ex,Y,SBrkr,927,988,0,1915,1,0,2,1,3,1,Gd,8,Typ,1,TA,Attchd,Fin,2,506,Y,120,150,0,0,0,0,NA,0,WD,Abnorml,220000,12.301382825334498,HdBoard,Finished,Other
160,FV,30.0,3182,Pave,Reg,Inside,Somerst,Norm,Twnhs,2.0Story,7,5,2004,2005,Gable,None,0.0,Gd,Gd,PConc,Gd,TA,No,Unf,Unf,600,Ex,Y,SBrkr,600,600,0,1200,0,0,2,1,2,1,Gd,4,Typ,0,NA,Detchd,RFn,2,480,Y,0,172,0,0,0,0,NA,0,WD,Normal,151000,11.925035115797062,MetalSd,Finished,Siding
20,RL,88.0,12803,NA,IR,Inside,CollgCr,Norm,1Fam,1.0Story,7,5,2002,2002,Gable,BrkFace,99.0,Gd,Gd,PConc,Gd,TA,Mn,GLQ,Unf,1494,Ex,Y,SBrkr,1494,0,0,1494,1,0,2,0,3,1,Gd,6,Typ,1,TA,Attchd,RFn,2,530,Y,192,36,0,0,0,0,NA,0,WD,Normal,221000,12.30591798049989,VinylSd,Finished,Siding
60,RL,85.0,13600,NA,Reg,Inside,NAmes,Norm,1Fam,2.0Story,7,6,1965,1990,Gable,BrkFace,176.0,TA,Gd,CBlock,TA,TA,No,BLQ,Unf,768,TA,Y,SBrkr,1186,800,0,1986,0,0,2,1,3,1,TA,7,Typ,3,Po,Attchd,Unf,2,486,Y,0,42,0,0,189,0,NA,0,WD,Normal,205000,12.230765258120545,HdBoard,Finished,Other
20,RL,82.0,12464,NA,IR,Corner,CollgCr,Norm,1Fam,1.0Story,5,5,1996,1996,Gable,None,0.0,TA,Gd,PConc,Gd,TA,No,GLQ,Unf,1040,Gd,Y,SBrkr,1040,0,0,1040,1,0,1,0,3,1,Gd,6,Typ,0,NA,Detchd,Unf,2,576,Y,168,0,0,0,0,0,Fence,0,WD,Normal,152000,11.931635799828413,VinylSd,Finished,Siding
20,RL,78.0,7800,NA,Reg,Inside,Edwards,Norm,1Fam,2.0Story,5,8,1948,2002,Gable,None,0.0,TA,Gd,CBlock,TA,Gd,No,GLQ,Unf,896,Ex,Y,SBrkr,1112,896,0,2008,1,0,3,0,3,1,Ex,8,Typ,0,NA,Attchd,Unf,1,230,Y,103,0,0,0,0,0,NA,0,WD,Normal,225000,12.323855681186558,MetalSd,Finished,Siding
70,RL,78.0,12168,NA,Reg,Inside,Crawfor,Norm,1Fam,2.0Story,8,6,1934,1998,Gable,None,0.0,TA,Gd,PConc,Gd,TA,Mn,BLQ,Unf,965,TA,Y,SBrkr,1940,1254,0,3194,0,0,2,1,4,1,TA,10,Typ,2,Gd,Attchd,Unf,2,380,Y,0,0,0,0,0,0,NA,0,WD,Abnorml,359100,12.791356180214175,Wood,Finished,Siding
20,RL,61.0,7943,NA,Reg,Inside,Sawyer,Feedr,1Fam,1.0Story,4,5,1961,1961,Gable,BrkCmn,192.0,TA,Fa,CBlock,TA,TA,Mn,Rec,Unf,1029,Gd,Y,SBrkr,1029,0,0,1029,1,0,1,0,3,1,TA,5,Typ,0,NA,Attchd,Unf,1,261,Y,64,0,39,0,0,0,NA,0,WD,Normal,118500,11.682668239557323,VinylSd,Finished,Siding
60,RL,70.05,11050,NA,Reg,Inside,CollgCr,Pos,1Fam,2.0Story,9,5,2000,2000,Hip,BrkFace,204.0,Gd,Gd,PConc,Ex,TA,Mn,GLQ,Unf,1440,Ex,Y,SBrkr,1476,677,0,2153,1,0,2,1,3,1,Ex,8,Typ,2,Gd,Attchd,Fin,3,736,Y,253,142,0,0,0,0,NA,0,WD,Normal,313000,12.65395846952229,VinylSd,Finished,Siding
80,RL,70.05,10395,NA,IR,FR2,NWAmes,Norm,1Fam,SLvl,6,6,1978,1978,Gable,BrkFace,233.0,TA,Gd,CBlock,Gd,TA,Av,ALQ,Unf,1032,TA,Y,SBrkr,1032,0,0,1032,0,1,2,0,3,1,TA,6,Typ,1,TA,Attchd,Unf,2,564,Y,0,0,0,0,0,0,Fence,500,WD,Normal,148000,11.904967552746252,HdBoard,Finished,Other
60,RL,70.05,11885,NA,Reg,Inside,CollgCr,Norm,1Fam,2.0Story,8,5,2001,2001,Gable,BrkFace,108.0,Gd,Gd,PConc,Gd,TA,Av,GLQ,Unf,1299,Ex,Y,SBrkr,1299,573,0,1872,1,0,2,1,3,1,Ex,7,Typ,1,TA,Attchd,RFn,2,531,Y,160,122,0,0,0,0,NA,0,WD,Normal,261500,12.474189562487116,VinylSd,Finished,Siding
20,RL,70.0,8402,NA,Reg,Inside,Mitchel,Feedr,1Fam,1.0Story,5,5,2007,2007,Gable,None,0.0,TA,Gd,PConc,Gd,TA,No,ALQ,Unf,1120,Ex,Y,SBrkr,1120,0,0,1120,0,0,1,0,3,1,TA,6,Typ,0,NA,NA,NA,0,0,Y,0,30,0,0,0,0,NA,0,Oth,Partial,147000,11.898187865760873,VinylSd,Finished,Siding
180,RM,21.0,1491,NA,Reg,Inside,MeadowV,Norm,Twnhs,SFoyer,4,6,1972,1972,Gable,None,0.0,TA,Gd,CBlock,Gd,TA,Av,LwQ,GLQ,630,Ex,Y,SBrkr,630,0,0,630,1,0,1,0,1,1,TA,3,Typ,0,NA,NA,NA,0,0,Y,96,24,0,0,0,0,NA,0,WD,Normal,75500,11.231887935237117,Other,Finished,Other
85,RL,80.0,8800,NA,Reg,Inside,NAmes,Feedr,1Fam,SFoyer,6,7,1963,1963,Gable,BrkFace,156.0,TA,Gd,PConc,TA,TA,Gd,GLQ,Unf,936,Ex,Y,SBrkr,1054,0,0,1054,1,0,1,0,3,1,Gd,6,Typ,0,NA,Attchd,RFn,2,480,Y,120,0,0,0,0,0,Fence,0,WD,Abnorml,137500,11.831379196088763,MetalSd,Finished,Siding
60,RL,70.05,7861,NA,IR,Inside,Gilbert,Norm,1Fam,2.0Story,6,5,2002,2003,Gable,None,0.0,Gd,Gd,PConc,Gd,TA,No,GLQ,Unf,783,Ex,Y,SBrkr,807,702,0,1509,1,0,2,1,3,1,Gd,7,Typ,1,Gd,Attchd,Fin,2,393,Y,100,75,0,0,0,0,NA,0,WD,Normal,183200,12.118333731222167,VinylSd,Finished,Siding
45,RL,59.0,7227,NA,Reg,Corner,NAmes,Artery,1Fam,1.5Story,6,6,1954,1954,Gable,None,0.0,TA,Gd,CBlock,TA,TA,No,Unf,Unf,832,Gd,Y,SBrkr,832,0,0,832,0,0,1,0,2,1,Gd,4,Typ,0,NA,Detchd,Unf,2,528,Y,0,0,0,0,0,0,NA,0,WD,Normal,105500,11.566466231898259,MetalSd,Unfinished,Siding
20,RL,90.0,11694,NA,Reg,Inside,NridgHt,Norm,1Fam,1.0Story,9,5,2007,2007,Hip,BrkFace,452.0,Ex,Gd,PConc,Ex,TA,Av,GLQ,Unf,1822,Ex,Y,SBrkr,1828,0,0,1828,0,0,2,0,3,1,Gd,9,Typ,1,Gd,Attchd,Unf,3,774,Y,0,108,0,0,260,0,NA,0,Oth,Partial,314813,12.659734090733718,Other,Finished,Other
60,RL,85.0,12244,NA,Reg,Inside,Timber,Norm,1Fam,2.0Story,8,5,2003,2003,Hip,Stone,226.0,Gd,Gd,PConc,Gd,TA,Gd,GLQ,Unf,1482,Ex,Y,SBrkr,1482,780,0,2262,1,0,2,1,4,1,Gd,10,Typ,2,Gd,Attchd,Fin,3,749,Y,168,0,0,0,0,0,NA,0,WD,Normal,305000,12.628067055589549,VinylSd,Finished,Siding
30,RL,45.0,8248,Grvl,Reg,Inside,Edwards,Norm,1Fam,1.0Story,3,3,1914,1950,Gable,None,0.0,TA,Gd,BrkTil,TA,TA,No,BLQ,Unf,864,TA,N,Fuse,864,0,0,864,1,0,1,0,2,1,TA,5,Typ,0,NA,NA,NA,0,0,N,0,0,100,0,0,0,NA,0,WD,Normal,67000,11.112447898373103,Stucco,Finished,Other
60,RL,90.0,10800,NA,Reg,Inside,NWAmes,Norm,1Fam,2.0Story,6,7,1974,1997,Gable,None,0.0,TA,Gd,CBlock,TA,TA,No,ALQ,Rec,1522,TA,Y,SBrkr,1548,1066,0,2614,0,0,2,1,4,1,TA,9,Typ,1,TA,Attchd,RFn,2,624,Y,38,243,0,0,0,0,NA,0,WD,Normal,240000,12.388394202324129,HdBoard,Finished,Other
20,RL,71.0,7064,NA,Reg,Inside,Sawyer,Norm,1Fam,1.0Story,5,6,1977,1977,Gable,BrkFace,153.0,TA,Gd,CBlock,TA,TA,No,BLQ,Unf,980,TA,Y,SBrkr,980,0,0,980,0,0,1,0,3,1,TA,6,Typ,0,NA,Detchd,Unf,2,484,Y,192,0,0,0,0,0,NA,0,WD,Normal,135000,11.813030057420567,Plywood,Finished,Other
160,FV,70.05,2117,NA,Reg,Inside,Somerst,Norm,Twnhs,2.0Story,6,5,2000,2000,Gable,BrkFace,513.0,Gd,Gd,PConc,Gd,TA,No,GLQ,Unf,756,Ex,Y,SBrkr,756,756,0,1512,0,0,2,1,2,1,Gd,4,Typ,1,TA,Detchd,Unf,2,440,Y,0,32,0,0,0,0,NA,0,WD,Normal,168500,12.034691028774553,MetalSd,Finished,Siding
60,RL,80.0,10400,NA,Reg,Inside,NWAmes,Norm,1Fam,2.0Story,6,5,1972,1972,Gable,BrkFace,288.0,TA,Gd,CBlock,TA,TA,No,Rec,Unf,732,Gd,Y,SBrkr,1012,778,0,1790,1,0,1,2,4,1,TA,8,Atype,1,TA,Attchd,RFn,2,484,Y,148,0,0,0,147,0,NA,0,WD,Normal,165150,12.014609430818936,VinylSd,Finished,Siding
20,RL,87.0,10000,NA,IR,Corner,NAmes,Norm,1Fam,1.0Story,6,6,1962,1962,Hip,BrkFace,261.0,TA,Gd,CBlock,TA,TA,No,Unf,Unf,1116,TA,Y,SBrkr,1116,0,0,1116,0,0,1,1,3,1,TA,5,Typ,0,NA,Attchd,Unf,2,440,Y,0,0,0,0,385,0,NA,0,WD,Normal,160000,11.982929094215963,Wood,Finished,Siding
20,RL,70.05,12342,NA,IR,Inside,NAmes,Norm,1Fam,1.0Story,5,5,1960,1978,Hip,None,0.0,TA,Gd,CBlock,TA,TA,No,Unf,Unf,978,TA,Y,SBrkr,1422,0,0,1422,0,0,1,0,3,1,TA,6,Atype,1,TA,Attchd,RFn,1,286,Y,0,0,36,0,0,0,Fence,600,WD,Normal,139900,11.848683160653573,Wood,Finished,Siding
80,RL,80.0,9600,NA,Reg,Inside,NAmes,Norm,1Fam,SLvl,6,6,1955,1972,Gable,BrkFace,164.0,TA,Gd,CBlock,TA,TA,Av,BLQ,LwQ,1156,Ex,Y,SBrkr,1520,0,0,1520,1,0,1,0,3,1,TA,7,Typ,2,Gd,Attchd,RFn,1,364,Y,0,0,189,0,0,0,NA,0,WD,Normal,153000,11.938193200374572,Other,Finished,Shingle
60,RL,70.0,11606,NA,IR,Inside,NAmes,Norm,1Fam,2.0Story,5,5,1969,1969,Gable,BrkFace,192.0,TA,Gd,PConc,Gd,TA,Av,Rec,Unf,1040,TA,Y,SBrkr,1040,1040,0,2080,0,1,1,2,5,1,Fa,9,Typ,2,TA,Attchd,Unf,2,504,Y,335,0,0,0,0,0,NA,0,WD,Abnorml,135000,11.813030057420567,Plywood,Finished,Other
80,RL,82.0,9020,NA,Reg,Corner,NAmes,Feedr,1Fam,SLvl,6,5,1964,1964,Gable,BrkFace,259.0,TA,Gd,CBlock,TA,TA,Gd,GLQ,Rec,1248,TA,Y,SBrkr,1350,0,0,1350,1,0,1,1,3,1,TA,6,Typ,0,NA,Attchd,RFn,2,520,Y,176,0,0,0,0,0,Fence,0,WD,Normal,168500,12.034691028774553,Wood,Finished,Siding
70,RM,50.0,9000,Grvl,Reg,Corner,OldTown,Artery,1Fam,2.0Story,5,6,1880,1991,Gable,None,0.0,TA,Gd,BrkTil,Fa,Fa,No,Unf,Unf,636,TA,Y,Fuse,1089,661,0,1750,0,0,1,0,3,1,Ex,8,Typ,0,NA,Detchd,Unf,1,240,N,0,0,293,0,0,0,Fence,0,WD,Abnorml,124000,11.728036844587175,VinylSd,Finished,Siding
120,RL,34.0,4590,NA,Reg,Inside,NridgHt,Norm,Twnhs,1.0Story,8,5,2006,2006,Gable,Stone,108.0,Gd,Gd,PConc,Gd,Gd,Mn,GLQ,Unf,1554,Ex,Y,SBrkr,1554,0,0,1554,0,0,2,0,2,1,Gd,6,Typ,1,Gd,Attchd,RFn,2,627,Y,156,73,0,0,0,0,NA,0,WD,Normal,209500,12.25247901834433,VinylSd,Finished,Siding
20,RL,85.0,11900,NA,Reg,Inside,NWAmes,Norm,1Fam,1.0Story,7,5,1977,1977,Hip,BrkFace,209.0,TA,Gd,CBlock,TA,TA,No,ALQ,Unf,1386,TA,Y,SBrkr,1411,0,0,1411,0,0,2,0,3,1,TA,6,Typ,1,TA,Attchd,Fin,2,544,Y,192,0,0,0,0,0,NA,0,WD,Abnorml,82500,11.320553572322773,Plywood,Finished,Other
20,RL,80.0,9250,NA,Reg,Corner,NAmes,Norm,1Fam,1.0Story,5,7,1954,2005,Gable,None,0.0,TA,Gd,CBlock,TA,TA,No,BLQ,LwQ,1056,TA,Y,SBrkr,1056,0,0,1056,0,1,1,0,3,1,TA,6,Typ,0,NA,Attchd,Unf,1,260,Y,390,0,0,0,0,0,NA,0,WD,Normal,139400,11.845102777308561,Wood,Finished,Siding
90,RL,64.0,6979,NA,Reg,Inside,OldTown,Norm,Oth,SFoyer,6,5,1980,1980,Gable,None,0.0,TA,Gd,CBlock,TA,TA,No,GLQ,Unf,1056,Gd,Y,SBrkr,1056,0,0,1056,2,0,0,0,0,2,TA,4,Typ,0,NA,Detchd,Unf,2,576,Y,264,56,0,0,0,0,Fence,600,WD,Normal,144000,11.877568578558138,Plywood,Finished,Other
190,RH,60.0,10896,Pave,Reg,Inside,SWISU,Feedr,Oth,2.5Story,6,7,1914,1995,Hip,None,0.0,Fa,Gd,CBlock,TA,Fa,No,LwQ,Unf,1440,Ex,Y,Fuse,1440,1440,515,3395,0,0,2,0,8,2,Fa,14,Typ,0,NA,NA,NA,0,0,N,0,110,0,0,0,0,NA,0,WD,Abnorml,200000,12.206072645530174,VinylSd,Finished,Siding
30,RM,51.0,6120,NA,Reg,Inside,BrkSide,Norm,1Fam,1.0Story,2,3,1936,1950,Gable,None,0.0,Fa,Fa,BrkTil,TA,Fa,No,Unf,Unf,264,Fa,N,Fuse,800,0,0,800,0,0,1,0,1,1,Fa,4,Atype,1,Po,NA,NA,0,0,N,0,0,0,0,0,0,NA,0,Oth,Normal,60000,11.002099841204238,Other,Finished,Shingle
190,RM,50.0,6000,NA,Reg,Inside,OldTown,Norm,Oth,1.5Story,5,4,1954,1954,Gable,None,0.0,TA,Gd,CBlock,TA,TA,No,Unf,Unf,811,TA,Y,Fuse,811,576,0,1387,0,0,2,0,3,2,Gd,7,Typ,0,NA,Attchd,Unf,1,256,Y,0,0,0,0,0,0,NA,0,WD,Normal,93000,11.440354772135393,Wood,Finished,Siding
30,RL,67.0,8777,NA,Reg,Inside,Edwards,Feedr,1Fam,1.0Story,5,7,1910,1950,Gable,None,0.0,TA,Gd,CBlock,Fa,TA,No,Unf,Unf,796,Gd,Y,Fuse,796,0,0,796,0,0,1,0,2,1,TA,4,Typ,0,NA,NA,NA,0,0,N,328,0,164,0,0,0,Fence,0,WD,Normal,85000,11.350406535472453,Wood,Finished,Siding
120,RL,53.0,3982,NA,Reg,Inside,Blmngtn,Norm,Twnhs,1.0Story,8,5,2006,2006,Hip,None,0.0,Gd,Gd,PConc,Gd,Gd,Av,GLQ,Unf,1520,Ex,Y,SBrkr,1567,0,0,1567,1,0,2,0,1,1,Ex,7,Typ,1,Gd,Attchd,Fin,3,648,Y,312,0,0,0,0,0,NA,0,Oth,Partial,264561,12.485827127509431,VinylSd,Finished,Siding
120,RL,62.0,12677,NA,IR,Inside,NridgHt,Norm,Twnhs,1.0Story,8,5,2003,2004,Hip,BrkFace,472.0,Ex,Gd,PConc,Ex,TA,Gd,GLQ,Unf,1518,Ex,Y,SBrkr,1518,0,0,1518,0,0,1,1,1,1,Ex,6,Typ,1,Gd,Attchd,RFn,2,588,Y,185,140,0,0,0,0,NA,0,WD,Normal,274000,12.520883385370206,MetalSd,Finished,Siding
60,FV,70.05,7050,NA,Reg,Inside,Somerst,Norm,1Fam,2.0Story,7,5,2001,2001,Gable,None,0.0,Gd,Gd,PConc,Gd,TA,No,GLQ,Unf,1057,Ex,Y,SBrkr,1057,872,0,1929,1,0,2,1,3,1,Gd,7,Typ,1,TA,Attchd,Fin,2,650,Y,0,235,0,0,0,0,NA,0,WD,Normal,226000,12.328290278254423,VinylSd,Finished,Siding
80,RL,75.0,13860,NA,Reg,Inside,NAmes,Norm,1Fam,SLvl,8,7,1972,1995,Gable,None,0.0,Gd,Gd,CBlock,Gd,TA,Gd,GLQ,Unf,1952,Gd,Y,SBrkr,2000,704,0,2704,1,0,2,1,4,1,Ex,9,Typ,3,TA,Attchd,Fin,2,538,Y,269,111,0,0,0,0,Fence,0,WD,Normal,345000,12.751299696013497,Wood,Finished,Siding
60,RL,80.0,10793,NA,Reg,Inside,NWAmes,NRR,1Fam,2.0Story,5,5,1969,1969,Oth,BrkFace,263.0,TA,Gd,CBlock,TA,TA,No,Rec,BLQ,780,Ex,Y,SBrkr,780,840,0,1620,0,0,2,1,4,1,TA,7,Atype,0,NA,Attchd,Fin,2,462,Y,208,0,0,0,0,0,Fence,0,WD,Normal,152000,11.931635799828413,HdBoard,Finished,Other
20,FV,85.0,9187,NA,Reg,Inside,Somerst,Norm,1Fam,1.0Story,9,5,2009,2009,Gable,Stone,162.0,Ex,Gd,PConc,Ex,TA,Mn,GLQ,Unf,1766,Ex,Y,SBrkr,1766,0,0,1766,1,0,2,1,2,1,Ex,7,Typ,1,Gd,Attchd,Fin,3,478,Y,195,130,0,0,0,0,NA,0,Oth,Partial,370878,12.823628446539173,Other,Finished,Other
20,RL,70.05,10530,NA,IR,Corner,NAmes,Norm,1Fam,1.0Story,6,5,1971,1971,Hip,None,0.0,TA,Gd,CBlock,TA,TA,No,ALQ,LwQ,981,TA,Y,SBrkr,981,0,0,981,1,0,1,1,3,1,TA,5,Typ,0,NA,Detchd,Unf,2,576,Y,0,312,40,0,0,0,NA,0,WD,Normal,143250,11.872346634576987,Plywood,Finished,Other
20,RL,60.0,7200,NA,Reg,Inside,NAmes,Norm,1Fam,1.0Story,5,5,1950,1950,Hip,None,0.0,TA,Gd,CBlock,NA,NA,No,NA,NA,0,Gd,Y,SBrkr,1048,0,0,1048,0,0,1,0,3,1,TA,7,Atype,0,NA,Detchd,Unf,2,420,Y,0,27,0,0,0,0,NA,0,WD,Normal,98300,11.495779306135258,MetalSd,Finished,Siding
20,RL,85.0,10452,NA,IR,Inside,Edwards,Norm,1Fam,1.0Story,6,5,1953,1953,Hip,Stone,216.0,TA,Gd,CBlock,TA,TA,Mn,Rec,Unf,1094,Ex,Y,SBrkr,1094,0,0,1094,0,0,1,0,3,1,TA,5,Typ,2,Gd,Attchd,RFn,2,495,Y,0,0,0,0,287,0,NA,0,WD,Normal,155000,11.951180395901384,Wood,Finished,Siding
60,RL,70.0,7700,NA,Reg,Inside,NAmes,Pos,1Fam,2.0Story,6,5,1966,1966,Gable,BrkFace,351.0,TA,Gd,CBlock,TA,TA,No,Unf,Unf,756,TA,Y,SBrkr,1051,788,0,1839,0,0,1,1,4,1,TA,7,Typ,1,TA,Attchd,Unf,2,442,Y,0,124,216,0,0,0,NA,0,WD,Normal,155000,11.951180395901384,MetalSd,Finished,Siding
180,RM,21.0,1936,NA,Reg,Inside,MeadowV,Norm,Twnhs,SFoyer,4,6,1970,1970,Gable,None,0.0,TA,Gd,CBlock,Gd,TA,Av,BLQ,GLQ,630,Gd,Y,SBrkr,630,0,0,630,1,0,1,0,1,1,TA,3,Typ,0,NA,NA,NA,0,0,Y,0,0,0,0,0,0,Fence,0,WD,Normal,84500,11.344506813345266,Other,Finished,Other
60,FV,65.0,8125,NA,Reg,Inside,Somerst,Norm,1Fam,2.0Story,7,6,2007,2007,Gable,None,0.0,Gd,Gd,PConc,Gd,TA,No,Unf,Unf,813,Ex,Y,SBrkr,822,843,0,1665,0,0,2,1,3,1,Gd,7,Typ,0,NA,Attchd,RFn,2,562,Y,0,0,0,0,0,0,NA,0,WD,Normal,205950,12.235388699864227,Other,Finished,Other
70,RL,60.0,9084,NA,Reg,Inside,Edwards,Artery,1Fam,2.0Story,4,5,1940,1950,Gable,None,0.0,TA,Gd,CBlock,TA,TA,Mn,Unf,Unf,755,TA,Y,SBrkr,755,755,0,1510,1,0,1,0,4,1,TA,7,Typ,1,Gd,Detchd,Unf,1,296,N,120,0,0,0,0,0,Fence,0,WD,Normal,108000,11.589886506106357,MetalSd,Finished,Siding
60,RL,70.0,8750,NA,Reg,Inside,CollgCr,Norm,1Fam,2.0Story,7,5,1996,1996,Gable,None,0.0,Gd,Gd,PConc,Gd,TA,No,Unf,Unf,880,Ex,Y,SBrkr,909,807,0,1716,0,0,2,1,2,1,Gd,7,Typ,1,TA,Attchd,RFn,2,512,Y,0,120,0,0,0,0,NA,0,WD,Normal,191000,12.160028707028767,VinylSd,Finished,Siding
50,RM,60.0,10320,Grvl,Reg,Inside,IDOTRR,Norm,1Fam,1.5Story,6,7,1906,1995,Gable,None,0.0,TA,Gd,CBlock,TA,TA,No,Unf,Unf,756,Ex,Y,SBrkr,756,713,0,1469,0,0,1,0,3,1,TA,7,Typ,0,NA,Detchd,Unf,1,216,Y,57,0,239,0,0,0,Fence,0,WD,Normal,135000,11.813030057420567,MetalSd,Finished,Siding
20,RL,91.0,10437,NA,IR,Inside,NoRidge,Norm,1Fam,1.0Story,8,6,1995,1995,Hip,BrkFace,660.0,Gd,Gd,PConc,Gd,TA,Gd,GLQ,Unf,2109,Ex,Y,SBrkr,2113,0,0,2113,1,0,2,1,2,1,Gd,7,Typ,1,TA,Attchd,Fin,3,839,Y,236,46,0,0,0,0,NA,0,WD,Normal,350000,12.765688433465597,MetalSd,Finished,Siding
160,RM,21.0,1680,NA,Reg,Inside,BrDale,Norm,Twnhs,2.0Story,6,5,1971,1971,Gable,BrkFace,381.0,TA,Gd,CBlock,TA,TA,No,Unf,Unf,525,TA,Y,SBrkr,525,567,0,1092,0,0,1,1,3,1,TA,6,Typ,0,NA,Detchd,Unf,1,264,Y,0,0,0,0,0,0,NA,0,WD,Abnorml,88000,11.385092093460344,Stucco,Finished,Other
20,RL,72.0,10007,NA,IR,Inside,NAmes,Norm,1Fam,1.0Story,5,7,1959,2006,Gable,BrkFace,54.0,Gd,Gd,CBlock,TA,TA,No,ALQ,Unf,1053,Ex,Y,SBrkr,1053,0,0,1053,1,0,1,1,3,1,Gd,5,Typ,0,NA,Attchd,RFn,1,312,Y,0,0,0,0,0,0,Fence,0,WD,Normal,145500,11.887931365593685,HdBoard,Finished,Other
70,RL,60.0,7200,NA,Reg,Inside,Crawfor,Norm,1Fam,2.0Story,7,6,1931,2000,Gable,None,0.0,TA,Fa,BrkTil,Gd,TA,No,Unf,Unf,776,TA,Y,SBrkr,851,651,0,1502,0,0,1,1,3,1,TA,6,Typ,1,Gd,Attchd,RFn,1,270,N,0,0,112,0,0,0,Fence,0,WD,Normal,149000,11.911701584927597,Wood,Finished,Shingle
50,RL,78.0,17503,NA,Reg,Inside,NAmes,Artery,1Fam,1.5Story,6,5,1948,1950,Gable,None,0.0,TA,Gd,CBlock,TA,TA,No,Unf,Unf,912,TA,Y,SBrkr,912,546,0,1458,0,1,1,0,3,1,TA,6,Typ,1,Gd,Attchd,Unf,1,330,Y,192,0,0,0,0,0,NA,0,WD,Abnorml,97500,11.487607656985938,VinylSd,Finished,Siding
20,RL,75.0,9937,NA,Reg,Corner,Edwards,Norm,1Fam,1.0Story,5,7,1964,1999,Hip,None,0.0,TA,Gd,PConc,TA,TA,No,BLQ,Unf,1486,Ex,Y,SBrkr,1486,0,0,1486,1,0,1,0,3,1,TA,7,Typ,0,NA,Detchd,Fin,2,480,Y,0,0,0,0,0,0,Fence,0,WD,Normal,167000,12.025749091398891,MetalSd,Finished,Siding
60,RL,70.05,12384,NA,Reg,CulDSac,NWAmes,Norm,1Fam,2.0Story,7,7,1976,1976,Gable,BrkFace,233.0,TA,Gd,CBlock,Gd,TA,No,Unf,Unf,793,TA,Y,SBrkr,1142,793,0,1935,0,0,2,1,3,1,TA,7,Typ,1,TA,Attchd,RFn,2,550,Y,0,113,252,0,0,0,NA,0,WD,Normal,197900,12.195517131590657,Plywood,Finished,Other
60,RL,52.0,46589,NA,IR,CulDSac,NoRidge,Norm,1Fam,2.0Story,8,7,1994,2005,Hip,BrkFace,528.0,Gd,Gd,PConc,Gd,Gd,No,GLQ,Rec,1629,Ex,Y,SBrkr,1686,762,0,2448,1,0,2,1,4,1,Gd,8,Typ,1,TA,Attchd,RFn,3,711,Y,517,76,0,0,0,0,NA,0,WD,Normal,402000,12.904207367601158,VinylSd,Finished,Siding
20,RL,120.0,13560,NA,Reg,Corner,NAmes,Norm,1Fam,1.0Story,6,3,1968,1968,Hip,BrkFace,216.0,TA,Gd,CBlock,Fa,Fa,No,Unf,Unf,1392,Gd,Y,SBrkr,1392,0,0,1392,1,0,1,0,2,1,TA,5,Atype,2,TA,Attchd,RFn,2,576,Y,0,0,240,0,0,0,NA,0,WD,Normal,110000,11.608235644774552,Wood,Finished,Siding
85,RL,90.0,10012,NA,Reg,Inside,Edwards,Norm,1Fam,SFoyer,4,5,1972,1972,Gable,None,0.0,TA,Gd,CBlock,Gd,TA,Av,BLQ,Rec,1138,TA,Y,SBrkr,1181,0,0,1181,1,0,2,0,3,1,TA,6,Typ,0,NA,Detchd,RFn,2,588,Y,0,0,180,0,0,0,Fence,0,WD,Normal,137500,11.831379196088763,Plywood,Finished,Other
20,RL,49.0,20896,NA,IR,CulDSac,Somerst,NRR,1Fam,1.0Story,8,5,2005,2006,Gable,None,0.0,Gd,Gd,PConc,Ex,TA,Mn,GLQ,Unf,2077,Ex,Y,SBrkr,2097,0,0,2097,1,0,1,1,1,1,Ex,8,Typ,1,Gd,Attchd,Fin,3,1134,Y,192,267,0,0,0,0,NA,0,Oth,Partial,423000,12.955127458028414,VinylSd,Finished,Siding
60,RL,106.0,11194,NA,IR,Corner,Gilbert,Norm,1Fam,2.0Story,8,5,2000,2000,Gable,BrkFace,40.0,Gd,Gd,PConc,Gd,TA,No,Unf,Unf,1406,Ex,Y,SBrkr,1454,482,0,1936,0,0,2,1,3,1,Gd,7,Typ,1,TA,Attchd,RFn,2,504,Y,188,124,0,0,0,0,NA,0,WD,Normal,230500,12.348006141418841,VinylSd,Finished,Siding
60,RL,70.05,18450,NA,IR,Inside,NAmes,Norm,1Fam,2.0Story,6,5,1965,1979,Oth,BrkCmn,113.0,TA,Gd,CBlock,Gd,TA,No,LwQ,Rec,1021,TA,Y,SBrkr,1465,915,0,2380,0,0,2,1,3,1,TA,7,Atype,1,Po,Detchd,Unf,2,596,Y,0,265,0,0,0,0,NA,0,WD,Abnorml,129000,11.76756768334381,Plywood,Finished,Other
20,RL,65.0,8125,NA,Reg,Inside,SawyerW,Norm,1Fam,1.0Story,6,5,1994,1998,Gable,BrkFace,258.0,TA,Gd,PConc,Gd,TA,No,GLQ,Unf,1408,Ex,Y,SBrkr,1679,0,0,1679,1,0,2,0,3,1,Gd,7,Typ,1,Po,Attchd,RFn,2,575,Y,224,42,0,0,0,0,NA,0,WD,Normal,193500,12.173032791451973,HdBoard,Finished,Other
20,RL,70.05,14175,NA,Reg,Corner,Sawyer,Norm,1Fam,1.0Story,5,6,1956,1987,Gable,None,0.0,TA,Gd,CBlock,TA,TA,No,Rec,Unf,1188,Gd,Y,SBrkr,1437,0,0,1437,1,0,1,1,3,1,TA,6,Atype,1,TA,Detchd,Unf,2,576,Y,304,0,0,0,0,0,NA,0,WD,Normal,168000,12.031719258385396,Wood,Finished,Siding
30,RL,80.0,11600,NA,Reg,Inside,Crawfor,Norm,1Fam,1.0Story,4,5,1922,1950,Gable,None,0.0,TA,Gd,BrkTil,Fa,TA,No,Unf,Unf,700,Ex,Y,SBrkr,1180,0,0,1180,0,0,1,0,2,1,Fa,5,Typ,1,Gd,Detchd,Unf,1,252,Y,0,0,67,0,0,0,NA,0,WD,Normal,137500,11.831379196088763,MetalSd,Finished,Siding
60,RL,64.0,8633,NA,Reg,FR2,CollgCr,Norm,1Fam,2.0Story,6,5,2005,2005,Gable,None,0.0,Gd,Gd,PConc,Gd,TA,No,GLQ,Unf,738,Ex,Y,SBrkr,738,738,0,1476,1,0,2,1,3,1,Gd,7,Typ,0,NA,Attchd,Fin,2,540,Y,100,35,0,0,0,0,NA,0,WD,Normal,173500,12.063932878369052,VinylSd,Finished,Siding
70,RH,54.0,6629,NA,Reg,Inside,Edwards,Artery,1Fam,2.0Story,6,6,1925,1950,Oth,None,0.0,TA,Gd,BrkTil,TA,TA,No,BLQ,Unf,672,TA,N,SBrkr,697,672,0,1369,1,0,2,0,3,1,TA,6,Typ,0,NA,Detchd,Unf,1,300,Y,147,0,0,0,0,0,NA,0,WD,Normal,103600,11.54829260880752,Wood,Finished,Siding
20,RL,70.05,11250,NA,IR,Inside,Veenker,Norm,1Fam,1.0Story,6,6,1977,1977,Gable,None,0.0,Gd,Gd,CBlock,Gd,TA,No,ALQ,Unf,1208,TA,Y,SBrkr,1208,0,0,1208,1,0,1,1,3,1,TA,6,Typ,1,TA,Attchd,RFn,2,546,Y,198,42,0,0,0,0,NA,0,WD,Normal,165000,12.013700752882718,Plywood,Finished,Other
20,RL,110.0,14442,NA,Reg,Inside,Crawfor,Norm,1Fam,1.0Story,6,7,1957,2004,Hip,BrkFace,106.0,TA,Gd,PConc,TA,TA,No,GLQ,Unf,1477,Ex,Y,SBrkr,1839,0,0,1839,1,0,2,0,3,1,Gd,7,Typ,2,TA,Attchd,Fin,2,416,Y,0,87,0,0,200,0,NA,0,WD,Normal,257500,12.458774999085929,Other,Finished,Other
20,RL,80.0,9200,NA,Reg,Inside,NAmes,Norm,1Fam,1.0Story,6,6,1965,1965,Gable,None,0.0,TA,Gd,CBlock,TA,TA,No,Rec,Unf,1136,TA,Y,SBrkr,1136,0,0,1136,1,0,1,0,3,1,TA,5,Typ,1,Gd,Attchd,RFn,1,384,Y,426,0,0,0,0,0,NA,0,WD,Normal,140000,11.84939770159144,HdBoard,Finished,Other
160,RL,24.0,2289,NA,Reg,Inside,NPkVill,Norm,Twnhs,2.0Story,6,6,1978,1978,Gable,None,0.0,TA,Gd,CBlock,TA,TA,No,ALQ,Unf,855,TA,Y,SBrkr,855,586,0,1441,0,0,2,1,3,1,TA,7,Typ,1,TA,Attchd,Unf,2,440,Y,28,0,0,0,0,0,NA,0,WD,Normal,148500,11.908340237224891,Other,Finished,Other
70,RM,60.0,9600,Grvl,Reg,Inside,OldTown,Norm,1Fam,2.0Story,4,2,1900,1950,Gable,None,0.0,TA,Gd,BrkTil,TA,Fa,No,Unf,Unf,1095,Fa,N,SBrkr,1095,679,0,1774,1,0,2,0,4,2,TA,8,Atype,0,NA,Attchd,Unf,3,779,N,0,0,90,0,0,0,NA,0,WD,Normal,87000,11.37366339763672,Stucco,Finished,Other
30,RL,52.0,9022,NA,Reg,Inside,OldTown,Norm,1Fam,1.0Story,5,8,1924,2006,Gable,None,0.0,Gd,Gd,BrkTil,TA,TA,No,Unf,Unf,768,Ex,Y,SBrkr,792,0,0,792,0,0,1,0,2,1,Gd,5,Typ,0,NA,Detchd,Unf,1,240,N,316,0,120,0,0,0,NA,0,WD,Normal,109500,11.603679828238693,VinylSd,Finished,Siding
20,RL,80.0,11844,NA,IR,Inside,StoneBr,Norm,1Fam,1.0Story,8,5,2008,2008,Hip,Stone,464.0,Gd,Gd,PConc,Ex,TA,Mn,Unf,Unf,2046,Ex,Y,SBrkr,2046,0,0,2046,0,0,2,1,3,1,Gd,7,Typ,1,Gd,Attchd,Fin,3,834,Y,322,82,0,0,0,0,NA,0,Oth,Partial,372500,12.827992316801751,VinylSd,Finished,Siding
20,RL,70.05,9945,NA,IR,Inside,Sawyer,Norm,1Fam,1.0Story,5,5,1961,1961,Hip,BrkFace,57.0,TA,Gd,CBlock,TA,TA,No,Rec,Unf,988,TA,Y,SBrkr,988,0,0,988,1,0,1,0,3,1,TA,5,Typ,0,NA,Detchd,Unf,2,572,Y,0,0,0,0,0,0,NA,0,WD,Normal,128500,11.763684183317412,Wood,Finished,Siding
120,RL,50.0,8012,NA,Reg,Inside,SawyerW,Norm,Twnhs,1.0Story,6,5,1980,1980,Gable,None,0.0,TA,Gd,CBlock,Gd,TA,No,BLQ,BLQ,923,TA,Y,SBrkr,923,0,0,923,0,0,2,0,2,1,TA,5,Typ,1,TA,Attchd,RFn,1,264,Y,80,0,0,0,0,0,NA,0,WD,Normal,143000,11.870599909242044,Plywood,Finished,Other
50,RH,55.0,4500,Pave,IR,Inside,SWISU,Norm,1Fam,1.5Story,5,5,1932,2000,Gable,None,0.0,TA,Gd,BrkTil,TA,TA,No,Rec,Unf,793,Ex,Y,SBrkr,848,672,0,1520,0,0,1,0,3,1,TA,6,Typ,0,NA,Detchd,Unf,1,281,Y,0,0,56,0,0,0,NA,0,WD,Abnorml,159434,11.979385322467598,Stucco,Finished,Other
120,RL,70.05,2887,NA,Reg,Inside,ClearCr,Norm,1Fam,1.0Story,6,5,1996,1997,Gable,None,0.0,TA,Gd,PConc,Gd,TA,Mn,GLQ,Unf,1291,Ex,Y,SBrkr,1291,0,0,1291,1,0,1,0,2,1,Gd,6,Typ,1,Gd,Attchd,Unf,2,431,Y,307,0,0,0,0,0,NA,0,WD,Normal,173000,12.061046873479915,Wood,Finished,Siding
20,RL,90.0,11248,NA,IR,Corner,CollgCr,Norm,1Fam,1.0Story,9,5,2002,2002,Hip,Stone,215.0,Gd,Gd,PConc,Gd,TA,Av,GLQ,Unf,1626,Ex,Y,SBrkr,1668,0,0,1668,1,0,2,0,3,1,Gd,7,Typ,1,TA,Attchd,Fin,3,702,Y,257,45,0,0,0,0,NA,0,WD,Normal,285000,12.560244459250788,VinylSd,Finished,Siding
60,RL,58.0,16770,NA,IR,CulDSac,NoRidge,Norm,1Fam,2.0Story,7,5,1998,1998,Gable,BrkFace,30.0,Gd,Gd,PConc,Gd,TA,No,Unf,Unf,1195,Gd,Y,SBrkr,1195,644,0,1839,0,0,2,1,4,1,TA,7,Typ,0,NA,Attchd,Fin,2,486,Y,0,81,0,0,0,0,NA,0,WD,Normal,221000,12.30591798049989,VinylSd,Finished,Siding
160,RL,70.05,5062,NA,IR,CulDSac,StoneBr,Norm,Twnhs,2.0Story,7,5,1984,1984,Gable,None,0.0,Gd,Gd,CBlock,Gd,TA,Mn,GLQ,LwQ,1190,Gd,Y,SBrkr,1190,900,0,2090,1,0,2,0,3,1,Gd,6,Atype,1,TA,Attchd,Fin,2,577,Y,219,0,0,0,0,0,NA,0,WD,Normal,207500,12.24288661865289,HdBoard,Finished,Other
60,FV,84.0,10207,NA,Reg,Inside,Somerst,Norm,1Fam,2.0Story,7,6,2007,2007,Gable,None,0.0,Gd,Gd,PConc,Gd,TA,No,Unf,Unf,874,Ex,Y,SBrkr,874,887,0,1761,0,0,3,0,3,1,Gd,7,Typ,0,NA,Attchd,Fin,2,578,Y,144,105,0,0,0,0,NA,0,Oth,Partial,227875,12.336552511980964,VinylSd,Finished,Siding
160,FV,70.05,5105,NA,IR,FR2,Somerst,Norm,Twnhs,2.0Story,7,5,2004,2004,Gable,None,0.0,Gd,Gd,PConc,Gd,TA,No,GLQ,Unf,551,Ex,Y,SBrkr,551,551,0,1102,0,0,2,1,2,1,Gd,4,Typ,0,NA,Detchd,Unf,2,480,Y,0,60,0,0,0,0,NA,0,WD,Normal,148800,11.910358401381128,MetalSd,Finished,Siding
20,RL,60.0,8089,NA,Reg,Inside,StoneBr,Norm,1Fam,1.0Story,8,6,2007,2007,Gable,BrkFace,0.0,Gd,Gd,PConc,Gd,TA,Av,GLQ,Unf,1419,Ex,Y,SBrkr,1419,0,0,1419,1,0,2,0,2,1,Gd,7,Typ,1,Gd,Attchd,RFn,2,567,Y,140,0,0,0,0,0,NA,0,Oth,Partial,392000,12.8790171187726,MetalSd,Finished,Siding
120,RL,61.0,7577,NA,IR,Corner,NridgHt,Norm,Twnhs,1.0Story,6,5,2005,2006,Gable,Stone,256.0,Gd,Gd,PConc,Gd,TA,Av,ALQ,Unf,1362,Ex,Y,SBrkr,1362,0,0,1362,0,0,2,0,2,1,Gd,6,Typ,1,Gd,Attchd,RFn,2,460,Y,192,28,0,0,0,0,NA,0,WD,Normal,194700,12.17921519136029,VinylSd,Finished,Siding
120,RM,70.05,4426,NA,Reg,Inside,CollgCr,Norm,Twnhs,1.0Story,6,5,2004,2004,Gable,BrkFace,147.0,Gd,Gd,PConc,Gd,TA,Gd,GLQ,Unf,848,Ex,Y,SBrkr,848,0,0,848,1,0,1,0,1,1,Gd,3,Typ,1,TA,Attchd,RFn,2,420,Y,149,0,0,0,0,0,NA,0,WD,Normal,141000,11.856515169360305,VinylSd,Finished,Siding
60,RL,104.0,21535,NA,IR,Corner,NoRidge,Norm,1Fam,2.0Story,10,6,1994,1995,Gable,BrkFace,1170.0,Ex,Gd,PConc,Ex,TA,Gd,GLQ,Unf,2444,Ex,Y,SBrkr,2444,1872,0,4316,0,1,3,1,4,1,Ex,10,Typ,2,Gd,Attchd,Fin,3,832,Y,382,50,0,0,0,0,NA,0,WD,Normal,755000,13.534473028231162,HdBoard,Finished,Other
60,RL,42.0,26178,NA,IR,Inside,Timber,Norm,1Fam,2.0Story,7,5,1989,1990,Hip,BrkFace,293.0,Gd,Gd,PConc,Gd,TA,Gd,GLQ,Unf,1210,Ex,Y,SBrkr,1238,1281,0,2519,1,0,2,1,4,1,Gd,9,Typ,2,Gd,Attchd,RFn,2,628,Y,320,27,0,0,0,0,NA,0,WD,Normal,335000,12.721885810807203,MetalSd,Finished,Siding
30,RL,60.0,5400,NA,Reg,Corner,OldTown,Norm,1Fam,1.0Story,5,6,1921,1968,Gable,None,0.0,TA,Gd,BrkTil,TA,TA,No,Unf,Unf,1073,Ex,Y,SBrkr,1073,0,0,1073,0,0,1,0,2,1,TA,4,Typ,0,NA,Detchd,Unf,1,326,Y,0,0,112,0,0,0,NA,0,WD,Abnorml,108480,11.594321103174222,MetalSd,Finished,Siding
50,RM,51.0,6120,NA,Reg,Corner,BrkSide,Norm,1Fam,1.5Story,5,6,1936,1950,Gable,None,0.0,TA,Fa,BrkTil,TA,TA,No,Unf,Unf,927,TA,Y,SBrkr,1067,472,0,1539,0,0,1,1,3,1,TA,5,Typ,0,NA,Detchd,Unf,2,576,Y,112,0,0,0,0,0,Fence,0,WD,Normal,141500,11.86005499606543,Wood,Finished,Siding
20,RL,54.0,13811,NA,IR,Inside,Timber,Norm,1Fam,1.0Story,6,6,1987,1987,Gable,BrkFace,72.0,TA,Gd,CBlock,Gd,Gd,No,GLQ,LwQ,1112,Gd,Y,SBrkr,1137,0,0,1137,1,0,2,0,2,1,Gd,5,Typ,1,TA,Attchd,Unf,2,551,Y,125,0,0,0,0,0,NA,0,WD,Normal,176000,12.078239274020289,HdBoard,Finished,Other
30,RM,50.0,6000,NA,Reg,Inside,BrkSide,Norm,1Fam,1.0Story,5,7,1921,1950,Gable,None,0.0,TA,Gd,CBlock,TA,TA,No,LwQ,Unf,616,Gd,Y,SBrkr,616,0,0,616,0,0,1,0,2,1,TA,4,Typ,0,NA,Detchd,Unf,1,205,Y,0,0,129,0,0,0,NA,0,WD,Normal,89000,11.396391648714276,Wood,Finished,Shingle
20,RL,57.0,6420,NA,IR,Inside,Edwards,Norm,1Fam,1.0Story,5,7,1952,1952,Gable,None,0.0,TA,Gd,PConc,Ex,Gd,Mn,LwQ,ALQ,980,Fa,Y,Fuse,1148,0,0,1148,0,1,1,0,2,1,TA,6,Typ,0,NA,Detchd,Unf,1,308,Y,0,0,0,0,0,0,NA,0,WD,Normal,123500,11.72399643505017,Wood,Finished,Siding
20,RL,65.0,8450,NA,Reg,Inside,Sawyer,NRR,1Fam,1.0Story,5,8,1965,2009,Gable,None,0.0,TA,Gd,CBlock,TA,TA,No,GLQ,BLQ,894,Ex,Y,SBrkr,894,0,0,894,1,0,1,0,3,1,TA,5,Typ,1,Gd,Detchd,Unf,1,336,Y,416,144,0,0,0,0,Fence,0,WD,Normal,138500,11.83862560460953,MetalSd,Finished,Siding
120,FV,59.0,4282,Pave,IR,Inside,Somerst,Norm,Twnhs,1.0Story,7,5,2004,2004,Gable,None,0.0,Gd,Gd,PConc,Gd,TA,Mn,GLQ,Unf,1391,Ex,Y,SBrkr,1391,0,0,1391,0,0,2,0,2,1,Gd,5,Typ,0,NA,Attchd,RFn,2,530,Y,156,158,0,0,0,0,NA,0,WD,Normal,196000,12.185869938212655,MetalSd,Finished,Siding
20,RL,85.0,14331,NA,Reg,Inside,Timber,Norm,1Fam,1.0Story,8,5,2002,2002,Hip,BrkFace,630.0,Gd,Gd,PConc,Ex,TA,Gd,GLQ,Unf,1800,Ex,Y,SBrkr,1800,0,0,1800,1,0,2,0,3,1,Gd,7,Typ,1,Gd,Attchd,Fin,3,765,Y,270,78,0,0,0,0,NA,0,WD,Normal,312500,12.652359748158593,VinylSd,Finished,Siding
20,RL,80.0,9600,NA,Reg,Inside,NWAmes,Norm,1Fam,1.0Story,7,5,1969,1969,Hip,BrkFace,168.0,TA,Gd,CBlock,TA,TA,No,Unf,Unf,1164,TA,Y,SBrkr,1164,0,0,1164,0,0,1,1,3,1,TA,6,Typ,0,NA,Attchd,Unf,2,528,Y,0,0,0,0,0,0,NA,0,Oth,Normal,140000,11.84939770159144,HdBoard,Finished,Other
60,RL,82.0,12438,NA,IR,Inside,StoneBr,Norm,1Fam,2.0Story,8,5,2006,2006,Hip,BrkFace,466.0,Ex,Gd,PConc,Ex,Gd,No,Unf,Unf,1234,Ex,Y,SBrkr,1264,1312,0,2576,0,0,2,1,4,1,Ex,10,Typ,1,Gd,Attchd,Fin,3,666,Y,324,100,0,0,0,0,NA,0,Oth,Partial,361919,12.799175708864519,VinylSd,Finished,Siding
190,RM,76.0,7630,NA,Reg,Inside,OldTown,Feedr,Oth,2.0Story,5,9,1900,1996,Gable,None,0.0,TA,Gd,BrkTil,Gd,TA,No,Unf,Unf,360,Gd,Y,SBrkr,1032,780,0,1812,0,0,2,0,4,2,Gd,8,Typ,1,Po,Detchd,Unf,2,672,N,344,0,40,0,0,0,Fence,0,WD,Normal,140000,11.84939770159144,Wood,Finished,Siding
20,RL,70.0,8400,NA,Reg,Inside,CollgCr,Norm,1Fam,1.0Story,7,5,2004,2005,Gable,BrkFace,109.0,Gd,Gd,PConc,Gd,TA,Av,GLQ,Unf,1473,Ex,Y,SBrkr,1484,0,0,1484,1,0,2,0,3,1,Gd,7,Typ,0,NA,Attchd,RFn,2,606,Y,0,35,0,144,0,0,NA,0,WD,Normal,213000,12.269047444691562,VinylSd,Finished,Siding
190,RM,70.0,5600,NA,Reg,Inside,IDOTRR,Norm,Oth,2.0Story,4,5,1930,1950,Hip,None,0.0,Fa,Fa,Oth,NA,NA,No,NA,NA,0,Fa,N,SBrkr,372,720,0,1092,0,0,2,0,3,2,Fa,7,Atype,0,NA,NA,NA,0,0,N,0,0,0,0,0,0,NA,3500,WD,Normal,55000,10.915088464214607,Wood,Finished,Shingle
20,RL,70.05,115149,NA,IR,CulDSac,ClearCr,Norm,1Fam,1.0Story,7,5,1971,2002,Gable,Stone,351.0,TA,Gd,CBlock,Gd,TA,Gd,GLQ,Unf,1643,TA,Y,SBrkr,1824,0,0,1824,1,0,2,0,2,1,Gd,5,Typ,2,TA,Attchd,Unf,2,739,Y,380,48,0,0,0,0,NA,0,WD,Normal,302000,12.618182296357007,Plywood,Finished,Other
120,RL,48.0,6240,NA,Reg,Inside,NridgHt,Norm,Twnhs,1.0Story,8,5,2006,2006,Hip,BrkFace,176.0,Gd,Gd,PConc,Gd,TA,No,GLQ,Unf,1324,Ex,Y,SBrkr,1324,0,0,1324,1,0,2,0,2,1,Gd,6,Typ,1,Gd,Attchd,Fin,2,550,Y,192,38,0,0,0,0,NA,0,WD,Normal,254000,12.445089546000673,MetalSd,Finished,Siding
60,RL,65.0,9018,NA,IR,Inside,Gilbert,Norm,1Fam,2.0Story,7,5,2007,2007,Hip,None,0.0,Gd,Gd,PConc,Gd,TA,Av,Unf,Unf,728,Ex,Y,SBrkr,728,728,0,1456,0,0,2,1,3,1,Gd,8,Typ,1,Gd,Attchd,Fin,2,400,Y,100,24,0,0,0,0,NA,0,Oth,Partial,179540,12.09815330331068,VinylSd,Finished,Siding
20,RL,70.05,7162,NA,IR,Inside,Sawyer,Norm,1Fam,1.0Story,5,7,1966,1966,Gable,BrkCmn,41.0,TA,Gd,PConc,TA,TA,No,Unf,Unf,876,TA,Y,SBrkr,904,0,0,904,0,0,1,0,3,1,TA,6,Typ,0,NA,Attchd,Unf,1,408,Y,0,0,0,0,0,0,Fence,0,WD,Abnorml,109900,11.607326140391713,HdBoard,Finished,Other
30,RL,56.0,4130,NA,IR,Inside,BrkSide,Norm,1Fam,1.0Story,3,6,1935,2003,Gable,None,0.0,Gd,Gd,CBlock,TA,TA,No,Unf,Unf,270,Gd,Y,SBrkr,729,0,0,729,0,0,1,0,2,1,TA,5,Atype,0,NA,NA,NA,0,0,N,0,0,0,0,0,0,NA,0,WD,Normal,52000,10.858998997563564,VinylSd,Finished,Siding
50,C (all),66.0,8712,Pave,Reg,Inside,IDOTRR,Norm,1Fam,1.5Story,4,7,1900,1950,Gable,None,0.0,TA,Gd,Oth,TA,TA,Mn,Unf,Unf,859,Gd,Y,SBrkr,859,319,0,1178,0,0,1,0,2,1,TA,7,Typ,0,NA,Detchd,RFn,1,384,N,68,0,98,0,0,0,NA,0,WD,Abnorml,102776,11.540307141711446,MetalSd,Finished,Siding
120,RL,40.0,4671,NA,IR,Inside,StoneBr,Norm,Twnhs,1.0Story,8,5,1988,1989,Gable,None,0.0,Gd,Gd,PConc,Gd,TA,Mn,GLQ,Unf,1228,Gd,Y,SBrkr,1228,0,0,1228,1,0,2,0,2,1,Gd,5,Typ,1,Gd,Attchd,Fin,2,472,Y,168,120,0,0,0,0,NA,0,WD,Normal,189000,12.14950229404178,HdBoard,Finished,Other
190,RL,60.0,9873,NA,Reg,Inside,BrkSide,NRR,Oth,1.0Story,4,5,1970,1970,Gable,BrkFace,160.0,TA,Gd,CBlock,TA,TA,Av,ALQ,Unf,960,TA,N,SBrkr,960,0,0,960,1,0,1,0,3,1,TA,6,Typ,0,NA,Detchd,Unf,2,576,Y,0,288,0,0,0,0,NA,0,WD,Normal,129000,11.76756768334381,HdBoard,Finished,Other
60,RL,70.05,13517,NA,IR,CulDSac,Sawyer,NRR,1Fam,2.0Story,6,8,1976,2005,Gable,BrkFace,289.0,Gd,Gd,CBlock,TA,TA,No,GLQ,Unf,725,Ex,Y,SBrkr,725,754,0,1479,0,0,2,1,3,1,Gd,6,Typ,0,NA,Attchd,RFn,2,475,Y,0,44,0,0,0,0,NA,0,WD,Normal,130500,11.779128505744886,Plywood,Finished,Other
20,RL,78.0,10140,NA,Reg,Inside,NWAmes,Norm,1Fam,1.0Story,6,5,1974,1974,Hip,BrkFace,174.0,TA,Gd,CBlock,Gd,TA,No,Unf,Unf,1064,TA,Y,SBrkr,1350,0,0,1350,0,0,2,0,3,1,TA,7,Typ,1,TA,Attchd,RFn,2,478,Y,0,0,0,0,0,0,Fence,0,WD,Normal,165000,12.013700752882718,HdBoard,Finished,Other
70,RM,60.0,10800,Grvl,Reg,Inside,OldTown,Norm,1Fam,2.0Story,7,8,1890,1998,Gable,None,0.0,TA,Gd,BrkTil,TA,TA,No,Unf,Unf,718,Ex,Y,SBrkr,1576,978,0,2554,0,0,1,1,3,1,TA,8,Typ,0,NA,Detchd,Unf,2,704,N,0,48,143,0,0,0,NA,0,WD,Normal,159500,11.979799201207037,VinylSd,Finished,Siding
20,RL,80.0,10000,NA,Reg,Inside,NWAmes,Norm,1Fam,1.0Story,5,6,1973,2000,Gable,None,0.0,TA,Gd,CBlock,Gd,TA,No,BLQ,Unf,1176,Gd,Y,SBrkr,1178,0,0,1178,0,1,1,1,3,1,Gd,5,Typ,1,Po,Attchd,Unf,2,439,Y,224,0,0,0,0,0,Fence,0,WD,Normal,157000,11.964001084330445,HdBoard,Finished,Other
60,RL,96.0,10542,NA,Reg,Inside,NoRidge,Norm,1Fam,2.0Story,7,5,1993,1994,Hip,BrkFace,651.0,Gd,Gd,PConc,Gd,TA,Gd,GLQ,Unf,1311,Ex,Y,SBrkr,1325,1093,0,2418,1,0,2,1,3,1,Gd,9,Typ,1,TA,Attchd,RFn,3,983,Y,250,154,216,0,0,0,NA,0,WD,Normal,341000,12.739637756265655,Stucco,Finished,Other
20,RL,69.0,9920,NA,IR,Inside,CollgCr,Norm,1Fam,1.0Story,5,6,1969,1969,Gable,None,0.0,TA,Gd,CBlock,Gd,TA,Gd,ALQ,Unf,971,TA,Y,SBrkr,971,0,0,971,0,0,1,1,3,1,TA,5,Typ,1,Po,Attchd,Unf,1,300,Y,0,0,0,0,0,0,NA,0,WD,Normal,128500,11.763684183317412,Plywood,Finished,Other
120,RL,70.05,6563,NA,IR,CulDSac,StoneBr,Norm,1Fam,1.0Story,8,5,1985,1985,Gable,None,0.0,Gd,Gd,PConc,Gd,TA,Gd,GLQ,Unf,1742,TA,Y,SBrkr,1742,0,0,1742,1,0,2,0,2,1,Gd,5,Typ,1,TA,Attchd,RFn,2,564,Y,114,28,234,0,0,0,NA,0,WD,Normal,275000,12.524526376648708,HdBoard,Finished,Other
120,RM,70.05,4426,NA,Reg,Inside,CollgCr,Norm,Twnhs,1.0Story,6,5,2004,2004,Gable,BrkFace,169.0,Gd,Gd,PConc,Gd,TA,Av,GLQ,Unf,848,Ex,Y,SBrkr,848,0,0,848,1,0,1,0,1,1,Gd,3,Typ,0,NA,Attchd,RFn,2,420,Y,160,0,0,0,0,0,NA,0,WD,Normal,143000,11.870599909242044,VinylSd,Finished,Siding
20,RL,70.0,8120,NA,Reg,Inside,NAmes,Norm,1Fam,1.0Story,4,7,1970,1970,Gable,None,0.0,TA,Gd,CBlock,TA,TA,No,ALQ,Unf,864,Ex,Y,SBrkr,864,0,0,864,0,0,1,0,3,1,TA,5,Typ,0,NA,Detchd,Unf,2,463,Y,0,0,0,0,0,0,NA,0,WD,Normal,124500,11.732060994886899,MetalSd,Finished,Siding
50,RL,60.0,8172,NA,Reg,Inside,Edwards,Norm,1Fam,1.5Story,4,6,1954,1972,Gable,None,0.0,TA,Gd,PConc,TA,TA,No,Unf,Unf,941,Ex,Y,SBrkr,997,473,0,1470,0,0,2,0,4,1,TA,7,Typ,0,NA,Detchd,Unf,1,548,Y,0,0,0,0,156,0,NA,0,WD,Normal,135000,11.813030057420567,MetalSd,Finished,Siding
20,RL,86.0,13286,NA,IR,Inside,Edwards,Norm,1Fam,1.0Story,9,5,2007,2008,Hip,Stone,340.0,Ex,Gd,PConc,Ex,TA,No,GLQ,Unf,1698,Ex,Y,SBrkr,1698,0,0,1698,1,0,2,0,3,1,Ex,8,Typ,1,Gd,Attchd,Fin,3,768,Y,327,64,0,0,0,0,NA,0,WD,Normal,320000,12.676076274775909,Other,Finished,Other
20,RL,60.0,6960,NA,Reg,Inside,NAmes,Norm,1Fam,1.0Story,4,6,1970,1970,Gable,None,0.0,TA,Gd,CBlock,TA,TA,No,ALQ,BLQ,864,TA,Y,SBrkr,864,0,0,864,0,0,1,0,3,1,Gd,5,Typ,0,NA,Detchd,Unf,2,660,Y,96,0,0,0,0,0,NA,500,WD,Normal,120500,11.699405031912846,Plywood,Finished,Other
20,RL,70.05,21695,NA,IR,Corner,Crawfor,Norm,1Fam,1.0Story,6,9,1988,2007,Hip,BrkFace,260.0,Gd,Gd,CBlock,Gd,TA,No,GLQ,Unf,880,Ex,Y,SBrkr,1680,0,0,1680,1,0,2,0,3,1,Gd,5,Typ,1,Gd,Attchd,Fin,2,540,Y,292,44,0,182,0,0,NA,0,WD,Normal,222000,12.310432660854417,Plywood,Finished,Other
20,RL,64.0,7314,NA,Reg,Inside,CollgCr,Norm,1Fam,1.0Story,7,5,2007,2007,Gable,Stone,82.0,Gd,Gd,PConc,Gd,TA,Av,GLQ,Unf,1232,Ex,Y,SBrkr,1232,0,0,1232,1,0,2,0,2,1,Gd,6,Typ,0,NA,Attchd,RFn,2,632,Y,132,0,0,0,0,0,NA,0,WD,Normal,194500,12.178187442040638,VinylSd,Finished,Siding
90,RL,85.0,11475,NA,Reg,Corner,NAmes,Norm,Oth,1.0Story,5,5,1958,1958,Gable,BrkFace,95.0,TA,Gd,CBlock,TA,TA,No,Unf,Unf,1584,TA,Y,SBrkr,1776,0,0,1776,1,0,2,0,4,2,TA,9,Typ,0,NA,Detchd,Unf,3,888,Y,0,25,0,0,0,0,NA,0,Oth,Abnorml,110000,11.608235644774552,VinylSd,Finished,Siding
30,RM,52.0,6240,Grvl,Reg,Inside,IDOTRR,Norm,1Fam,1.5Story,4,5,1925,1950,Gable,None,0.0,TA,Gd,CBlock,TA,TA,No,BLQ,Unf,780,TA,Y,Fuse,848,0,360,1208,0,0,1,0,2,1,TA,5,Typ,0,NA,Detchd,Unf,2,539,Y,0,23,112,0,0,0,NA,0,WD,Normal,103000,11.542484267211773,MetalSd,Finished,Siding
120,RL,39.0,5389,NA,IR,Inside,StoneBr,Norm,Twnhs,1.0Story,8,5,1995,1996,Gable,None,0.0,Gd,Gd,PConc,Gd,TA,No,GLQ,Unf,1595,Ex,Y,SBrkr,1616,0,0,1616,1,0,2,0,2,1,Gd,5,Typ,1,TA,Attchd,RFn,2,608,Y,237,152,0,0,0,0,NA,0,WD,Normal,236500,12.373703486914124,Other,Finished,Other
80,RL,73.0,9590,NA,IR,Corner,Timber,Norm,1Fam,SLvl,7,5,2003,2003,Gable,BrkFace,442.0,Gd,Gd,PConc,Ex,TA,Av,GLQ,Unf,868,Ex,Y,SBrkr,1146,0,0,1146,1,0,2,0,3,1,Gd,6,Typ,1,Gd,Attchd,Fin,2,438,Y,160,22,0,0,0,0,NA,0,WD,Normal,187500,12.141534124392603,VinylSd,Finished,Siding
60,RL,75.0,11404,NA,IR,Inside,CollgCr,Norm,1Fam,2.0Story,7,5,1998,1999,Gable,BrkFace,202.0,Gd,Gd,PConc,Gd,TA,Av,ALQ,Unf,1153,Ex,Y,SBrkr,1153,878,0,2031,0,0,2,1,3,1,Gd,8,Typ,1,TA,Attchd,Fin,2,541,Y,192,84,0,0,0,0,NA,0,WD,Normal,222500,12.312682380588432,VinylSd,Finished,Siding
20,RL,80.0,10000,NA,Reg,Corner,Sawyer,Feedr,1Fam,1.0Story,5,6,1961,1983,Hip,None,0.0,TA,Gd,CBlock,TA,TA,No,BLQ,Unf,864,Ex,Y,SBrkr,1144,0,0,1144,1,0,1,0,3,1,TA,6,Typ,1,TA,Attchd,RFn,1,264,Y,165,0,0,0,0,0,Fence,400,WD,Normal,131400,11.786001385032646,HdBoard,Finished,Other
20,RL,70.05,8978,NA,IR,Corner,Sawyer,Norm,1Fam,1.0Story,5,5,1968,1968,Gable,None,0.0,TA,Gd,PConc,TA,TA,No,Unf,Unf,948,TA,Y,SBrkr,948,0,0,948,0,0,1,0,3,1,TA,6,Typ,0,NA,Attchd,Unf,1,300,Y,147,0,0,0,0,0,NA,0,WD,Abnorml,108000,11.589886506106357,Plywood,Finished,Other
75,RM,60.0,10800,NA,Reg,Inside,OldTown,Norm,1Fam,2.5Story,7,7,1914,1970,Gable,None,0.0,TA,Gd,BrkTil,Gd,TA,Mn,Rec,Unf,880,Fa,N,SBrkr,880,888,0,1768,0,0,1,1,2,1,TA,6,Typ,2,TA,Detchd,Unf,2,320,N,0,341,0,0,0,0,NA,0,WD,Normal,163000,12.0015054797889,Wood,Unfinished,Siding
90,RL,60.0,8544,NA,Reg,Inside,NAmes,Norm,Oth,1.0Story,3,4,1950,1950,Gable,None,0.0,TA,Gd,CBlock,NA,NA,No,NA,NA,0,Gd,N,Fuse,1040,0,0,1040,0,0,2,0,2,2,TA,6,Typ,0,NA,Detchd,Unf,2,400,Y,0,0,0,0,0,0,NA,0,WD,Normal,93500,11.44571671527678,Other,Finished,Other
60,RL,72.0,10463,NA,IR,CulDSac,Gilbert,Norm,1Fam,2.0Story,8,5,2005,2005,Gable,None,0.0,Gd,Gd,PConc,Gd,TA,No,Unf,Unf,893,Ex,Y,SBrkr,901,900,0,1801,0,0,2,1,3,1,Gd,8,Typ,1,Gd,Attchd,Fin,3,800,Y,0,116,0,0,0,0,NA,0,WD,Normal,239900,12.387977448827787,VinylSd,Finished,Siding
90,RL,60.0,10800,NA,Reg,Inside,Edwards,Norm,Oth,1.0Story,5,5,1987,1988,Gable,None,0.0,TA,Gd,CBlock,Gd,Gd,Gd,GLQ,Unf,1200,TA,Y,SBrkr,1200,0,0,1200,3,0,3,0,3,1,TA,5,Typ,0,NA,NA,NA,0,0,Y,120,0,0,0,0,0,NA,0,WD,Abnorml,179000,12.095141084822892,Plywood,Finished,Other
60,RL,65.0,9313,NA,IR,Inside,CollgCr,Norm,1Fam,2.0Story,7,5,2004,2004,Gable,None,0.0,Gd,Gd,PConc,Gd,TA,No,Unf,Unf,864,Ex,Y,SBrkr,864,864,0,1728,0,0,2,1,3,1,Gd,7,Typ,0,NA,Attchd,RFn,2,572,Y,187,56,0,0,0,0,NA,0,WD,Normal,190000,12.154779351142624,VinylSd,Finished,Siding
70,RM,60.0,9600,Grvl,Reg,Inside,OldTown,Norm,1Fam,2.0Story,5,7,1910,2002,Gable,None,0.0,TA,Gd,BrkTil,Fa,Fa,No,Unf,Unf,264,Ex,Y,SBrkr,768,664,0,1432,0,0,2,0,2,1,TA,7,Typ,0,NA,Detchd,Unf,2,360,Y,270,0,112,0,0,0,Fence,0,WD,Abnorml,132000,11.790557201568507,Wood,Finished,Shingle
20,RL,65.0,6768,NA,IR,Inside,Sawyer,Feedr,1Fam,1.0Story,6,8,1961,1996,Hip,None,0.0,TA,Gd,CBlock,TA,TA,Mn,GLQ,Unf,912,Gd,Y,SBrkr,912,0,0,912,1,1,1,0,3,1,Gd,5,Typ,0,NA,Detchd,Unf,1,288,Y,168,0,0,0,0,0,Fence,0,WD,Normal,142000,11.863582336583399,HdBoard,Finished,Other
20,RL,65.0,8450,NA,Reg,Inside,SawyerW,Norm,1Fam,1.0Story,7,5,2000,2001,Gable,BrkFace,108.0,TA,Gd,PConc,Gd,TA,No,Unf,Unf,1349,Ex,Y,SBrkr,1349,0,0,1349,0,0,2,0,3,1,TA,6,Typ,0,NA,Attchd,Unf,2,539,Y,120,55,0,0,0,0,Fence,0,WD,Normal,179000,12.095141084822892,VinylSd,Finished,Siding
80,RL,70.0,12886,NA,IR,Inside,Sawyer,Norm,1Fam,SLvl,5,6,1963,1999,Gable,None,0.0,TA,Gd,CBlock,Gd,TA,Av,ALQ,Unf,520,Ex,Y,SBrkr,1464,0,0,1464,0,1,2,0,3,1,TA,6,Atype,1,TA,Attchd,RFn,2,480,Y,302,0,0,0,100,0,NA,0,WD,Normal,175000,12.072541252905651,HdBoard,Finished,Other
120,RL,41.0,5395,NA,IR,Inside,StoneBr,Norm,Twnhs,1.0Story,8,5,1993,1993,Gable,None,0.0,Gd,Gd,PConc,Gd,TA,No,GLQ,Unf,1337,Gd,Y,SBrkr,1337,0,0,1337,1,0,2,0,2,1,Gd,5,Typ,1,TA,Attchd,RFn,2,462,Y,96,0,70,168,0,0,NA,0,WD,Normal,180000,12.100712129872347,HdBoard,Finished,Other
60,RL,70.05,8963,NA,IR,Inside,NWAmes,Norm,1Fam,2.0Story,8,9,1976,1996,Hip,BrkFace,289.0,Ex,Gd,CBlock,TA,Gd,No,GLQ,ALQ,1142,Ex,Y,SBrkr,1175,1540,0,2715,0,1,3,1,4,1,Gd,11,Typ,2,TA,Attchd,Fin,2,831,Y,0,204,0,0,0,0,NA,0,WD,Normal,299800,12.610870864650634,VinylSd,Finished,Siding
60,RL,70.05,8795,NA,IR,Inside,Gilbert,Norm,1Fam,2.0Story,7,5,2000,2000,Gable,None,0.0,Gd,Gd,PConc,Gd,TA,No,GLQ,Unf,952,Ex,Y,SBrkr,980,1276,0,2256,0,0,2,1,4,1,Gd,8,Typ,1,TA,Attchd,Fin,2,554,Y,224,54,0,0,0,0,NA,0,WD,Normal,236000,12.371587084007746,VinylSd,Finished,Siding
70,RM,65.0,11700,Pave,IR,Corner,OldTown,Norm,1Fam,2.0Story,7,7,1880,2003,Oth,None,0.0,Gd,Gd,Oth,TA,Fa,No,Unf,Unf,1240,TA,N,SBrkr,1320,1320,0,2640,0,0,1,1,4,1,Gd,8,Typ,1,Gd,Detchd,Unf,4,864,N,181,0,386,0,0,0,NA,0,WD,Normal,265979,12.491172637278908,Stucco,Finished,Other
20,RL,59.0,10593,NA,IR,Inside,NoRidge,Norm,1Fam,1.0Story,7,5,1996,1996,Hip,BrkFace,338.0,Gd,Gd,PConc,Gd,TA,No,GLQ,Unf,1720,Ex,Y,SBrkr,1720,0,0,1720,1,0,2,0,3,1,Gd,7,Typ,1,TA,Attchd,Fin,2,527,Y,240,56,154,0,0,0,NA,0,WD,Normal,260400,12.46997418931655,VinylSd,Finished,Siding
50,RL,50.0,8405,NA,Reg,Inside,Edwards,Norm,1Fam,1.5Story,4,3,1945,1950,Gable,None,0.0,TA,Gd,Oth,NA,NA,No,NA,NA,0,TA,N,Fuse,1088,441,0,1529,0,0,2,0,4,1,TA,9,Atype,0,NA,Detchd,Unf,1,240,N,92,0,185,0,0,0,NA,0,WD,Normal,98000,11.49272275765271,Wood,Finished,Shingle
50,RM,55.0,8800,Grvl,Reg,Corner,OldTown,Norm,1Fam,1.5Story,4,7,1910,2004,Gable,None,0.0,TA,Gd,BrkTil,TA,Fa,No,Unf,Unf,576,Gd,Y,SBrkr,792,348,0,1140,0,0,1,0,3,1,TA,7,Atype,0,NA,NA,NA,0,0,N,0,160,0,0,0,0,NA,0,WD,Normal,96500,11.477298287327077,Wood,Finished,Siding
60,RL,70.05,7750,NA,Reg,Inside,Gilbert,NRR,1Fam,2.0Story,7,5,2003,2003,Gable,None,0.0,Gd,Gd,PConc,Gd,TA,No,Unf,Unf,660,Ex,Y,SBrkr,660,660,0,1320,0,0,2,1,3,1,Gd,6,Typ,0,NA,Attchd,Fin,2,400,Y,0,48,0,0,0,0,NA,0,WD,Normal,162000,11.99535161421452,VinylSd,Finished,Siding
20,RL,79.0,9236,NA,IR,Inside,CollgCr,Norm,1Fam,1.0Story,6,5,1997,1997,Gable,None,0.0,TA,Gd,PConc,Gd,TA,Gd,GLQ,Unf,1479,Ex,Y,SBrkr,1494,0,0,1494,1,0,2,0,3,1,Gd,6,Typ,0,NA,Attchd,RFn,2,576,Y,168,27,0,0,0,0,NA,0,WD,Normal,217000,12.287652632522597,VinylSd,Finished,Siding
60,RL,80.0,10240,NA,Reg,Inside,NridgHt,Norm,1Fam,2.0Story,8,5,2005,2005,Gable,BrkFace,178.0,Gd,Gd,PConc,Gd,TA,Mn,Unf,Unf,1030,Gd,Y,SBrkr,1038,1060,0,2098,0,0,2,1,3,1,Ex,8,Typ,1,Gd,Attchd,RFn,3,878,Y,192,52,0,0,0,0,NA,0,WD,Normal,275500,12.526342907575106,VinylSd,Finished,Siding
20,RL,61.0,7930,NA,Reg,Inside,NAmes,Norm,1Fam,1.0Story,6,8,1969,2005,Gable,None,0.0,TA,Gd,CBlock,TA,TA,No,GLQ,LwQ,1026,Gd,Y,SBrkr,1026,0,0,1026,1,0,1,0,3,1,Gd,5,Typ,0,NA,Detchd,RFn,2,440,Y,171,48,0,0,0,0,NA,0,WD,Normal,156000,11.957611286231675,Plywood,Finished,Other
160,FV,34.0,3230,Pave,Reg,Inside,Somerst,Norm,Twnhs,2.0Story,6,5,1999,1999,Gable,BrkFace,894.0,TA,Gd,PConc,Gd,TA,No,GLQ,Unf,729,Gd,Y,SBrkr,742,729,0,1471,0,0,2,1,3,1,TA,6,Typ,0,NA,Detchd,Unf,2,440,Y,0,24,0,0,0,0,NA,0,WD,Normal,172500,12.058152515453552,MetalSd,Finished,Siding
60,RL,68.0,10769,NA,IR,Inside,CollgCr,Norm,1Fam,2.0Story,8,5,2007,2007,Gable,None,0.0,Gd,Gd,PConc,Gd,TA,Av,GLQ,Unf,866,Ex,Y,SBrkr,866,902,0,1768,0,0,2,1,3,1,Gd,7,Typ,0,NA,Attchd,RFn,2,578,Y,144,105,0,0,0,0,NA,0,WD,Normal,212000,12.26434155365415,VinylSd,Finished,Siding
60,RL,70.05,11616,NA,IR,CulDSac,Sawyer,Norm,1Fam,2.0Story,6,5,1978,1978,Hip,BrkCmn,328.0,TA,Gd,CBlock,TA,TA,Mn,Rec,Unf,672,TA,Y,SBrkr,672,714,0,1386,0,0,2,1,3,1,TA,6,Typ,1,TA,Attchd,Fin,2,440,Y,335,0,0,0,0,0,Fence,0,WD,Abnorml,158900,11.976030352524807,HdBoard,Finished,Other
160,FV,24.0,2280,Pave,Reg,Inside,Somerst,Norm,Twnhs,2.0Story,7,5,1999,1999,Gable,BrkFace,360.0,TA,Gd,PConc,Gd,TA,No,ALQ,Unf,744,Gd,Y,SBrkr,757,744,0,1501,0,0,2,1,3,1,TA,6,Typ,0,NA,Detchd,Unf,2,440,Y,0,0,0,0,0,0,NA,0,WD,Normal,179400,12.097373228606832,MetalSd,Finished,Siding
60,RL,65.0,12257,NA,IR,Inside,NoRidge,Norm,1Fam,2.0Story,8,5,1995,1995,Gable,BrkFace,513.0,Gd,Gd,PConc,Gd,TA,Av,LwQ,ALQ,1318,Ex,Y,SBrkr,1328,1203,0,2531,0,0,2,1,4,1,Gd,9,Typ,1,TA,Attchd,RFn,3,752,Y,222,98,0,0,0,0,NA,0,WD,Normal,290000,12.577636201962656,VinylSd,Finished,Siding
20,RL,70.0,9100,NA,Reg,Inside,NAmes,Norm,1Fam,1.0Story,6,6,1959,1959,Hip,None,0.0,TA,Gd,CBlock,TA,TA,No,Rec,Unf,864,Ex,Y,SBrkr,864,0,0,864,0,0,1,0,2,1,TA,5,Typ,0,NA,Detchd,Unf,1,300,Y,0,0,0,0,0,0,NA,450,WD,Normal,127500,11.755871643580617,Wood,Finished,Siding
30,RM,60.0,6911,NA,Reg,FR2,BrkSide,Feedr,1Fam,1.0Story,5,5,1924,1950,Gable,None,0.0,TA,Gd,PConc,TA,TA,Mn,LwQ,Unf,1145,TA,Y,SBrkr,1301,0,0,1301,0,0,1,0,2,1,Fa,5,Atype,0,NA,Detchd,Unf,2,440,Y,0,0,0,0,0,0,NA,0,WD,Normal,100000,11.512925464970229,Wood,Finished,Siding
60,FV,72.0,8640,NA,Reg,Inside,Somerst,Norm,1Fam,2.0Story,7,5,2009,2009,Gable,None,0.0,TA,Gd,PConc,Gd,TA,Mn,GLQ,Unf,756,Ex,Y,SBrkr,764,783,0,1547,0,0,2,1,3,1,Gd,7,Typ,0,NA,Attchd,Unf,2,614,Y,169,45,0,0,0,0,NA,0,Oth,Normal,215200,12.279323107269766,VinylSd,Finished,Siding
60,RL,82.0,9430,NA,Reg,Inside,NoRidge,Norm,1Fam,2.0Story,8,5,1999,1999,Gable,BrkFace,673.0,Gd,Gd,PConc,Gd,TA,Mn,GLQ,Unf,1252,Ex,Y,SBrkr,1268,1097,0,2365,1,0,2,1,3,1,Gd,8,Typ,1,Gd,Attchd,RFn,3,856,Y,0,128,0,0,180,0,NA,0,WD,Normal,337000,12.727838209334498,VinylSd,Finished,Siding
120,RL,30.0,9549,NA,IR,CulDSac,Veenker,Norm,Twnhs,1.0Story,8,5,1995,1996,Hip,None,0.0,Gd,Gd,PConc,Gd,Gd,Av,LwQ,GLQ,1494,Ex,Y,SBrkr,1494,0,0,1494,1,0,1,1,2,1,Ex,6,Typ,1,Gd,Attchd,Fin,2,481,Y,0,30,0,0,216,0,NA,0,WD,Normal,270000,12.506177237980511,Other,Finished,Other
20,RL,75.0,14587,NA,IR,Inside,Somerst,Norm,1Fam,1.0Story,9,5,2008,2008,Gable,Stone,284.0,Gd,Gd,PConc,Gd,TA,No,Unf,Unf,1498,Ex,Y,SBrkr,1506,0,0,1506,0,0,2,0,2,1,Ex,6,Typ,1,Gd,Attchd,Fin,2,592,Y,0,174,0,0,0,0,NA,0,Oth,Partial,264132,12.484204257170104,VinylSd,Finished,Siding
60,RL,80.0,10421,NA,Reg,Inside,NWAmes,Norm,1Fam,2.0Story,7,5,1988,1988,Gable,BrkFace,42.0,TA,Gd,CBlock,Gd,TA,No,GLQ,Unf,980,TA,Y,SBrkr,980,734,0,1714,0,0,2,1,3,1,TA,7,Typ,1,TA,Attchd,Unf,2,496,Y,228,66,156,0,0,0,Fence,500,WD,Normal,196500,12.188417710291453,HdBoard,Finished,Other
50,RL,75.0,12508,NA,IR,Inside,Mitchel,Norm,1Fam,1.5Story,6,7,1940,1985,Gable,None,0.0,TA,Gd,CBlock,Gd,TA,Mn,ALQ,Unf,983,Ex,Y,SBrkr,983,767,0,1750,1,0,2,0,4,1,TA,7,Atype,0,NA,Attchd,Unf,1,423,Y,245,0,156,0,0,0,NA,1300,WD,Normal,160000,11.982929094215963,VinylSd,Finished,Siding
20,RL,70.0,9100,NA,Reg,Inside,CollgCr,Norm,1Fam,1.0Story,7,5,2004,2005,Hip,None,0.0,Gd,Gd,PConc,Gd,TA,No,GLQ,Unf,1860,Ex,Y,SBrkr,1836,0,0,1836,0,0,2,0,3,1,Gd,8,Typ,1,Gd,Attchd,Fin,2,484,Y,120,33,0,0,0,0,NA,0,WD,Normal,216837,12.28690119819279,VinylSd,Finished,Siding
60,RL,47.0,53504,NA,IR,CulDSac,StoneBr,Norm,1Fam,2.0Story,8,5,2003,2003,Hip,BrkFace,603.0,Ex,Gd,PConc,Gd,TA,Gd,ALQ,Unf,1650,Ex,Y,SBrkr,1690,1589,0,3279,1,0,3,1,4,1,Ex,12,Atype,1,Gd,Attchd,Fin,3,841,Y,503,36,0,0,210,0,NA,0,WD,Normal,538000,13.195613839143922,Wood,Finished,Shingle
85,RL,70.05,7252,NA,IR,CulDSac,Sawyer,Norm,1Fam,SFoyer,5,5,1982,1982,Hip,None,0.0,TA,Gd,CBlock,Gd,TA,Av,GLQ,Unf,858,TA,Y,SBrkr,858,0,0,858,1,0,1,0,2,1,TA,5,Typ,0,NA,Detchd,Unf,2,576,Y,120,0,0,0,0,0,NA,0,WD,Normal,134900,11.812289042195847,Wood,Finished,Siding
20,RL,67.0,8877,NA,Reg,Inside,Edwards,Norm,1Fam,1.0Story,4,5,1951,1951,Gable,None,0.0,TA,Gd,CBlock,Fa,Fa,No,LwQ,Unf,836,TA,Y,Fuse,1220,0,0,1220,0,0,1,0,2,1,TA,6,Typ,0,NA,Detchd,Unf,2,396,Y,0,0,0,0,0,0,NA,0,Oth,Normal,102000,11.532728092266408,Wood,Finished,Siding
80,RL,94.0,7819,NA,Reg,Inside,Edwards,Norm,1Fam,SLvl,6,5,1976,1976,Gable,None,0.0,TA,Gd,CBlock,TA,TA,Av,ALQ,BLQ,1029,TA,Y,SBrkr,1117,0,0,1117,1,0,1,0,3,1,TA,6,Typ,1,TA,Detchd,Unf,2,672,Y,144,0,0,0,0,0,Fence,0,WD,Abnorml,107000,11.580584113444043,Plywood,Finished,Other
20,RL,70.0,10150,NA,Reg,Inside,NAmes,Feedr,1Fam,1.0Story,5,5,1958,1958,Gable,None,0.0,TA,Gd,CBlock,TA,TA,No,Rec,Unf,912,Ex,Y,Fuse,912,0,0,912,0,0,1,0,2,1,TA,5,Typ,0,NA,Attchd,RFn,1,275,Y,0,0,0,0,0,0,NA,0,Oth,Normal,114500,11.648330101976432,Wood,Finished,Siding
20,RL,110.0,14226,NA,Reg,Corner,NridgHt,Norm,1Fam,1.0Story,8,5,2006,2006,Hip,BrkFace,375.0,Gd,Gd,PConc,Gd,TA,Av,Unf,Unf,1935,Gd,Y,SBrkr,1973,0,0,1973,0,0,2,0,3,1,Gd,9,Typ,1,Gd,Attchd,Fin,3,895,Y,315,45,0,0,0,0,NA,0,Oth,Partial,395000,12.886641043883259,VinylSd,Finished,Siding
120,RM,32.0,4500,NA,Reg,FR2,Mitchel,Norm,Twnhs,1.0Story,6,5,1998,1998,Hip,BrkFace,320.0,TA,Gd,PConc,Ex,TA,No,GLQ,Unf,1204,Ex,Y,SBrkr,1204,0,0,1204,1,0,2,0,2,1,TA,5,Typ,0,NA,Attchd,Fin,2,412,Y,0,247,0,0,0,0,NA,0,WD,Normal,162000,11.99535161421452,VinylSd,Finished,Siding
20,RL,86.0,11210,NA,IR,Inside,CollgCr,Norm,1Fam,1.0Story,7,5,2005,2006,Gable,BrkFace,240.0,Gd,Gd,PConc,Gd,TA,Av,GLQ,Unf,1614,Ex,Y,SBrkr,1614,0,0,1614,0,0,2,0,3,1,Gd,7,Typ,0,NA,Attchd,RFn,3,865,Y,144,59,0,0,0,0,NA,0,Oth,Partial,221500,12.308177868467327,VinylSd,Finished,Siding
20,RL,100.0,13350,NA,IR,Inside,Sawyer,Norm,1Fam,1.0Story,5,5,1974,1974,Hip,None,0.0,TA,Gd,CBlock,TA,TA,No,ALQ,Unf,864,TA,Y,SBrkr,894,0,0,894,1,0,1,0,3,1,TA,5,Typ,1,Po,Attchd,Unf,2,440,Y,241,0,0,0,0,0,Fence,0,WD,Normal,142500,11.867097278690842,Plywood,Finished,Other
90,RH,60.0,8400,NA,Reg,Inside,SawyerW,Feedr,Oth,1.0Story,5,5,1977,1977,Gable,BrkFace,320.0,TA,Gd,Oth,NA,NA,No,NA,NA,0,TA,Y,SBrkr,2020,0,0,2020,0,0,2,0,4,2,TA,10,Typ,2,TA,Detchd,Unf,2,630,Y,0,0,0,0,0,0,NA,0,WD,Normal,144000,11.877568578558138,Plywood,Finished,Other
90,RL,78.0,10530,NA,Reg,Inside,Mitchel,Norm,Oth,SFoyer,6,5,1977,1977,Gable,BrkFace,90.0,TA,Gd,CBlock,Gd,TA,Gd,GLQ,Unf,975,TA,Y,SBrkr,1004,0,0,1004,1,0,1,0,2,1,TA,4,Typ,0,NA,Attchd,Unf,2,504,Y,0,0,0,0,0,0,NA,0,WD,Normal,135000,11.813030057420567,Stucco,Finished,Other
20,RL,63.0,7875,NA,Reg,Inside,Gilbert,Norm,1Fam,1.0Story,7,5,1995,1996,Gable,BrkFace,38.0,TA,Gd,PConc,Gd,Gd,No,Unf,Unf,1237,Gd,Y,SBrkr,1253,0,0,1253,0,0,2,0,3,1,TA,6,Typ,1,TA,Attchd,Fin,2,402,Y,220,21,0,0,0,0,NA,0,WD,Normal,176000,12.078239274020289,HdBoard,Finished,Other
60,RL,65.0,7153,NA,Reg,Inside,SawyerW,Norm,1Fam,2.0Story,6,5,1992,1992,Gable,None,0.0,Gd,Gd,PConc,Gd,TA,No,ALQ,Unf,761,Ex,Y,SBrkr,810,793,0,1603,0,0,2,1,3,1,Gd,7,Typ,0,NA,Attchd,RFn,2,484,Y,0,124,0,0,0,0,NA,0,WD,Normal,175900,12.077670930725649,VinylSd,Finished,Siding
20,RL,67.0,16285,NA,IR,Inside,CollgCr,Norm,1Fam,1.0Story,7,5,2001,2002,Gable,None,0.0,Gd,Gd,PConc,Gd,TA,No,Unf,Unf,1413,Ex,Y,SBrkr,1430,0,0,1430,0,0,2,0,3,1,Gd,6,Typ,0,NA,Attchd,RFn,2,605,Y,0,33,0,0,0,0,NA,0,WD,Normal,187100,12.139398512262181,VinylSd,Finished,Siding
85,RL,70.05,9101,NA,IR,Corner,Mitchel,Norm,1Fam,SFoyer,5,6,1978,1978,Gable,BrkFace,104.0,TA,Gd,PConc,Gd,TA,Av,GLQ,Unf,1097,Ex,Y,SBrkr,1110,0,0,1110,1,0,1,0,1,1,Gd,4,Typ,1,TA,Attchd,Fin,2,602,Y,303,30,0,0,0,0,NA,0,WD,Normal,165500,12.016726473799254,Plywood,Finished,Other
75,RM,35.0,6300,Grvl,Reg,Inside,OldTown,Norm,1Fam,2.5Story,6,6,1914,2001,Gable,None,0.0,TA,Gd,CBlock,TA,TA,No,Unf,Unf,742,Ex,Y,SBrkr,742,742,0,1484,0,0,2,0,3,1,TA,9,Typ,1,Gd,NA,NA,0,0,Y,0,291,134,0,0,0,NA,0,WD,Normal,128000,11.759785542901755,Wood,Unfinished,Shingle
20,RL,70.05,9790,NA,Reg,Inside,NWAmes,Feedr,1Fam,1.0Story,6,5,1967,1967,Gable,None,0.0,TA,Gd,CBlock,TA,TA,No,Rec,LwQ,1372,TA,Y,SBrkr,1342,0,0,1342,0,0,2,0,3,1,TA,7,Typ,1,Gd,Attchd,Unf,2,457,Y,0,0,0,0,197,0,NA,0,WD,Normal,161500,11.992260421644849,Wood,Finished,Siding
50,RM,60.0,10800,NA,Reg,Inside,OldTown,Artery,1Fam,1.5Story,5,6,1915,1950,Gable,None,0.0,TA,Gd,PConc,Fa,TA,No,LwQ,Unf,686,TA,Y,SBrkr,966,686,0,1652,1,0,2,0,4,1,TA,7,Typ,0,NA,Detchd,Unf,1,416,Y,0,0,196,0,0,0,NA,1200,WD,Normal,139000,11.842229212112828,MetalSd,Finished,Siding
60,RL,76.0,10142,NA,IR,Inside,SawyerW,Norm,1Fam,2.0Story,7,5,2004,2004,Gable,None,0.0,Gd,Gd,PConc,Gd,TA,No,GLQ,Unf,956,Ex,Y,SBrkr,956,1128,0,2084,1,0,2,1,4,1,Gd,8,Typ,0,NA,Attchd,RFn,2,618,Y,0,45,0,0,0,0,NA,0,WD,Normal,233000,12.358793732547838,VinylSd,Finished,Siding
20,RM,50.0,6000,NA,Reg,Corner,OldTown,Norm,1Fam,1.0Story,4,7,1954,2000,Gable,None,0.0,TA,Gd,CBlock,TA,TA,No,Unf,Unf,901,Ex,Y,SBrkr,901,0,0,901,0,0,1,0,2,1,TA,4,Typ,0,NA,Detchd,Unf,1,281,Y,0,0,0,0,0,0,NA,0,WD,Normal,107900,11.588960151246226,MetalSd,Finished,Siding
60,RL,70.05,12205,NA,IR,Inside,ClearCr,Norm,1Fam,2.0Story,6,8,1966,2007,Gable,BrkFace,157.0,TA,Gd,CBlock,TA,Fa,Gd,LwQ,Unf,832,Gd,Y,SBrkr,976,1111,0,2087,0,0,2,1,5,1,Gd,9,Typ,0,NA,Attchd,Fin,2,444,Y,133,168,0,0,0,0,NA,0,WD,Normal,187500,12.141534124392603,HdBoard,Finished,Other
120,RL,43.0,3182,NA,Reg,Inside,Blmngtn,Norm,Twnhs,1.0Story,7,5,2005,2006,Gable,BrkFace,11.0,Gd,Gd,PConc,Gd,TA,No,GLQ,Unf,1145,Ex,Y,SBrkr,1145,0,0,1145,0,0,2,0,2,1,Gd,5,Typ,1,Gd,Attchd,Fin,2,397,Y,100,16,0,0,0,0,NA,0,WD,Normal,160200,11.984178313616395,VinylSd,Finished,Siding
80,RL,70.05,11333,NA,IR,Corner,Mitchel,Norm,1Fam,SLvl,6,5,1976,1976,Gable,None,0.0,TA,Gd,PConc,Gd,TA,Av,ALQ,Unf,1029,TA,Y,SBrkr,1062,0,0,1062,1,0,1,0,3,1,TA,5,Typ,2,TA,Attchd,RFn,2,539,Y,120,0,0,0,0,0,NA,0,WD,Normal,146800,11.896826395162552,HdBoard,Finished,Other
60,RL,92.0,9920,NA,IR,CulDSac,NoRidge,Norm,1Fam,2.0Story,7,5,1996,1997,Gable,None,0.0,Gd,Gd,PConc,Gd,TA,Av,GLQ,Unf,1117,Ex,Y,SBrkr,1127,886,0,2013,1,0,2,1,3,1,TA,8,Typ,1,TA,Attchd,Unf,2,455,Y,180,130,0,0,0,0,NA,0,WD,Normal,269790,12.50539915757667,MetalSd,Finished,Siding
20,RL,76.0,9158,NA,Reg,Inside,Somerst,Norm,1Fam,1.0Story,8,5,2007,2007,Gable,Stone,140.0,Gd,Gd,PConc,Gd,TA,Av,Unf,Unf,1496,Ex,Y,SBrkr,1496,0,0,1496,0,0,2,0,3,1,Gd,7,Typ,0,NA,Attchd,Fin,2,474,Y,168,130,0,0,0,0,NA,0,Oth,Partial,225000,12.323855681186558,Other,Finished,Other
60,RL,70.05,10832,NA,IR,Corner,Gilbert,Norm,1Fam,2.0Story,7,5,1994,1996,Gable,None,0.0,Gd,Gd,PConc,Gd,TA,No,Unf,Unf,712,Ex,Y,SBrkr,1086,809,0,1895,0,0,2,1,3,1,Gd,7,Typ,1,TA,Attchd,Fin,2,409,Y,143,46,0,0,0,0,NA,500,WD,Normal,194500,12.178187442040638,MetalSd,Finished,Siding
60,RL,70.0,8400,NA,Reg,Inside,SawyerW,Norm,1Fam,2.0Story,6,6,1980,1981,Gable,BrkFace,130.0,TA,Gd,CBlock,Gd,TA,No,Unf,Unf,650,TA,Y,SBrkr,888,676,0,1564,0,0,2,1,3,1,TA,7,Typ,1,TA,Attchd,Unf,2,476,Y,0,50,0,0,204,0,Fence,0,WD,Normal,171000,12.049418835484797,HdBoard,Finished,Other
20,RL,71.0,8197,NA,Reg,Inside,Sawyer,Norm,1Fam,1.0Story,6,5,1977,1977,Gable,BrkFace,148.0,TA,Gd,CBlock,TA,TA,No,Unf,Unf,660,Ex,Y,SBrkr,1285,0,0,1285,0,0,1,1,3,1,TA,7,Typ,1,TA,Attchd,RFn,2,528,Y,138,0,0,0,0,0,Fence,0,WD,Normal,143500,11.874090314181814,Plywood,Finished,Other
20,RL,57.0,7677,NA,Reg,Inside,NAmes,Norm,1Fam,1.0Story,5,5,1953,1953,Gable,None,0.0,TA,Gd,CBlock,TA,TA,No,BLQ,Unf,773,Gd,Y,SBrkr,773,0,0,773,0,0,1,0,2,1,TA,4,Typ,0,NA,Attchd,Unf,1,240,Y,0,0,0,0,0,0,NA,0,WD,Abnorml,110000,11.608235644774552,VinylSd,Finished,Siding
60,RL,104.0,13518,NA,Reg,Inside,NridgHt,Norm,1Fam,2.0Story,9,5,2008,2009,Hip,Stone,860.0,Ex,Gd,PConc,Ex,TA,No,Unf,Unf,1926,Ex,Y,SBrkr,1966,1174,0,3140,0,0,3,1,4,1,Ex,11,Typ,2,Gd,Attchd,Fin,3,820,Y,144,78,0,0,0,0,NA,0,Oth,Partial,485000,13.091904169919621,VinylSd,Finished,Siding
50,RL,60.0,7200,NA,Reg,Corner,SWISU,Feedr,1Fam,1.5Story,5,7,1937,1950,Gable,BrkFace,252.0,TA,Gd,BrkTil,Gd,TA,No,ALQ,Unf,731,Ex,Y,SBrkr,981,787,0,1768,1,0,1,1,3,1,Gd,7,Typ,2,TA,Detchd,Unf,1,240,Y,0,0,264,0,0,0,Fence,0,WD,Normal,175000,12.072541252905651,Wood,Finished,Siding
60,RL,79.0,12798,NA,IR,Inside,ClearCr,Feedr,1Fam,2.0Story,6,5,1997,1997,Gable,None,0.0,TA,Gd,PConc,Gd,TA,Gd,GLQ,Unf,616,Gd,Y,SBrkr,616,1072,0,1688,1,0,2,1,4,1,Gd,8,Typ,0,NA,Attchd,RFn,2,603,Y,403,114,185,0,0,0,NA,400,WD,Normal,200000,12.206072645530174,VinylSd,Finished,Siding
30,RM,40.0,4800,NA,Reg,Inside,IDOTRR,Norm,1Fam,1.0Story,4,7,1916,1990,Gable,None,0.0,TA,Gd,CBlock,TA,TA,No,LwQ,Unf,1196,Ex,Y,Fuse,1196,0,0,1196,1,0,1,0,2,1,TA,5,Typ,0,NA,Detchd,Unf,2,440,Y,0,0,0,0,0,0,NA,0,WD,Normal,109900,11.607326140391713,MetalSd,Finished,Siding
60,RL,63.0,8199,NA,Reg,Inside,CollgCr,Norm,1Fam,2.0Story,7,5,2005,2005,Gable,None,0.0,Gd,Gd,PConc,Gd,TA,Av,GLQ,Unf,728,Ex,Y,SBrkr,728,728,0,1456,1,0,2,1,3,1,Gd,7,Typ,1,Gd,Attchd,Fin,2,410,Y,36,18,0,0,0,0,NA,0,WD,Normal,189000,12.14950229404178,Wood,Finished,Shingle
60,RL,107.0,13891,NA,Reg,Inside,NridgHt,Norm,1Fam,2.0Story,9,5,2008,2009,Hip,Stone,424.0,Ex,Gd,PConc,Ex,TA,Gd,Unf,Unf,1734,Ex,Y,SBrkr,1734,1088,0,2822,0,0,3,1,4,1,Ex,12,Typ,1,Gd,Attchd,RFn,3,1020,Y,52,170,0,0,192,0,NA,0,Oth,Partial,582933,13.275827535915461,VinylSd,Finished,Siding
20,RL,75.0,9000,NA,Reg,Inside,NAmes,Norm,1Fam,1.0Story,5,5,1954,1954,Gable,None,0.0,TA,Gd,CBlock,TA,TA,No,LwQ,Unf,936,TA,Y,SBrkr,1128,0,0,1128,0,0,1,0,2,1,TA,5,Atype,0,NA,Attchd,Unf,1,286,Y,0,0,0,0,0,0,Fence,0,WD,Abnorml,118000,11.678439903447801,Wood,Finished,Siding
20,RL,91.0,12274,NA,IR,FR2,Somerst,Norm,1Fam,1.0Story,7,5,2008,2008,Gable,Stone,256.0,Gd,Gd,PConc,Gd,TA,No,Unf,Unf,1417,Ex,Y,SBrkr,1428,0,0,1428,0,0,2,0,3,1,Ex,6,Typ,0,NA,Attchd,RFn,2,554,Y,0,60,0,0,0,0,NA,0,Oth,Partial,227680,12.33569641332368,VinylSd,Finished,Siding
80,RL,75.0,9750,NA,Reg,Inside,NAmes,Norm,1Fam,SLvl,5,5,1967,1967,Gable,None,0.0,TA,Gd,PConc,TA,TA,Av,ALQ,Rec,980,Gd,Y,SBrkr,980,0,0,980,0,0,2,0,3,1,TA,6,Typ,0,NA,Attchd,Fin,1,384,Y,68,0,0,0,0,0,NA,0,WD,Normal,135500,11.816726919301892,VinylSd,Finished,Siding
70,RL,144.0,21384,NA,Reg,Inside,BrkSide,Norm,1Fam,2.0Story,5,6,1923,2004,Gable,None,0.0,TA,Gd,CBlock,TA,TA,Gd,GLQ,Unf,1324,Ex,Y,SBrkr,1072,504,0,1576,2,0,1,1,3,1,Gd,6,Typ,1,TA,Attchd,RFn,2,528,Y,0,312,0,0,0,0,NA,0,WD,Normal,223500,12.31716669303576,Wood,Finished,Siding
80,RL,85.0,13400,NA,Reg,Inside,NAmes,Norm,1Fam,SLvl,5,5,1966,1966,Gable,BrkFace,1047.0,TA,Gd,CBlock,TA,TA,Av,ALQ,BLQ,1024,TA,Y,SBrkr,1086,0,0,1086,1,0,1,0,3,1,TA,6,Typ,1,Gd,Attchd,RFn,2,484,Y,0,0,0,0,0,0,Fence,0,WD,Normal,159950,11.982616545377663,VinylSd,Finished,Siding
75,RM,90.0,8100,NA,Reg,Corner,OldTown,Norm,1Fam,2.5Story,5,5,1898,1965,Hip,None,0.0,TA,Gd,PConc,TA,TA,No,Unf,Unf,849,TA,N,Fuse,1075,1063,0,2138,0,0,2,0,2,3,TA,11,Typ,0,NA,Detchd,Unf,2,360,N,40,156,0,0,0,0,Fence,0,WD,Normal,106000,11.571194373094205,Other,Unfinished,Shingle
20,RL,78.0,10140,NA,Reg,Inside,NWAmes,Norm,1Fam,1.0Story,6,6,1974,1999,Hip,BrkFace,99.0,TA,Gd,CBlock,TA,TA,No,ALQ,LwQ,1040,Fa,Y,SBrkr,1309,0,0,1309,1,0,1,1,3,1,Gd,5,Typ,1,Po,Attchd,RFn,2,484,Y,265,0,0,0,0,648,Fence,0,WD,Normal,181000,12.106252310247962,HdBoard,Finished,Other
120,RM,70.05,4438,NA,Reg,Inside,CollgCr,Norm,Twnhs,1.0Story,6,5,2004,2004,Gable,BrkFace,169.0,Gd,Gd,PConc,Gd,TA,Gd,GLQ,Unf,848,Ex,Y,SBrkr,848,0,0,848,1,0,1,0,1,1,Gd,4,Typ,1,Gd,Attchd,Fin,2,420,Y,140,0,0,0,0,0,NA,0,Oth,Normal,144500,11.881034786534624,VinylSd,Finished,Siding
20,C (all),66.0,8712,NA,Reg,Inside,IDOTRR,Norm,1Fam,1.0Story,5,5,1952,1952,Hip,None,0.0,Fa,Gd,CBlock,TA,TA,Av,Unf,Unf,540,TA,N,Fuse,1044,0,0,1044,0,0,1,0,2,1,Fa,4,Typ,0,NA,Attchd,Unf,2,504,N,0,0,0,0,0,0,NA,54,WD,Abnorml,55993,10.932981961904135,Wood,Finished,Siding
20,RL,75.0,9750,NA,Reg,Inside,NAmes,Norm,1Fam,1.0Story,6,6,1958,1958,Gable,BrkFace,243.0,TA,Gd,CBlock,TA,TA,No,Rec,Unf,1442,Gd,Y,SBrkr,1442,0,0,1442,0,0,1,1,4,1,TA,7,Typ,0,NA,Attchd,RFn,1,301,Y,0,0,275,0,0,0,NA,500,Oth,Normal,157900,11.969717200243734,MetalSd,Finished,Siding
50,RL,45.0,8248,Grvl,Reg,Inside,Edwards,Norm,1Fam,1.5Story,5,7,1918,1950,Gable,None,0.0,TA,Gd,BrkTil,TA,TA,No,Unf,Unf,686,Gd,Y,SBrkr,686,564,0,1250,0,1,1,1,3,1,Fa,7,Typ,0,NA,Detchd,Unf,1,280,N,207,0,96,0,0,0,NA,0,WD,Normal,116000,11.661345470088502,Stucco,Finished,Other
20,RL,48.0,12137,NA,IR,CulDSac,CollgCr,Norm,1Fam,1.0Story,7,5,1998,1998,Gable,BrkFace,442.0,TA,Gd,PConc,Gd,TA,No,Unf,Unf,1649,Ex,Y,SBrkr,1661,0,0,1661,0,0,2,0,3,1,Gd,6,Typ,0,NA,Attchd,RFn,2,598,Y,0,34,0,0,0,0,NA,0,WD,Normal,224900,12.323411137947407,VinylSd,Finished,Siding
20,RL,70.05,11425,NA,IR,Corner,NAmes,Norm,1Fam,1.0Story,5,6,1954,1954,Gable,None,0.0,TA,Gd,CBlock,TA,TA,No,BLQ,Unf,1008,Gd,Y,SBrkr,1008,0,0,1008,0,0,1,0,2,1,TA,4,Typ,1,Gd,Attchd,RFn,1,275,Y,0,0,120,0,0,0,NA,0,WD,Normal,137000,11.827736204810263,Other,Finished,Other
20,RL,70.05,13265,NA,IR,CulDSac,Mitchel,Norm,1Fam,1.0Story,8,5,2002,2002,Hip,BrkFace,148.0,Gd,Gd,PConc,Gd,TA,No,GLQ,Unf,1568,Ex,Y,SBrkr,1689,0,0,1689,1,0,2,0,3,1,Gd,7,Typ,2,Gd,Attchd,RFn,3,857,Y,150,59,0,0,0,0,NA,0,WD,Normal,271000,12.509874099861838,Other,Finished,Other
80,RL,80.0,8816,NA,Reg,Inside,ClearCr,Norm,1Fam,SLvl,6,7,1971,1971,Gable,BrkFace,80.0,TA,Gd,CBlock,TA,TA,Av,GLQ,Unf,1010,Gd,Y,SBrkr,1052,0,0,1052,1,0,1,0,3,1,TA,6,Typ,0,NA,Attchd,Unf,2,440,Y,0,0,0,0,0,0,Fence,0,WD,Normal,155000,11.951180395901384,HdBoard,Finished,Other
120,RL,44.0,6371,NA,IR,Inside,NridgHt,Norm,Twnhs,1.0Story,7,5,2009,2010,Gable,Stone,128.0,Gd,Gd,PConc,Gd,TA,Mn,GLQ,Unf,1358,Ex,Y,SBrkr,1358,0,0,1358,1,0,2,0,2,1,Gd,6,Typ,1,Gd,Attchd,RFn,2,484,Y,192,35,0,0,0,0,NA,0,Oth,Partial,224000,12.319401330837177,VinylSd,Finished,Siding
60,RL,72.0,7226,NA,IR,CulDSac,CollgCr,Norm,1Fam,2.0Story,7,5,2003,2003,Gable,None,0.0,Gd,Gd,PConc,Gd,TA,No,Unf,Unf,798,Ex,Y,SBrkr,798,842,0,1640,0,0,2,1,3,1,Gd,6,Typ,0,NA,Attchd,RFn,2,595,Y,0,45,0,0,0,0,NA,0,WD,Normal,183000,12.117241431823558,VinylSd,Finished,Siding
20,RM,60.0,6000,Pave,Reg,Inside,OldTown,Norm,Oth,1.0Story,4,4,1953,1953,Gable,None,0.0,Fa,Gd,CBlock,Fa,TA,No,Unf,Unf,936,TA,N,SBrkr,936,0,0,936,0,0,1,0,2,1,TA,4,Atype,0,NA,Detchd,Unf,2,576,Y,0,32,112,0,0,0,NA,0,WD,Normal,93000,11.440354772135393,MetalSd,Finished,Siding
60,RL,70.05,12394,NA,IR,Corner,Gilbert,Norm,1Fam,2.0Story,7,5,2003,2003,Gable,None,0.0,Gd,Gd,PConc,Gd,TA,Gd,Unf,Unf,847,Ex,Y,SBrkr,847,886,0,1733,0,0,2,1,3,1,Gd,7,Typ,1,Gd,Attchd,Fin,2,433,Y,100,48,0,0,0,0,NA,0,WD,Abnorml,225000,12.323855681186558,VinylSd,Finished,Siding
50,RL,60.0,9900,NA,Reg,Inside,SWISU,Norm,1Fam,1.5Story,6,7,1940,1950,Gable,None,0.0,TA,Gd,BrkTil,TA,TA,No,Unf,Unf,778,TA,Y,SBrkr,944,545,0,1489,0,0,2,0,3,1,TA,7,Typ,1,Gd,Detchd,Unf,1,240,Y,335,0,0,0,0,0,Fence,0,WD,Normal,139500,11.845819880243557,VinylSd,Finished,Siding
20,FV,81.0,11216,NA,Reg,Inside,Somerst,Norm,1Fam,1.0Story,8,5,2006,2006,Gable,None,0.0,Gd,Gd,PConc,Gd,Gd,No,Unf,Unf,1489,Ex,Y,SBrkr,1489,0,0,1489,0,0,2,0,3,1,Gd,7,Typ,1,Gd,Attchd,RFn,2,776,Y,0,140,0,0,0,0,NA,0,Oth,Partial,232600,12.3570755190667,VinylSd,Finished,Siding
20,RL,114.0,14803,NA,Reg,Inside,NridgHt,Pos,1Fam,1.0Story,10,5,2007,2008,Hip,BrkFace,816.0,Ex,Gd,PConc,Ex,TA,Av,GLQ,Unf,2078,Ex,Y,SBrkr,2084,0,0,2084,1,0,2,0,2,1,Ex,7,Typ,1,Gd,Attchd,Fin,3,1220,Y,188,45,0,0,0,0,NA,0,Oth,Partial,385000,12.86099861326992,Other,Finished,Other
45,RM,50.0,6130,NA,Reg,Inside,BrkSide,Norm,1Fam,1.5Story,5,6,1924,1950,Gable,None,0.0,TA,Gd,BrkTil,TA,TA,No,ALQ,Unf,784,Gd,Y,SBrkr,784,0,0,784,1,0,1,0,2,1,Gd,5,Typ,0,NA,NA,NA,0,0,Y,0,0,116,0,0,0,NA,0,WD,Normal,109500,11.603679828238693,MetalSd,Unfinished,Siding
20,RL,65.0,8529,NA,IR,Inside,SawyerW,Norm,1Fam,1.0Story,7,5,2001,2001,Gable,None,0.0,Gd,Gd,PConc,Gd,TA,No,GLQ,Unf,1454,Ex,Y,SBrkr,1434,0,0,1434,0,0,2,0,3,1,Gd,6,Typ,1,TA,Attchd,RFn,2,527,Y,290,39,0,0,0,0,NA,0,WD,Normal,189000,12.14950229404178,VinylSd,Finished,Siding
60,RL,70.05,28698,NA,IR,CulDSac,ClearCr,Norm,1Fam,2.0Story,5,5,1967,1967,Oth,None,0.0,TA,Gd,PConc,TA,Gd,Gd,LwQ,ALQ,1013,TA,Y,SBrkr,1160,966,0,2126,0,1,2,1,3,1,TA,7,Atype,0,NA,Attchd,Fin,2,538,Y,486,0,0,0,225,0,NA,0,WD,Abnorml,185000,12.128111104060462,Plywood,Finished,Other
160,FV,24.0,2544,Pave,Reg,Inside,Somerst,Norm,Twnhs,2.0Story,7,5,2005,2005,Gable,None,0.0,Gd,Gd,PConc,Gd,TA,No,Unf,Unf,600,Ex,Y,SBrkr,520,623,80,1223,0,0,2,1,2,1,Gd,4,Typ,0,NA,Detchd,RFn,2,480,Y,0,166,0,0,0,0,NA,0,WD,Normal,147400,11.900905258737373,MetalSd,Finished,Siding
20,RL,80.0,11900,NA,IR,Corner,NAmes,Norm,1Fam,1.0Story,6,5,1957,1957,Gable,BrkFace,387.0,TA,Gd,CBlock,TA,TA,No,Rec,Unf,1392,TA,Y,Fuse,1392,0,0,1392,1,0,1,1,3,1,TA,6,Typ,2,Gd,Attchd,RFn,2,458,Y,0,0,0,0,192,0,NA,0,WD,Normal,166000,12.01974306733868,HdBoard,Finished,Other
160,FV,30.0,3180,Pave,Reg,Inside,Somerst,Norm,Twnhs,2.0Story,7,5,2005,2005,Gable,None,0.0,TA,Gd,PConc,Gd,TA,No,Unf,Unf,600,Ex,Y,SBrkr,520,600,80,1200,0,0,2,1,2,1,Gd,4,Typ,0,NA,Detchd,RFn,2,480,Y,0,166,0,0,0,0,NA,0,WD,Normal,151000,11.925035115797062,MetalSd,Finished,Siding
60,RL,44.0,9548,NA,IR,CulDSac,CollgCr,Norm,1Fam,2.0Story,7,6,2003,2003,Gable,BrkFace,223.0,Gd,Gd,PConc,Gd,TA,No,GLQ,Unf,941,Ex,Y,SBrkr,941,888,0,1829,1,0,2,1,3,1,Gd,7,Typ,1,TA,Attchd,RFn,2,613,Y,192,39,0,0,0,0,NA,0,WD,Normal,237000,12.375815420117268,VinylSd,Finished,Siding
20,RL,100.0,10004,NA,Reg,Inside,NAmes,Norm,1Fam,1.0Story,6,6,1964,1964,Gable,BrkFace,180.0,TA,Gd,CBlock,TA,TA,No,Rec,BLQ,1516,TA,Y,SBrkr,1516,0,0,1516,0,0,1,1,3,1,TA,6,Typ,0,NA,Attchd,RFn,2,472,Y,0,0,0,0,152,0,NA,0,WD,Normal,167000,12.025749091398891,Plywood,Finished,Other
20,RL,75.0,7875,NA,Reg,Inside,NAmes,Norm,1Fam,1.0Story,5,6,1961,1961,Gable,BrkFace,136.0,TA,Gd,CBlock,TA,TA,No,Rec,Unf,1144,Gd,Y,SBrkr,1144,0,0,1144,1,0,1,0,3,1,TA,6,Typ,0,NA,Attchd,Unf,2,456,Y,0,0,0,0,0,0,Fence,0,WD,Normal,139950,11.8490404949436,VinylSd,Finished,Siding
20,RL,60.0,9600,NA,Reg,Inside,Sawyer,Norm,1Fam,1.0Story,4,7,1950,1995,Gable,None,0.0,TA,Gd,CBlock,Gd,TA,No,BLQ,Unf,1067,TA,Y,SBrkr,1067,0,0,1067,0,0,2,0,2,1,Gd,4,Atype,0,NA,Attchd,Unf,2,436,Y,290,0,0,0,0,0,NA,0,WD,Normal,128000,11.759785542901755,HdBoard,Finished,Other
30,RM,90.0,8100,Pave,Reg,Inside,OldTown,Norm,1Fam,1.0Story,5,6,1948,1973,Gable,None,0.0,TA,Gd,BrkTil,TA,TA,No,Rec,Unf,1559,Gd,Y,SBrkr,1559,0,0,1559,1,0,1,0,2,1,TA,5,Atype,0,NA,Detchd,Unf,2,812,Y,0,116,230,0,0,0,Fence,0,Oth,Normal,153500,11.941455846009388,VinylSd,Finished,Siding
160,RM,21.0,1680,NA,Reg,Inside,BrDale,Norm,Twnhs,2.0Story,6,5,1973,1973,Gable,BrkFace,158.0,TA,Gd,CBlock,TA,TA,No,BLQ,Unf,483,TA,Y,SBrkr,483,504,0,987,1,0,1,1,2,1,TA,5,Typ,0,NA,Detchd,Unf,1,264,Y,0,0,0,0,0,0,NA,0,WD,Normal,100000,11.512925464970229,HdBoard,Finished,Other
20,RL,75.0,9525,NA,Reg,Inside,CollgCr,Norm,1Fam,1.0Story,5,6,1995,2006,Gable,None,0.0,TA,Gd,PConc,Gd,TA,No,Unf,Unf,1099,Ex,Y,SBrkr,1099,0,0,1099,0,0,1,1,3,1,Gd,6,Typ,0,NA,Attchd,Unf,1,352,Y,278,0,0,0,0,0,NA,0,WD,Normal,144000,11.877568578558138,VinylSd,Finished,Siding
50,RL,70.0,11767,NA,Reg,Inside,Edwards,Norm,1Fam,1.5Story,5,6,1946,1995,Gable,None,0.0,TA,Gd,CBlock,TA,TA,No,BLQ,Unf,768,Ex,Y,SBrkr,768,432,0,1200,0,0,1,0,3,1,TA,6,Typ,0,NA,Detchd,Unf,1,240,Y,0,0,0,0,0,0,NA,0,WD,Normal,130500,11.779128505744886,MetalSd,Finished,Siding
70,RH,70.05,12155,NA,IR,Inside,SWISU,Norm,1Fam,2.0Story,6,8,1925,1950,Gable,None,0.0,TA,Gd,BrkTil,TA,TA,No,BLQ,Unf,672,TA,N,SBrkr,810,672,0,1482,0,0,2,0,4,1,Fa,7,Typ,0,NA,Detchd,Unf,1,400,N,0,0,254,0,0,0,NA,0,WD,Normal,140000,11.84939770159144,Wood,Finished,Siding
70,RM,60.0,10440,Grvl,Reg,Inside,OldTown,Norm,1Fam,2.0Story,5,8,1904,2002,Gable,None,0.0,TA,Gd,PConc,TA,TA,No,Unf,Unf,650,Gd,Y,SBrkr,958,581,0,1539,0,0,2,0,3,1,Gd,8,Typ,1,Po,Detchd,Unf,2,686,N,70,78,68,0,0,0,NA,0,WD,Normal,157500,11.967180737247824,MetalSd,Finished,Siding
80,RL,82.0,9020,NA,Reg,Inside,NAmes,Norm,1Fam,SLvl,6,7,1966,1966,Gable,BrkFace,183.0,TA,Gd,CBlock,TA,TA,Gd,Rec,ALQ,1127,TA,Y,SBrkr,1165,0,0,1165,1,0,1,1,3,1,TA,6,Typ,0,NA,Attchd,RFn,2,490,Y,0,129,0,0,0,0,Fence,0,WD,Normal,174900,12.071969661006694,HdBoard,Finished,Other
90,RL,80.0,8000,NA,Reg,Corner,NAmes,Artery,Oth,1.0Story,5,4,1961,1961,Gable,None,0.0,TA,Gd,CBlock,TA,TA,No,Unf,Unf,1800,Ex,N,SBrkr,1800,0,0,1800,0,0,2,0,6,2,TA,10,Typ,0,NA,NA,NA,0,0,Y,0,0,0,0,0,0,NA,0,WD,Normal,141000,11.856515169360305,Other,Finished,Other
50,RM,100.0,12665,Grvl,IR,Inside,OldTown,Artery,1Fam,1.5Story,5,8,1915,1950,Gable,None,0.0,TA,Gd,BrkTil,TA,TA,Mn,Unf,Unf,876,Gd,Y,SBrkr,876,540,0,1416,0,0,1,1,4,1,TA,7,Typ,1,Gd,Detchd,Unf,3,720,Y,418,0,194,0,0,0,NA,0,WD,Normal,153900,11.94405831982697,Wood,Finished,Siding
85,RL,70.05,16647,NA,IR,CulDSac,Sawyer,NRR,1Fam,SFoyer,5,5,1975,1981,Gable,None,0.0,TA,Gd,CBlock,Gd,TA,Gd,ALQ,Unf,1390,TA,Y,SBrkr,1701,0,0,1701,1,0,2,0,3,1,TA,6,Atype,2,TA,Attchd,Fin,2,611,Y,0,0,0,0,0,0,NA,0,WD,Normal,171000,12.049418835484797,HdBoard,Finished,Other
60,RL,75.0,9317,NA,Reg,Inside,SawyerW,Norm,1Fam,2.0Story,7,5,1993,1993,Gable,BrkFace,137.0,Gd,Gd,PConc,Gd,TA,No,ALQ,Unf,740,Ex,Y,SBrkr,1006,769,0,1775,1,0,2,1,3,1,Gd,7,Typ,1,TA,Attchd,Unf,2,425,Y,234,72,192,0,0,0,NA,0,WD,Normal,213000,12.269047444691562,HdBoard,Finished,Other
20,RL,36.0,15523,NA,IR,CulDSac,CollgCr,Norm,1Fam,1.0Story,5,6,1972,1972,Gable,None,0.0,TA,Gd,CBlock,TA,TA,Av,BLQ,Unf,864,Ex,Y,SBrkr,864,0,0,864,1,0,1,0,3,1,TA,5,Typ,1,Po,Attchd,Unf,1,338,Y,0,0,0,0,0,0,NA,0,WD,Normal,133500,11.801856756822442,Plywood,Finished,Other
50,RL,75.0,45600,NA,IR,Inside,ClearCr,Norm,1Fam,1.5Story,6,8,1908,1997,Gable,None,0.0,TA,Gd,BrkTil,TA,TA,No,Unf,Unf,907,TA,Y,SBrkr,1307,1051,0,2358,0,0,3,0,5,1,TA,10,Typ,1,Gd,Detchd,Unf,2,360,Y,486,40,0,0,175,0,NA,0,WD,Normal,240000,12.388394202324129,Wood,Finished,Siding
80,RL,80.0,9600,NA,Reg,FR2,Veenker,Feedr,1Fam,SLvl,6,7,1976,1994,Hip,BrkFace,360.0,Gd,Gd,CBlock,TA,TA,No,Unf,Unf,528,Ex,Y,SBrkr,1094,761,0,1855,0,0,2,1,3,1,TA,7,Typ,1,TA,Attchd,RFn,2,512,Y,113,100,0,0,0,0,NA,0,WD,Normal,187000,12.138863895836725,Plywood,Finished,Other
120,RM,36.0,4435,NA,Reg,Inside,CollgCr,Norm,Twnhs,1.0Story,6,5,2003,2003,Gable,BrkFace,170.0,Gd,Gd,PConc,Gd,TA,Av,GLQ,Unf,848,Ex,Y,SBrkr,848,0,0,848,1,0,1,0,1,1,Gd,3,Typ,0,NA,Attchd,Fin,2,420,Y,140,0,0,0,0,0,NA,0,WD,Normal,131500,11.786762130599957,VinylSd,Finished,Siding
120,RL,70.05,3196,NA,Reg,Inside,Blmngtn,Norm,Twnhs,1.0Story,8,5,2003,2003,Gable,BrkFace,40.0,Gd,Gd,PConc,Gd,TA,Gd,Unf,Unf,1273,Ex,Y,SBrkr,1456,0,0,1456,0,0,2,0,2,1,Gd,7,Typ,1,TA,Attchd,Fin,2,400,Y,143,20,0,0,0,0,NA,0,WD,Normal,215000,12.2783933071098,VinylSd,Finished,Siding
75,RL,53.0,7128,NA,Reg,Inside,Crawfor,Norm,1Fam,2.5Story,7,5,1941,1950,Gable,None,0.0,TA,Gd,CBlock,TA,TA,No,Rec,Unf,918,Gd,Y,SBrkr,918,728,0,1646,0,0,2,0,4,1,TA,7,Typ,2,Gd,Detchd,Unf,1,240,Y,0,0,0,0,126,0,Fence,0,WD,Normal,164000,12.007621706806335,MetalSd,Unfinished,Siding
80,RL,70.05,12095,NA,IR,Corner,NAmes,Norm,1Fam,SLvl,6,6,1964,1964,Gable,BrkFace,115.0,TA,Gd,CBlock,TA,TA,Gd,Rec,Unf,1127,TA,Y,SBrkr,1445,0,0,1445,0,0,1,1,3,1,TA,7,Typ,1,Po,Attchd,RFn,2,645,Y,180,0,0,0,0,0,Fence,0,WD,Normal,158000,11.970350312009105,HdBoard,Finished,Other
20,RL,102.0,17920,NA,Reg,Inside,Sawyer,Norm,1Fam,1.0Story,5,4,1955,1974,Hip,None,0.0,TA,Gd,CBlock,TA,TA,Mn,ALQ,Rec,1763,TA,Y,SBrkr,1779,0,0,1779,1,0,1,1,3,1,TA,6,Typ,1,Gd,Attchd,Unf,2,454,Y,0,418,0,0,312,0,NA,0,WD,Abnorml,170000,12.043553716032399,Plywood,Finished,Other
20,RL,70.05,6897,NA,IR,Corner,Sawyer,Norm,1Fam,1.0Story,5,8,1962,2010,Gable,None,0.0,TA,Gd,CBlock,TA,TA,No,ALQ,Unf,1040,Ex,Y,SBrkr,1040,0,0,1040,1,0,1,1,3,1,TA,6,Typ,0,NA,Detchd,Unf,1,260,Y,0,104,0,0,0,0,NA,0,WD,Normal,127000,11.751942365440728,HdBoard,Finished,Other
80,RL,70.05,10970,NA,IR,Inside,CollgCr,Norm,1Fam,SLvl,6,6,1978,1978,Gable,None,0.0,TA,Gd,CBlock,Gd,Gd,Gd,GLQ,LwQ,940,TA,Y,SBrkr,1026,0,0,1026,1,0,1,0,3,1,TA,5,Typ,0,NA,Detchd,Unf,2,576,Y,0,0,34,0,0,0,Fence,0,WD,Normal,147000,11.898187865760873,HdBoard,Finished,Other
60,RL,65.0,8125,NA,Reg,Inside,Gilbert,Norm,1Fam,2.0Story,6,5,1994,1995,Gable,None,0.0,TA,Gd,PConc,Gd,TA,No,Unf,Unf,702,Gd,Y,SBrkr,702,779,0,1481,0,0,2,1,3,1,TA,6,Typ,1,TA,Attchd,Fin,2,343,Y,0,36,0,0,0,0,NA,0,WD,Normal,174000,12.066810578196666,HdBoard,Finished,Other
20,RL,80.0,10400,NA,Reg,Inside,NWAmes,Norm,1Fam,1.0Story,7,5,1976,1976,Gable,BrkFace,189.0,TA,Gd,CBlock,Gd,TA,No,Unf,Unf,1090,TA,Y,SBrkr,1370,0,0,1370,0,0,2,0,3,1,TA,6,Typ,1,TA,Attchd,RFn,2,479,Y,0,0,0,0,0,0,Fence,0,WD,Abnorml,152000,11.931635799828413,HdBoard,Finished,Other
60,RL,70.05,11029,NA,IR,Corner,NWAmes,Pos,1Fam,2.0Story,6,7,1968,1984,Gable,BrkFace,220.0,TA,Gd,CBlock,TA,TA,Mn,BLQ,Unf,1054,TA,Y,SBrkr,1512,1142,0,2654,1,0,2,1,4,1,Gd,9,Typ,1,Gd,Attchd,Unf,2,619,Y,0,65,0,0,222,0,NA,0,WD,Normal,250000,12.429216196844383,HdBoard,Finished,Other
50,RL,55.0,7642,NA,Reg,Corner,Crawfor,Norm,1Fam,1.5Story,7,8,1918,1998,Gable,None,0.0,Gd,Gd,BrkTil,TA,TA,No,Unf,Unf,912,Gd,Y,SBrkr,912,514,0,1426,0,0,1,1,3,1,Gd,7,Typ,1,Gd,Detchd,Unf,1,216,Y,0,240,0,0,0,0,Fence,0,WD,Normal,189950,12.154516158615772,Wood,Finished,Siding
190,RL,75.0,11625,NA,Reg,Inside,Sawyer,Norm,Oth,1.0Story,5,4,1965,1965,Hip,None,0.0,TA,Gd,PConc,TA,TA,Mn,BLQ,Unf,1039,Ex,Y,SBrkr,1039,0,0,1039,1,0,1,1,3,1,TA,6,Typ,0,NA,Attchd,Unf,2,504,Y,0,0,0,0,0,0,NA,0,WD,Normal,131500,11.786762130599957,HdBoard,Finished,Other
20,RL,81.0,9672,NA,Reg,Corner,SawyerW,Norm,1Fam,1.0Story,6,5,1984,1985,Hip,None,0.0,TA,Gd,PConc,Gd,TA,No,GLQ,Unf,1040,TA,Y,SBrkr,1097,0,0,1097,0,0,2,0,3,1,TA,6,Typ,0,NA,Attchd,Unf,2,480,Y,0,0,0,0,0,0,Fence,0,WD,Normal,152000,11.931635799828413,Plywood,Finished,Other
20,RL,70.0,7931,NA,Reg,Inside,NAmes,Norm,1Fam,1.0Story,5,5,1959,1959,Hip,None,0.0,TA,Gd,CBlock,TA,TA,No,BLQ,Unf,1148,TA,Y,SBrkr,1148,0,0,1148,1,0,1,0,3,1,TA,6,Typ,0,NA,Attchd,Unf,1,672,Y,0,0,0,0,0,0,Fence,0,WD,Normal,132500,11.794337924408413,Plywood,Finished,Other
20,FV,72.0,8640,NA,Reg,Inside,Somerst,Norm,1Fam,1.0Story,7,5,2007,2008,Gable,None,0.0,Gd,Gd,PConc,Ex,TA,No,Unf,Unf,1372,Ex,Y,SBrkr,1372,0,0,1372,0,0,2,0,3,1,Gd,6,Typ,0,NA,Attchd,Fin,2,529,Y,0,140,0,0,0,0,NA,0,Oth,Partial,250580,12.431533509799543,VinylSd,Finished,Siding
20,RL,70.05,8750,NA,IR,Inside,NAmes,Norm,1Fam,1.0Story,5,6,1970,1970,Gable,BrkFace,76.0,TA,Gd,CBlock,TA,TA,No,BLQ,Unf,1002,TA,Y,SBrkr,1002,0,0,1002,1,0,1,0,3,1,TA,5,Typ,0,NA,Detchd,Unf,2,902,Y,0,0,0,0,0,0,Fence,0,WD,Normal,148500,11.908340237224891,MetalSd,Finished,Siding
20,RL,67.0,10656,NA,IR,Inside,Timber,Norm,1Fam,1.0Story,8,5,2006,2007,Gable,Stone,274.0,Gd,Gd,PConc,Gd,TA,Av,Unf,Unf,1638,Ex,Y,SBrkr,1646,0,0,1646,0,0,2,0,3,1,Gd,6,Typ,1,Gd,Attchd,RFn,3,870,Y,192,80,0,0,0,0,NA,0,Oth,Partial,248900,12.424806488355683,VinylSd,Finished,Siding
20,RL,85.0,6970,NA,Reg,Corner,Sawyer,Feedr,1Fam,1.0Story,4,5,1961,1961,Gable,None,0.0,TA,Gd,CBlock,TA,TA,No,ALQ,Unf,1040,TA,Y,SBrkr,1120,0,0,1120,1,0,1,1,3,1,Fa,5,Typ,0,NA,Attchd,RFn,2,544,Y,168,0,0,0,0,0,NA,400,WD,Normal,129000,11.76756768334381,VinylSd,Finished,Siding
60,RL,70.05,14762,NA,IR,Corner,Gilbert,Feedr,1Fam,2.0Story,5,6,1948,1950,Gable,None,0.0,TA,Gd,Oth,NA,NA,No,NA,NA,0,Gd,Y,SBrkr,1547,720,53,2320,0,0,2,0,2,1,TA,7,Typ,1,TA,Attchd,Unf,2,672,N,120,144,0,0,0,0,NA,0,WD,Normal,169000,12.037653993905211,Plywood,Finished,Other
60,RL,80.0,9938,NA,Reg,Inside,SawyerW,Norm,1Fam,2.0Story,7,5,1993,1994,Gable,BrkFace,246.0,Gd,Gd,PConc,Gd,TA,No,GLQ,Unf,1050,Ex,Y,SBrkr,1062,887,0,1949,1,0,2,1,3,1,Gd,8,Typ,1,TA,Attchd,Fin,2,574,Y,156,90,0,0,0,0,Fence,0,WD,Normal,236000,12.371587084007746,MetalSd,Finished,Siding
20,RL,60.0,6600,NA,Reg,Inside,NAmes,Pos,1Fam,1.0Story,5,5,1962,1962,Hip,None,0.0,TA,Gd,CBlock,TA,TA,No,Unf,Unf,894,Gd,N,SBrkr,894,0,0,894,0,0,1,0,2,1,TA,5,Typ,0,NA,Detchd,Unf,1,308,Y,0,0,0,0,0,0,NA,0,WD,Normal,109500,11.603679828238693,MetalSd,Finished,Siding
60,RL,70.0,8750,NA,Reg,Inside,CollgCr,Norm,1Fam,2.0Story,6,5,1998,1998,Gable,BrkFace,116.0,TA,Gd,PConc,Gd,TA,No,GLQ,Unf,804,Ex,Y,SBrkr,804,878,0,1682,0,0,2,1,3,1,Gd,7,Typ,0,NA,Attchd,RFn,2,523,Y,0,77,0,0,0,0,NA,0,WD,Normal,200500,12.20856952572876,VinylSd,Finished,Siding
20,RL,74.0,8892,NA,Reg,Corner,NAmes,Norm,1Fam,1.0Story,5,7,1953,1996,Gable,None,0.0,Gd,Gd,Oth,TA,TA,Av,Unf,Unf,105,Gd,Y,SBrkr,910,0,0,910,0,0,1,0,3,1,Gd,5,Typ,0,NA,Attchd,Unf,2,414,Y,196,0,150,0,0,0,Fence,0,WD,Normal,116000,11.661345470088502,Wood,Finished,Shingle
40,RL,60.0,12144,NA,Reg,Inside,NAmes,Norm,1Fam,1.0Story,5,7,1949,1950,Gable,None,0.0,Gd,Gd,CBlock,TA,TA,No,Rec,Unf,832,Gd,Y,SBrkr,1036,0,232,1268,0,0,1,0,3,1,TA,6,Typ,1,Gd,Attchd,Unf,1,288,Y,0,28,0,0,0,0,NA,0,WD,Normal,133000,11.79810440720389,HdBoard,Finished,Other
50,RM,52.0,5720,NA,Reg,Inside,OldTown,Artery,1Fam,1.5Story,5,6,1941,1950,Gable,None,0.0,TA,Gd,CBlock,TA,TA,No,Unf,Unf,676,Ex,Y,SBrkr,676,455,0,1131,0,0,1,1,3,1,TA,5,Typ,0,NA,Detchd,Unf,1,200,Y,26,0,0,0,0,0,NA,0,WD,Abnorml,66500,11.104957226643945,Wood,Finished,Siding
60,FV,75.0,9000,NA,Reg,Inside,Somerst,Norm,1Fam,2.0Story,8,5,2007,2007,Gable,None,0.0,Gd,Gd,PConc,Gd,TA,Av,GLQ,Unf,1184,Ex,Y,SBrkr,1184,1426,0,2610,0,0,2,1,4,1,Ex,11,Typ,1,Gd,Attchd,Fin,2,550,Y,208,364,0,0,0,0,NA,0,Oth,Partial,303477,12.623061104072981,Other,Finished,Other
20,RL,94.0,25286,NA,Reg,Inside,Mitchel,Norm,1Fam,1.0Story,4,5,1963,1963,Gable,None,0.0,TA,Gd,PConc,TA,TA,Gd,ALQ,Unf,1064,Gd,Y,SBrkr,1040,0,0,1040,1,0,1,0,3,1,TA,5,Typ,0,NA,Attchd,Unf,2,648,Y,0,0,0,0,0,0,NA,0,WD,Normal,132250,11.792449349720545,Plywood,Finished,Other
60,RL,74.0,8834,NA,Reg,Inside,NridgHt,Norm,1Fam,2.0Story,9,5,2004,2005,Hip,Stone,216.0,Gd,Gd,PConc,Ex,TA,No,GLQ,Unf,1462,Ex,Y,SBrkr,1462,762,0,2224,1,0,2,1,4,1,Ex,10,Typ,1,Gd,Attchd,Fin,3,738,Y,184,0,0,0,0,0,NA,0,WD,Normal,350000,12.765688433465597,VinylSd,Finished,Siding
85,RL,88.0,11782,NA,IR,Inside,Sawyer,Norm,1Fam,SFoyer,5,7,1961,1995,Gable,None,0.0,TA,Gd,CBlock,TA,TA,Av,ALQ,Unf,1109,TA,Y,SBrkr,1155,0,0,1155,1,0,1,0,3,1,Gd,6,Atype,0,NA,Detchd,Unf,2,576,Y,192,0,0,0,0,0,Fence,400,WD,Normal,148000,11.904967552746252,HdBoard,Finished,Other
20,RL,70.05,7000,NA,IR,CulDSac,CollgCr,Norm,1Fam,1.0Story,5,8,1978,2005,Gable,BrkFace,90.0,Gd,Gd,CBlock,TA,TA,No,ALQ,Unf,864,Ex,Y,SBrkr,864,0,0,864,1,0,1,0,3,1,TA,6,Typ,0,NA,Attchd,Unf,1,336,Y,0,0,0,0,0,0,Fence,0,WD,Normal,136500,11.824079893607152,VinylSd,Finished,Siding
20,RL,60.0,7024,NA,Reg,Inside,Edwards,Norm,1Fam,1.0Story,5,5,2005,2006,Gable,None,0.0,TA,Gd,PConc,Ex,Gd,No,ALQ,Unf,1090,Gd,Y,SBrkr,1090,0,0,1090,1,0,1,1,2,1,TA,5,Typ,0,NA,Attchd,Fin,2,450,Y,0,49,0,0,0,0,NA,0,WD,Normal,157000,11.964001084330445,VinylSd,Finished,Siding
50,RL,44.0,13758,NA,IR,CulDSac,Timber,Norm,1Fam,1.5Story,7,5,1990,1991,Gable,BrkFace,117.0,Gd,Gd,CBlock,Gd,TA,Mn,LwQ,Unf,1156,Ex,Y,SBrkr,1187,530,0,1717,0,0,2,1,3,1,Gd,7,Typ,1,TA,Attchd,RFn,2,400,Y,168,36,0,0,0,0,NA,0,WD,Normal,187500,12.141534124392603,HdBoard,Finished,Other
60,RL,70.05,9636,NA,IR,Corner,Gilbert,Norm,1Fam,2.0Story,6,5,1992,1993,Gable,None,0.0,TA,Gd,PConc,Gd,TA,No,Unf,Unf,808,Gd,Y,SBrkr,808,785,0,1593,0,0,2,1,3,1,TA,7,Typ,1,TA,Attchd,RFn,2,389,Y,342,40,0,0,0,0,Fence,0,WD,Normal,178000,12.089538829274222,VinylSd,Finished,Siding
75,RL,60.0,6204,NA,Reg,Inside,SWISU,Norm,1Fam,2.5Story,4,5,1912,1950,Gable,None,0.0,Gd,Gd,PConc,TA,Fa,No,Unf,Unf,795,TA,N,SBrkr,954,795,481,2230,1,0,1,0,5,1,TA,10,Typ,0,NA,Detchd,Unf,1,440,Y,0,188,0,0,0,0,NA,0,WD,Normal,118500,11.682668239557323,Wood,Finished,Siding
20,RL,65.0,7150,NA,Reg,Inside,NAmes,Norm,1Fam,1.0Story,5,5,1967,1967,Gable,BrkFace,60.0,TA,Gd,CBlock,TA,TA,No,BLQ,Unf,892,TA,Y,SBrkr,892,0,0,892,0,0,1,0,3,1,TA,5,Typ,0,NA,Attchd,RFn,1,288,Y,0,0,0,0,0,0,Fence,0,WD,Normal,100000,11.512925464970229,HdBoard,Finished,Other
120,FV,50.0,5119,NA,IR,CulDSac,Somerst,Norm,Twnhs,1.0Story,9,5,1999,2000,Gable,BrkFace,60.0,Gd,Gd,PConc,Ex,TA,Av,GLQ,Unf,1698,Ex,Y,SBrkr,1709,0,0,1709,1,0,2,0,2,1,Gd,5,Typ,1,TA,Attchd,Fin,2,506,Y,97,65,0,0,0,0,NA,0,WD,Abnorml,328900,12.703509032177148,MetalSd,Finished,Siding
90,RL,70.0,8393,NA,Reg,Corner,NAmes,Norm,Oth,1.0Story,5,5,1959,2005,Gable,BrkFace,122.0,TA,Gd,CBlock,TA,TA,No,LwQ,Unf,1626,Ex,Y,SBrkr,1712,0,0,1712,0,0,2,0,4,2,TA,8,Typ,0,NA,Attchd,Fin,2,588,Y,272,54,0,0,0,0,NA,0,WD,Abnorml,145000,11.884489021402711,MetalSd,Finished,Siding
50,RL,59.0,16466,NA,IR,Inside,Edwards,Norm,1Fam,1.5Story,5,7,1955,1955,Gable,None,0.0,TA,Gd,PConc,TA,TA,No,Unf,Unf,816,TA,Y,SBrkr,872,521,0,1393,0,0,1,1,3,1,TA,8,Typ,0,NA,Attchd,Unf,1,300,Y,121,0,0,0,265,0,NA,0,WD,Normal,135500,11.816726919301892,MetalSd,Finished,Siding
20,RL,95.0,15865,NA,IR,Inside,NAmes,Norm,1Fam,1.0Story,8,6,1970,1970,Oth,None,0.0,Gd,Gd,PConc,TA,Gd,Gd,ALQ,Rec,2217,Ex,Y,SBrkr,2217,0,0,2217,1,0,2,0,4,1,Gd,8,Typ,1,TA,Attchd,Unf,2,621,Y,81,207,0,0,224,0,NA,0,WD,Normal,268000,12.498742259492994,Wood,Finished,Siding
20,RL,128.0,12160,NA,Reg,Inside,NAmes,Feedr,1Fam,1.0Story,6,4,1953,1953,Hip,BrkFace,90.0,TA,Gd,CBlock,TA,TA,No,BLQ,Unf,1505,Ex,Y,SBrkr,1505,0,0,1505,1,0,1,0,2,1,TA,6,Typ,1,TA,Attchd,RFn,2,505,Y,0,0,0,162,0,0,NA,0,WD,Normal,149500,11.915051671812877,Wood,Finished,Siding
50,RL,60.0,8064,NA,Reg,Corner,NAmes,Artery,1Fam,1.5Story,5,7,1949,2006,Gable,None,0.0,TA,Gd,CBlock,TA,TA,Mn,Unf,Unf,672,Ex,Y,SBrkr,672,252,0,924,0,0,1,0,3,1,TA,6,Typ,1,Po,Detchd,Unf,2,576,Y,0,0,0,0,0,0,Fence,2000,WD,Normal,122900,11.719126295554126,MetalSd,Finished,Siding
60,RL,70.0,11184,NA,Reg,Inside,Sawyer,Norm,1Fam,2.0Story,6,5,1978,1978,Hip,BrkFace,92.0,TA,Gd,CBlock,TA,TA,No,LwQ,Rec,918,Gd,Y,SBrkr,918,765,0,1683,0,0,2,1,3,1,TA,7,Typ,1,TA,Attchd,RFn,2,440,Y,243,0,0,0,0,0,NA,0,WD,Normal,172500,12.058152515453552,HdBoard,Finished,Other
20,RL,70.0,8414,NA,Reg,Inside,Sawyer,Norm,1Fam,1.0Story,6,8,1963,2003,Hip,None,0.0,TA,Gd,CBlock,TA,TA,No,GLQ,Unf,1059,TA,Y,SBrkr,1068,0,0,1068,0,1,1,0,3,1,TA,6,Typ,0,NA,Attchd,RFn,1,264,Y,192,0,0,0,0,0,Fence,0,WD,Normal,154500,11.947949375319936,HdBoard,Finished,Other
20,RL,70.05,13284,NA,Reg,Inside,Sawyer,Pos,1Fam,1.0Story,5,5,1954,1954,Gable,None,0.0,TA,Gd,PConc,Gd,TA,Mn,BLQ,Unf,1383,TA,Y,SBrkr,1383,0,0,1383,1,0,1,0,3,1,TA,6,Typ,1,Gd,Attchd,Unf,1,354,Y,511,116,0,0,0,0,Fence,0,WD,Normal,165000,12.013700752882718,Plywood,Finished,Other
90,RL,64.0,7018,NA,Reg,Inside,SawyerW,Norm,Oth,1.0Story,5,5,1979,1979,Gable,None,0.0,TA,Gd,Oth,NA,NA,No,NA,NA,0,TA,Y,SBrkr,1535,0,0,1535,0,0,2,0,4,2,TA,8,Typ,0,NA,Attchd,Unf,2,400,Y,0,0,0,0,0,0,NA,0,WD,Abnorml,118858,11.685684782260491,Plywood,Finished,Other
60,RL,71.0,7056,NA,Reg,Inside,NAmes,Norm,1Fam,2.0Story,6,5,1963,1963,Hip,BrkFace,415.0,TA,Gd,CBlock,TA,TA,No,BLQ,Unf,780,TA,Y,SBrkr,983,813,0,1796,1,0,1,1,4,1,TA,8,Typ,1,TA,Attchd,RFn,2,483,Y,0,50,0,0,0,0,NA,0,WD,Normal,140000,11.84939770159144,HdBoard,Finished,Other
30,RM,50.0,8765,Grvl,Reg,Inside,IDOTRR,Norm,1Fam,1.0Story,4,6,1936,1950,Gable,None,0.0,TA,Gd,BrkTil,TA,TA,No,ALQ,Unf,951,Ex,N,SBrkr,951,0,0,951,0,0,1,0,2,1,TA,6,Typ,0,NA,Detchd,Unf,1,327,Y,0,28,0,0,0,0,NA,0,WD,Abnorml,106500,11.575900264131617,Wood,Finished,Siding
90,RL,64.0,7018,NA,Reg,Inside,SawyerW,Feedr,Oth,2.0Story,5,5,1979,1979,Gable,None,0.0,TA,Gd,Oth,NA,NA,No,NA,NA,0,TA,Y,SBrkr,1120,1120,0,2240,0,0,2,0,6,2,TA,12,Typ,0,NA,Detchd,Unf,2,528,Y,154,0,0,0,0,0,NA,0,WD,Abnorml,142953,11.870271183889114,Plywood,Finished,Other
20,RL,100.0,12919,NA,IR,Inside,NridgHt,Norm,1Fam,1.0Story,9,5,2009,2010,Hip,Stone,760.0,Ex,Gd,PConc,Ex,TA,Gd,GLQ,Unf,2330,Ex,Y,SBrkr,2364,0,0,2364,1,0,2,1,2,1,Ex,11,Typ,2,Gd,Attchd,Fin,3,820,Y,0,67,0,0,0,0,NA,0,Oth,Partial,611657,13.323926946863102,VinylSd,Finished,Siding
20,RL,65.0,6993,NA,Reg,Inside,Sawyer,Feedr,1Fam,1.0Story,5,7,1961,1994,Gable,None,0.0,TA,Gd,CBlock,TA,TA,No,BLQ,Unf,912,TA,Y,SBrkr,1236,0,0,1236,0,0,1,0,3,1,TA,6,Typ,1,TA,Attchd,Unf,1,288,Y,0,0,0,0,0,0,NA,0,WD,Normal,135000,11.813030057420567,Plywood,Finished,Other
20,RL,70.05,7340,NA,IR,Inside,NAmes,Norm,1Fam,1.0Story,4,6,1971,1971,Gable,None,0.0,TA,Gd,CBlock,TA,TA,No,ALQ,Unf,858,TA,Y,SBrkr,858,0,0,858,0,0,1,0,2,1,TA,4,Typ,0,NA,Detchd,Unf,1,684,Y,0,0,0,0,0,0,NA,0,WD,Normal,110000,11.608235644774552,HdBoard,Finished,Other
20,RL,64.0,8712,NA,IR,Inside,NAmes,Norm,1Fam,1.0Story,5,7,1957,2000,Hip,None,0.0,TA,Gd,CBlock,TA,TA,Mn,BLQ,Unf,992,TA,Y,SBrkr,1306,0,0,1306,1,0,1,0,2,1,TA,5,Typ,0,NA,Detchd,Unf,1,756,Y,0,0,0,0,0,0,NA,0,WD,Normal,153000,11.938193200374572,MetalSd,Finished,Siding
60,RL,63.0,7875,NA,Reg,Inside,Gilbert,Norm,1Fam,2.0Story,7,5,2003,2003,Gable,None,0.0,Gd,Gd,PConc,Gd,TA,No,Unf,Unf,783,Ex,Y,SBrkr,807,702,0,1509,0,0,2,1,3,1,Gd,8,Typ,1,Gd,Attchd,Fin,2,393,Y,0,75,0,0,0,0,NA,0,WD,Normal,180000,12.100712129872347,VinylSd,Finished,Siding
20,RL,50.0,14859,NA,IR,CulDSac,Gilbert,Norm,1Fam,1.0Story,7,5,2006,2006,Hip,BrkFace,27.0,Gd,Gd,PConc,Gd,TA,No,Unf,Unf,1670,Ex,Y,SBrkr,1670,0,0,1670,0,0,2,0,3,1,Gd,7,Typ,1,Gd,Attchd,RFn,3,690,Y,144,60,0,0,0,0,NA,0,Oth,Partial,240000,12.388394202324129,VinylSd,Finished,Siding
20,RL,70.05,6173,NA,IR,Inside,Sawyer,Norm,1Fam,1.0Story,5,6,1967,1967,Gable,BrkFace,75.0,TA,Gd,CBlock,TA,TA,No,GLQ,Unf,876,TA,Y,SBrkr,902,0,0,902,0,0,1,0,3,1,TA,6,Typ,0,NA,Attchd,Unf,1,288,Y,0,0,0,0,0,0,Fence,0,WD,Normal,125500,11.740061037553975,Wood,Finished,Siding
20,RL,80.0,9920,NA,Reg,Inside,NAmes,Norm,1Fam,1.0Story,5,5,1954,1954,Gable,Stone,110.0,TA,Gd,CBlock,TA,TA,No,Rec,LwQ,1056,TA,Y,SBrkr,1063,0,0,1063,1,0,1,0,3,1,TA,6,Typ,0,NA,Attchd,RFn,1,280,Y,0,0,164,0,0,0,Fence,0,WD,Normal,128000,11.759785542901755,HdBoard,Finished,Other
20,RL,116.0,13501,NA,IR,Corner,Somerst,Norm,1Fam,1.0Story,8,5,2006,2006,Gable,Stone,208.0,Gd,Gd,PConc,Gd,TA,No,GLQ,Unf,1623,Ex,Y,SBrkr,1636,0,0,1636,1,0,2,0,3,1,Gd,8,Typ,1,Gd,Attchd,RFn,3,865,Y,0,60,0,0,0,0,NA,0,WD,Normal,255000,12.449018824140563,VinylSd,Finished,Siding
50,RL,86.0,11500,NA,IR,Inside,Crawfor,Norm,1Fam,1.5Story,7,7,1936,1987,Gable,None,0.0,Gd,Gd,CBlock,Gd,TA,No,Rec,Unf,1017,Gd,Y,SBrkr,1020,1037,0,2057,0,0,1,1,3,1,Gd,6,Typ,1,Gd,Attchd,Fin,1,180,Y,0,0,0,0,322,0,NA,0,WD,Normal,250000,12.429216196844383,Other,Finished,Other
20,RL,70.05,8885,NA,IR,Inside,Mitchel,Norm,1Fam,1.0Story,5,5,1983,1983,Gable,None,0.0,TA,Gd,CBlock,Gd,TA,Av,BLQ,ALQ,864,TA,Y,SBrkr,902,0,0,902,1,0,1,0,2,1,TA,5,Typ,0,NA,Attchd,Unf,2,484,Y,164,0,0,0,0,0,Fence,0,WD,Normal,131000,11.782952602183288,HdBoard,Finished,Other
60,RL,149.0,12589,NA,IR,Inside,Gilbert,Norm,1Fam,2.0Story,6,5,2005,2005,Gable,None,0.0,Gd,Gd,PConc,Gd,TA,No,Unf,Unf,742,Ex,Y,SBrkr,742,742,0,1484,0,0,2,1,3,1,Gd,8,Typ,1,Gd,Attchd,Fin,2,390,Y,36,24,0,0,0,0,NA,0,WD,Normal,174000,12.066810578196666,VinylSd,Finished,Siding
90,RL,80.0,11600,NA,Reg,Corner,NAmes,Feedr,Oth,2.0Story,5,5,1960,1960,Gable,BrkFace,361.0,TA,Gd,CBlock,TA,TA,No,Rec,Unf,1105,TA,Y,Fuse,1105,1169,0,2274,0,0,2,0,5,2,TA,12,Typ,0,NA,Detchd,Unf,2,480,Y,0,0,0,0,0,0,NA,0,WD,Normal,154300,11.946654038351252,MetalSd,Finished,Siding
20,RL,70.05,9286,NA,IR,CulDSac,CollgCr,Norm,1Fam,1.0Story,5,7,1977,1989,Gable,None,0.0,TA,Gd,CBlock,Gd,Gd,Av,ALQ,Unf,1268,TA,Y,SBrkr,1268,0,0,1268,0,0,1,1,3,1,Gd,5,Typ,0,NA,Detchd,Unf,1,252,Y,173,0,0,0,0,0,NA,0,WD,Normal,143500,11.874090314181814,Plywood,Finished,Other
30,RM,51.0,6120,NA,Reg,Inside,BrkSide,Norm,1Fam,1.0Story,5,7,1925,1950,Gable,None,0.0,TA,Gd,BrkTil,TA,TA,No,Rec,Unf,768,TA,N,SBrkr,1015,0,0,1015,0,0,1,0,3,1,TA,6,Atype,0,NA,Detchd,Unf,1,450,Y,0,0,112,0,120,0,Fence,620,WD,Abnorml,88000,11.385092093460344,MetalSd,Finished,Siding
90,RH,82.0,6270,NA,Reg,Inside,Crawfor,Norm,Oth,2.0Story,5,6,1949,1950,Gable,None,0.0,TA,Gd,CBlock,TA,TA,No,BLQ,Unf,1001,TA,N,Fuse,1001,1001,0,2002,0,0,2,0,4,2,TA,8,Typ,0,NA,Attchd,Unf,3,871,Y,0,0,0,0,0,0,NA,0,WD,Normal,145000,11.884489021402711,MetalSd,Finished,Siding
160,FV,30.0,3000,Pave,Reg,Inside,Somerst,Norm,Twnhs,2.0Story,6,5,2009,2009,Gable,Stone,76.0,Gd,Gd,PConc,Gd,TA,Av,GLQ,Unf,612,Ex,Y,SBrkr,612,612,0,1224,0,0,2,1,2,1,Gd,4,Typ,0,NA,Detchd,RFn,2,528,Y,0,234,0,0,0,0,NA,0,Oth,Partial,173733,12.065274916913605,VinylSd,Finished,Siding
160,RM,21.0,2001,NA,Reg,Inside,MeadowV,Norm,Twnhs,2.0Story,4,5,1970,1970,Gable,BrkFace,80.0,TA,Gd,CBlock,TA,TA,No,Unf,Unf,546,Fa,Y,SBrkr,546,546,0,1092,0,0,1,1,3,1,TA,6,Typ,0,NA,Attchd,Unf,1,286,Y,0,0,0,0,0,0,NA,0,WD,Normal,75000,11.225243392518447,Other,Finished,Other
20,C (all),50.0,9000,NA,Reg,Inside,IDOTRR,Norm,1Fam,1.0Story,2,3,1949,1950,Gable,None,0.0,TA,Gd,CBlock,TA,TA,Av,BLQ,Unf,480,TA,N,Fuse,480,0,0,480,1,0,0,0,1,1,TA,4,Typ,0,NA,Detchd,Unf,1,308,Y,0,0,0,0,0,0,NA,0,WD,Abnorml,35311,10.47194980911048,Other,Finished,Shingle
20,RL,70.05,17140,NA,Reg,Inside,Edwards,Norm,1Fam,1.0Story,4,6,1956,1956,Gable,None,0.0,TA,Gd,CBlock,TA,TA,No,ALQ,Unf,1134,Ex,Y,Fuse,1229,0,0,1229,0,0,1,0,3,1,TA,6,Typ,0,NA,Attchd,RFn,1,284,Y,0,0,0,0,0,0,NA,0,WD,Normal,135000,11.813030057420567,VinylSd,Finished,Siding
60,RL,103.0,13125,NA,IR,Corner,SawyerW,Norm,1Fam,2.0Story,7,5,1991,1991,Gable,None,0.0,Gd,Gd,PConc,Ex,TA,Mn,BLQ,GLQ,1104,Ex,Y,SBrkr,912,1215,0,2127,1,0,2,1,4,1,Gd,8,Typ,1,TA,Attchd,RFn,3,833,Y,72,192,224,0,0,0,Fence,0,WD,Normal,238000,12.380025952653611,HdBoard,Finished,Other
20,RL,87.0,11029,NA,IR,Corner,NAmes,Norm,1Fam,1.0Story,6,8,1958,2002,Hip,None,0.0,Ex,Gd,CBlock,Gd,TA,No,ALQ,BLQ,1184,Ex,Y,SBrkr,1414,0,0,1414,1,0,1,0,3,1,TA,6,Atype,1,TA,Attchd,Unf,2,601,Y,0,51,0,0,190,0,NA,0,WD,Normal,176500,12.081076155355488,MetalSd,Finished,Siding
60,RL,70.0,8462,NA,IR,Inside,SawyerW,Norm,1Fam,2.0Story,6,5,1994,1994,Gable,BrkFace,105.0,Gd,Gd,PConc,Gd,Gd,No,GLQ,Unf,928,Ex,Y,SBrkr,936,785,0,1721,0,1,2,1,3,1,Gd,7,Typ,0,NA,Attchd,RFn,2,471,Y,300,87,0,0,0,0,NA,0,WD,Normal,201000,12.211060187041213,HdBoard,Finished,Other
90,RL,67.0,8777,NA,Reg,Inside,Edwards,Feedr,Oth,1.5Story,5,7,1900,2003,Gable,None,0.0,TA,Gd,CBlock,TA,TA,No,ALQ,Unf,1272,Gd,Y,SBrkr,1272,928,0,2200,2,0,2,2,4,2,TA,9,Typ,0,NA,NA,NA,0,0,N,0,70,0,0,0,0,Fence,0,WD,Normal,145900,11.890676734510876,MetalSd,Finished,Siding
20,RL,65.0,10237,NA,Reg,Inside,Gilbert,NRR,1Fam,1.0Story,6,5,2005,2006,Gable,None,0.0,Gd,Gd,PConc,Gd,TA,No,GLQ,Unf,1316,Ex,Y,SBrkr,1316,0,0,1316,0,0,2,0,3,1,Gd,6,Typ,1,Gd,Attchd,Fin,2,397,Y,100,0,0,23,0,0,NA,0,Oth,Partial,169990,12.043494890772815,VinylSd,Finished,Siding
120,RL,50.0,8012,NA,Reg,Inside,SawyerW,Norm,Twnhs,1.0Story,6,5,1993,1994,Gable,None,0.0,Gd,Gd,PConc,Gd,TA,No,LwQ,GLQ,1604,Ex,Y,SBrkr,1617,0,0,1617,1,0,2,0,2,1,Gd,5,Typ,1,Po,Attchd,RFn,2,533,Y,0,69,0,0,0,0,NA,0,WD,Normal,193000,12.170445467887022,Plywood,Finished,Other
20,RL,79.0,10240,NA,Reg,Inside,NWAmes,Norm,1Fam,1.0Story,6,6,1980,1980,Gable,BrkFace,157.0,TA,Gd,CBlock,Gd,TA,No,BLQ,LwQ,1686,TA,Y,SBrkr,1686,0,0,1686,1,0,2,0,3,1,TA,7,Typ,1,TA,Attchd,Unf,2,612,Y,384,131,0,0,0,0,NA,0,WD,Normal,207500,12.24288661865289,Plywood,Finished,Other
20,RL,70.05,15611,NA,IR,Corner,NWAmes,Norm,1Fam,1.0Story,5,6,1977,1977,Gable,None,0.0,TA,Gd,PConc,Gd,TA,Av,ALQ,LwQ,1126,TA,Y,SBrkr,1126,0,0,1126,0,1,2,0,3,1,Ex,6,Typ,0,NA,Attchd,RFn,2,540,Y,180,0,0,0,0,0,NA,0,WD,Abnorml,175000,12.072541252905651,VinylSd,Finished,Siding
60,RL,93.0,11999,NA,Reg,Inside,NridgHt,Norm,1Fam,2.0Story,8,5,2003,2004,Hip,BrkFace,340.0,Gd,Gd,PConc,Gd,TA,No,Unf,Unf,1181,Ex,Y,SBrkr,1234,1140,0,2374,0,0,2,1,4,1,Ex,10,Typ,1,Gd,Attchd,Fin,3,656,Y,104,100,0,0,0,0,NA,0,WD,Normal,285000,12.560244459250788,VinylSd,Finished,Siding
60,RL,70.05,9900,NA,Reg,Inside,NWAmes,Feedr,1Fam,2.0Story,7,5,1968,1968,Gable,BrkFace,342.0,TA,Gd,CBlock,TA,TA,No,BLQ,Unf,832,Gd,Y,SBrkr,1098,880,0,1978,0,0,2,1,4,1,TA,9,Typ,1,Gd,Attchd,RFn,2,486,Y,0,43,0,0,0,0,Fence,0,WD,Normal,176000,12.078239274020289,MetalSd,Finished,Siding
20,RL,70.05,11838,NA,Reg,Inside,CollgCr,Norm,1Fam,1.0Story,8,5,2001,2001,Hip,None,0.0,Gd,Gd,PConc,Gd,TA,Av,Unf,Unf,1753,Ex,Y,SBrkr,1788,0,0,1788,0,0,2,0,3,1,Ex,7,Typ,1,TA,Attchd,RFn,2,522,Y,202,151,0,0,0,0,NA,0,WD,Normal,236500,12.373703486914124,VinylSd,Finished,Siding
60,RL,70.05,13006,NA,IR,Corner,Gilbert,Norm,1Fam,2.0Story,7,5,1997,1997,Gable,BrkFace,285.0,TA,Gd,PConc,Gd,TA,No,Unf,Unf,964,Gd,Y,SBrkr,993,1243,0,2236,0,0,2,1,4,1,Gd,8,Typ,1,TA,Attchd,Fin,2,642,Y,0,0,0,0,0,0,NA,0,WD,Normal,222000,12.310432660854417,HdBoard,Finished,Other
20,RL,73.0,8925,NA,IR,Inside,Timber,Norm,1Fam,1.0Story,8,5,2007,2007,Gable,None,0.0,Gd,Gd,PConc,Gd,TA,Av,GLQ,Unf,1466,Ex,Y,SBrkr,1466,0,0,1466,0,0,2,0,3,1,Gd,7,Typ,0,NA,Attchd,Fin,3,610,Y,100,18,0,0,0,0,NA,0,WD,Normal,201000,12.211060187041213,VinylSd,Finished,Siding
20,RL,70.0,9100,NA,Reg,Inside,NAmes,Norm,1Fam,1.0Story,5,6,1965,1965,Gable,None,0.0,TA,Gd,CBlock,TA,TA,No,BLQ,Rec,925,Ex,Y,SBrkr,925,0,0,925,0,1,1,0,2,1,TA,5,Typ,0,NA,Detchd,Unf,1,429,Y,0,0,0,0,0,0,Fence,0,WD,Normal,117500,11.67419361256635,VinylSd,Finished,Siding
20,RL,84.0,11670,NA,IR,Corner,Somerst,NRR,1Fam,1.0Story,9,5,2006,2006,Hip,Stone,302.0,Ex,Gd,PConc,Ex,Gd,No,Unf,Unf,1905,Ex,Y,SBrkr,1905,0,0,1905,0,0,2,0,3,1,Ex,8,Typ,1,Gd,Attchd,Fin,3,788,Y,0,191,0,0,0,0,NA,0,WD,Normal,320000,12.676076274775909,Stucco,Finished,Other
20,RL,63.0,8487,NA,Reg,FR2,CollgCr,Norm,1Fam,1.0Story,7,5,2004,2004,Gable,BrkFace,210.0,Gd,Gd,PConc,Gd,TA,Av,GLQ,Unf,1500,Ex,Y,SBrkr,1500,0,0,1500,0,0,2,0,3,1,Gd,6,Typ,0,NA,Attchd,RFn,2,570,Y,192,36,0,0,0,0,NA,0,WD,Normal,190000,12.154779351142624,VinylSd,Finished,Siding
20,RL,313.0,27650,NA,IR,Inside,NAmes,Pos,1Fam,1.0Story,7,7,1960,2007,Oth,None,0.0,TA,Gd,CBlock,Gd,TA,Gd,GLQ,Unf,585,Ex,Y,SBrkr,2069,0,0,2069,1,0,2,0,4,1,Gd,9,Typ,1,Gd,Attchd,RFn,2,505,Y,0,0,0,0,0,0,NA,0,WD,Normal,242000,12.396693005138824,Wood,Finished,Siding
30,RL,52.0,5825,NA,IR,Inside,BrkSide,Norm,1Fam,1.0Story,4,5,1926,1953,Gable,BrkFace,108.0,TA,Gd,PConc,Fa,TA,Mn,Unf,Unf,600,Gd,Y,SBrkr,747,0,0,747,0,0,1,0,1,1,TA,5,Typ,0,NA,Detchd,Unf,2,528,Y,0,0,32,0,0,0,NA,0,WD,Normal,79900,11.288531131754366,MetalSd,Finished,Siding
20,RL,67.0,10083,NA,Reg,Inside,SawyerW,Norm,1Fam,1.0Story,7,5,2003,2003,Gable,None,0.0,Gd,Gd,PConc,Gd,TA,No,GLQ,Unf,1176,Ex,Y,SBrkr,1200,0,0,1200,1,0,2,0,2,1,Gd,5,Typ,0,NA,Attchd,RFn,2,555,Y,0,41,0,0,0,0,NA,0,WD,Normal,184900,12.127570417375216,VinylSd,Finished,Siding
60,RL,75.0,9675,NA,Reg,Inside,Somerst,Norm,1Fam,2.0Story,7,5,2005,2005,Gable,None,0.0,Gd,Gd,PConc,Gd,TA,Mn,GLQ,Unf,1113,Ex,Y,SBrkr,1113,858,0,1971,0,0,2,1,3,1,Gd,8,Typ,1,Gd,Attchd,RFn,2,689,Y,0,48,0,0,0,0,NA,0,WD,Normal,253000,12.441144767709657,VinylSd,Finished,Siding
60,RL,73.0,8760,NA,Reg,Inside,CollgCr,Norm,1Fam,2.0Story,7,5,2006,2006,Gable,None,0.0,Gd,Gd,PConc,Gd,Gd,Mn,GLQ,Unf,1391,Ex,Y,SBrkr,1391,571,0,1962,0,0,2,1,3,1,Gd,7,Typ,0,NA,Attchd,RFn,3,868,Y,0,90,0,0,0,0,NA,0,Oth,Partial,239799,12.38755635142507,VinylSd,Finished,Siding
70,RL,70.05,24090,NA,Reg,Inside,ClearCr,Norm,1Fam,2.0Story,7,7,1940,1950,Gable,None,0.0,TA,Gd,CBlock,TA,TA,Mn,Unf,Unf,1032,Ex,Y,SBrkr,1207,1196,0,2403,0,0,2,0,4,1,TA,10,Typ,2,TA,Attchd,Unf,1,349,Y,56,0,318,0,0,0,NA,0,Oth,Normal,244400,12.406561506279576,MetalSd,Finished,Siding
90,RL,55.0,12640,NA,IR,Inside,Mitchel,Norm,Oth,1.0Story,6,5,1976,1976,Gable,None,0.0,TA,Gd,CBlock,TA,TA,Gd,Rec,LwQ,1728,TA,Y,SBrkr,1728,0,0,1728,0,0,2,0,4,2,TA,8,Typ,0,NA,Attchd,Unf,2,574,Y,40,0,0,0,0,0,NA,0,WD,Normal,150900,11.924372644755941,Plywood,Finished,Other
60,RL,70.05,8755,NA,IR,FR2,Gilbert,NRR,1Fam,2.0Story,7,5,1999,1999,Gable,BrkFace,298.0,Gd,Gd,PConc,Gd,TA,No,ALQ,Unf,992,Ex,Y,SBrkr,1022,1038,0,2060,1,0,2,1,3,1,Gd,8,Typ,1,TA,Attchd,RFn,2,390,Y,0,0,0,168,0,0,Fence,0,WD,Normal,214000,12.273731294003989,VinylSd,Finished,Siding
90,RL,42.0,7711,NA,IR,Inside,Edwards,Norm,Oth,1.0Story,4,3,1977,1977,Gable,None,0.0,TA,Gd,PConc,Gd,TA,Gd,GLQ,Unf,1440,TA,Y,SBrkr,1440,0,0,1440,2,0,2,0,4,2,TA,8,Typ,0,NA,NA,NA,0,0,N,321,0,0,0,0,0,NA,0,Oth,Abnorml,150000,11.918390573078392,MetalSd,Finished,Siding
90,RL,100.0,25000,NA,Reg,Inside,Mitchel,Norm,Oth,1.0Story,5,4,1967,1967,Gable,None,0.0,TA,Gd,CBlock,TA,TA,Av,Unf,Unf,1632,TA,Y,SBrkr,1632,0,0,1632,0,0,2,0,4,2,TA,8,Typ,0,NA,Attchd,Unf,2,576,N,0,0,0,0,0,0,NA,0,WD,Normal,143000,11.870599909242044,Plywood,Finished,Other
20,RL,70.05,14375,NA,IR,CulDSac,Timber,Norm,1Fam,SLvl,6,6,1958,1958,Gable,BrkFace,541.0,TA,Gd,CBlock,TA,TA,No,GLQ,Rec,819,Gd,Y,Fuse,1344,0,0,1344,0,1,1,0,3,1,Gd,7,Typ,1,Gd,Attchd,RFn,2,525,Y,0,118,0,0,233,0,NA,0,Oth,Abnorml,137500,11.831379196088763,HdBoard,Finished,Other
50,RM,98.0,8820,NA,Reg,Corner,OldTown,Norm,1Fam,1.5Story,5,6,1890,1996,Hip,None,0.0,TA,Gd,BrkTil,TA,TA,No,LwQ,Unf,1088,TA,Y,SBrkr,1188,561,120,1869,0,0,1,0,2,1,TA,7,Typ,0,NA,Detchd,Unf,2,456,Y,48,0,244,0,0,0,Fence,0,WD,Normal,124900,11.73526869611367,VinylSd,Finished,Siding
80,RL,70.0,8163,NA,Reg,Inside,NAmes,Norm,1Fam,SLvl,5,6,1959,1959,Gable,BrkFace,128.0,TA,Gd,CBlock,TA,TA,Av,ALQ,BLQ,1144,TA,Y,SBrkr,1144,0,0,1144,1,0,1,0,3,1,TA,6,Typ,1,TA,Attchd,RFn,1,796,Y,86,0,0,0,0,0,NA,0,WD,Normal,143000,11.870599909242044,HdBoard,Finished,Other
20,RL,85.0,14536,NA,Reg,Inside,Timber,Norm,1Fam,1.0Story,8,5,2002,2003,Hip,BrkFace,236.0,Gd,Gd,PConc,Gd,TA,Av,GLQ,Unf,1616,Ex,Y,SBrkr,1629,0,0,1629,1,0,2,0,3,1,Gd,9,Typ,1,Gd,Attchd,Fin,3,808,Y,0,252,0,0,0,0,NA,0,WD,Normal,270000,12.506177237980511,VinylSd,Finished,Siding
60,RL,65.0,14006,NA,IR,Inside,CollgCr,Norm,1Fam,2.0Story,7,5,2002,2002,Gable,BrkFace,144.0,Gd,Gd,PConc,Gd,TA,No,Unf,Unf,936,Ex,Y,SBrkr,936,840,0,1776,0,0,2,1,3,1,Gd,7,Typ,1,TA,Attchd,RFn,2,474,Y,144,96,0,0,0,0,NA,0,WD,Normal,192500,12.167851432709975,VinylSd,Finished,Siding
20,RL,78.0,9360,NA,Reg,Inside,NWAmes,Norm,1Fam,1.0Story,6,7,1972,2006,Hip,None,0.0,TA,Gd,CBlock,TA,TA,No,ALQ,Unf,1161,TA,Y,SBrkr,1381,0,0,1381,1,0,1,1,3,1,Gd,5,Typ,1,TA,Attchd,RFn,2,676,Y,0,0,0,0,0,0,NA,0,WD,Normal,197500,12.193493863323313,Plywood,Finished,Other
20,RL,60.0,7200,NA,Reg,Inside,NAmes,Norm,1Fam,1.0Story,5,8,1950,2002,Gable,None,0.0,TA,Gd,CBlock,TA,TA,No,ALQ,BLQ,864,Gd,Y,SBrkr,864,0,0,864,1,0,1,0,3,1,Gd,5,Typ,0,NA,Detchd,RFn,2,720,Y,194,0,0,0,0,0,NA,0,WD,Normal,129000,11.76756768334381,VinylSd,Finished,Siding
20,RH,60.0,7800,NA,Reg,Corner,SawyerW,Norm,1Fam,1.0Story,5,5,1965,1965,Gable,None,0.0,TA,Gd,CBlock,TA,TA,No,BLQ,Unf,828,Gd,Y,SBrkr,965,0,0,965,1,0,1,0,3,1,TA,6,Typ,0,NA,Detchd,Unf,1,300,Y,421,0,0,0,0,0,Fence,0,WD,Abnorml,119900,11.694413341015606,VinylSd,Finished,Siding
85,RL,60.0,7200,NA,Reg,Inside,CollgCr,Norm,1Fam,SFoyer,5,8,1972,2003,Gable,None,0.0,TA,Gd,CBlock,Gd,TA,Av,GLQ,Unf,768,Gd,Y,SBrkr,768,0,0,768,0,1,1,0,2,1,TA,5,Typ,0,NA,Detchd,Fin,1,396,Y,192,0,0,0,0,0,Fence,0,WD,Normal,133900,11.804848531679264,HdBoard,Finished,Other
60,RL,70.05,11075,NA,IR,Inside,Mitchel,Norm,1Fam,2.0Story,5,4,1969,1969,Gable,BrkFace,232.0,TA,Gd,CBlock,TA,TA,Av,ALQ,LwQ,784,Ex,Y,SBrkr,1168,800,0,1968,0,1,2,1,4,1,TA,7,Atype,1,Po,Attchd,RFn,2,530,Y,305,189,0,0,0,0,Fence,400,WD,Normal,172000,12.05524975579559,HdBoard,Finished,Other
90,RL,35.0,9400,NA,IR,CulDSac,Edwards,Norm,Oth,SFoyer,6,5,1975,1975,Oth,BrkFace,250.0,TA,Gd,CBlock,Gd,Gd,Gd,GLQ,Unf,945,TA,Y,SBrkr,980,0,0,980,0,2,2,0,4,0,TA,4,Typ,0,NA,NA,NA,0,0,Y,0,0,0,0,0,0,NA,0,WD,Abnorml,127500,11.755871643580617,Plywood,Finished,Other
90,RH,82.0,7136,NA,IR,Inside,Crawfor,Norm,Oth,2.0Story,6,6,1946,1950,Gable,BrkFace,423.0,TA,Gd,CBlock,Gd,TA,No,Rec,Unf,979,TA,N,Fuse,979,979,0,1958,0,0,2,0,4,2,TA,8,Typ,0,NA,Attchd,Unf,2,492,Y,0,0,0,0,0,0,NA,0,WD,Normal,145000,11.884489021402711,MetalSd,Finished,Siding
160,RM,24.0,1300,NA,Reg,Inside,Blueste,Norm,Twnhs,2.0Story,6,6,1980,1980,Gable,None,0.0,TA,Gd,CBlock,Gd,TA,No,ALQ,Unf,561,TA,Y,SBrkr,561,668,0,1229,0,0,1,1,2,1,TA,5,Typ,1,TA,Attchd,Fin,2,462,Y,150,0,0,0,0,0,Fence,0,WD,Normal,124000,11.728036844587175,MetalSd,Finished,Siding
20,RL,70.0,7420,NA,Reg,Inside,Sawyer,Norm,1Fam,1.0Story,5,5,1962,1962,Hip,None,0.0,TA,Gd,CBlock,TA,TA,No,Rec,Unf,1057,TA,Y,SBrkr,1057,0,0,1057,0,0,1,0,3,1,TA,6,Typ,0,NA,Detchd,Fin,2,576,Y,0,0,0,0,0,0,NA,0,WD,Normal,132000,11.790557201568507,MetalSd,Finished,Siding
20,RL,65.0,8450,NA,Reg,Inside,CollgCr,Norm,1Fam,1.0Story,7,5,2003,2003,Gable,None,0.0,Gd,Gd,PConc,Gd,TA,Mn,GLQ,Unf,1337,Ex,Y,SBrkr,1337,0,0,1337,1,0,2,0,3,1,Gd,6,Typ,0,NA,Attchd,RFn,2,531,Y,0,39,0,0,0,0,NA,0,WD,Normal,185000,12.128111104060462,VinylSd,Finished,Siding
160,FV,24.0,2572,NA,Reg,FR2,Somerst,Norm,Twnhs,2.0Story,7,5,1999,1999,Hip,None,0.0,Gd,Gd,PConc,Gd,TA,No,ALQ,Unf,696,Ex,Y,SBrkr,696,720,0,1416,1,0,2,1,3,1,Gd,6,Typ,0,NA,Detchd,Unf,2,484,Y,0,44,0,0,0,0,NA,0,WD,Normal,155000,11.951180395901384,MetalSd,Finished,Siding
20,RL,50.0,7207,NA,IR,Inside,BrkSide,Norm,1Fam,1.0Story,5,7,1958,2008,Gable,None,0.0,TA,Gd,CBlock,TA,TA,Gd,BLQ,Unf,858,Gd,Y,SBrkr,858,0,0,858,1,0,1,0,2,1,TA,4,Typ,0,NA,NA,NA,0,0,Y,117,0,0,0,0,0,NA,0,WD,Normal,116500,11.665646551987892,Plywood,Finished,Other
60,RL,70.05,12227,NA,IR,Corner,NWAmes,Pos,1Fam,2.0Story,6,7,1977,1995,Gable,BrkFace,424.0,TA,Gd,CBlock,Gd,Gd,No,ALQ,Unf,1330,TA,Y,SBrkr,1542,1330,0,2872,1,0,2,1,4,1,TA,11,Typ,1,TA,Attchd,Fin,2,619,Y,550,282,0,0,0,0,NA,0,WD,Normal,272000,12.513557345278134,HdBoard,Finished,Other
160,RL,24.0,2308,NA,Reg,Corner,NPkVill,Norm,Twnhs,2.0Story,6,6,1976,1976,Gable,None,0.0,TA,Gd,CBlock,Gd,TA,No,ALQ,Unf,804,TA,Y,SBrkr,804,744,0,1548,1,0,2,1,3,1,Gd,7,Typ,1,TA,Detchd,Unf,2,440,Y,48,0,0,0,0,0,NA,0,WD,Normal,155000,11.951180395901384,Other,Finished,Other
20,RL,122.0,11923,NA,IR,Corner,CollgCr,Norm,1Fam,1.0Story,9,5,2007,2007,Gable,None,0.0,Gd,Gd,PConc,Ex,TA,No,Unf,Unf,1800,Ex,Y,SBrkr,1800,0,0,1800,0,0,2,0,2,1,Ex,7,Typ,0,NA,Attchd,Fin,2,702,Y,288,136,0,0,0,0,NA,0,WD,Normal,239000,12.384218830913648,VinylSd,Finished,Siding
60,RL,80.0,11316,NA,Reg,Corner,Timber,Norm,1Fam,2.0Story,7,5,2002,2003,Gable,BrkFace,44.0,Gd,Gd,PConc,Gd,TA,No,GLQ,Unf,817,Ex,Y,SBrkr,824,1070,0,1894,1,0,2,1,4,1,Gd,8,Typ,1,Gd,Attchd,Fin,2,510,Y,0,40,0,0,0,0,NA,0,WD,Normal,214900,12.277928082630602,VinylSd,Finished,Siding
60,RL,65.0,10237,NA,Reg,Inside,Gilbert,NRR,1Fam,2.0Story,6,5,2005,2007,Gable,None,0.0,Gd,Gd,PConc,Gd,TA,No,Unf,Unf,783,Ex,Y,SBrkr,783,701,0,1484,0,0,2,1,3,1,Gd,8,Typ,1,Gd,Attchd,Fin,2,393,Y,0,72,0,0,0,0,NA,0,Oth,Partial,178900,12.09458226949681,VinylSd,Finished,Siding
50,RL,130.0,9600,NA,IR,Inside,Crawfor,Norm,1Fam,1.5Story,5,7,1940,1950,Gable,None,0.0,Gd,Gd,BrkTil,TA,Fa,No,Rec,Unf,728,Ex,Y,SBrkr,976,332,0,1308,1,0,1,1,2,1,TA,7,Atype,2,TA,Detchd,Unf,1,256,Y,0,70,0,0,0,0,NA,0,WD,Normal,160000,11.982929094215963,MetalSd,Finished,Siding
20,RL,70.05,7390,NA,IR,Inside,NAmes,Norm,1Fam,1.0Story,5,7,1955,1955,Hip,BrkFace,151.0,TA,Gd,CBlock,TA,TA,No,ALQ,Unf,1098,TA,Y,SBrkr,1098,0,0,1098,1,0,1,0,3,1,TA,6,Typ,0,NA,Attchd,Unf,1,260,Y,0,0,0,0,0,0,NA,0,WD,Normal,135000,11.813030057420567,Wood,Finished,Siding
50,RM,50.0,5925,NA,Reg,Inside,OldTown,Norm,1Fam,1.5Story,3,6,1910,1950,Gable,None,0.0,TA,Gd,BrkTil,TA,TA,No,Unf,Unf,600,Fa,N,SBrkr,600,368,0,968,0,0,1,0,2,1,TA,6,Typ,0,NA,NA,NA,0,0,Y,0,0,0,0,0,0,Fence,0,WD,Abnorml,37900,10.542706391070517,VinylSd,Finished,Siding
190,RL,75.0,10382,NA,Reg,Inside,NAmes,Norm,Oth,SLvl,6,5,1958,1958,Hip,BrkFace,105.0,TA,Fa,CBlock,TA,TA,Gd,ALQ,Unf,588,TA,Y,SBrkr,1095,0,0,1095,1,0,1,0,2,1,TA,6,Typ,0,NA,Attchd,RFn,1,264,Y,0,0,0,0,0,0,NA,0,Oth,Normal,140000,11.84939770159144,HdBoard,Finished,Other
50,RL,60.0,10800,NA,Reg,Inside,NAmes,Norm,1Fam,1.5Story,4,4,1949,1950,Gable,None,0.0,TA,Gd,CBlock,TA,TA,No,Unf,Unf,720,TA,N,Fuse,720,472,0,1192,0,0,1,1,4,1,TA,6,Typ,0,NA,NA,NA,0,0,Y,0,0,0,0,0,0,NA,0,WD,Abnorml,135000,11.813030057420567,Other,Finished,Shingle
160,RL,36.0,2268,NA,Reg,Inside,NridgHt,Norm,Twnhs,2.0Story,7,5,2003,2004,Gable,Stone,106.0,Gd,Gd,PConc,Gd,TA,No,GLQ,Unf,764,Ex,Y,SBrkr,764,862,0,1626,0,0,2,0,2,1,Gd,6,Typ,0,NA,Attchd,RFn,2,474,Y,0,27,0,0,0,0,NA,0,WD,Normal,173000,12.061046873479915,Wood,Finished,Shingle
120,RL,55.0,7892,NA,Reg,Inside,SawyerW,Norm,Twnhs,1.0Story,6,5,1979,1979,Gable,None,0.0,TA,Gd,CBlock,Gd,TA,No,Unf,Unf,918,TA,Y,SBrkr,918,0,0,918,0,0,2,0,2,1,TA,5,Typ,1,TA,Attchd,Unf,1,264,Y,28,0,0,0,0,0,NA,0,WD,Normal,99500,11.507912923146684,Plywood,Finished,Other
20,FV,95.0,11639,NA,Reg,Corner,Somerst,Norm,1Fam,1.0Story,7,5,2007,2008,Gable,None,0.0,Gd,Gd,PConc,Gd,TA,No,Unf,Unf,1428,Ex,Y,SBrkr,1428,0,0,1428,0,0,2,0,3,1,Gd,6,Typ,0,NA,Attchd,Fin,2,480,Y,0,120,0,0,0,0,NA,0,Oth,Partial,182000,12.111761966058932,Other,Finished,Other
70,RL,60.0,11414,NA,IR,Corner,BrkSide,NRR,1Fam,2.0Story,7,8,1910,1993,Gable,None,0.0,TA,Gd,BrkTil,Gd,TA,No,Unf,Unf,728,TA,N,SBrkr,1136,883,0,2019,0,0,1,0,3,1,Gd,8,Typ,0,NA,Detchd,Unf,2,532,Y,509,135,0,0,0,0,Fence,0,WD,Normal,167500,12.028738630247258,HdBoard,Finished,Other
160,FV,70.05,2651,NA,Reg,FR2,Somerst,Norm,Twnhs,2.0Story,7,5,2000,2000,Gable,None,0.0,Gd,Gd,PConc,Gd,TA,No,GLQ,Unf,673,Ex,Y,SBrkr,673,709,0,1382,1,0,2,1,3,1,Gd,6,Typ,0,NA,Detchd,Unf,2,490,Y,153,50,0,0,0,0,NA,0,WD,Normal,165000,12.013700752882718,MetalSd,Finished,Siding
30,RL,51.0,5900,NA,IR,Inside,BrkSide,Norm,1Fam,1.0Story,4,7,1923,1958,Gable,None,0.0,TA,Gd,PConc,Gd,TA,No,Unf,Unf,440,TA,Y,Fuse,869,0,0,869,0,0,1,0,2,1,Fa,4,Typ,0,NA,NA,NA,0,0,Y,0,0,0,0,0,0,NA,0,WD,Normal,85500,11.356271654924852,Wood,Finished,Siding
120,FV,35.0,4274,Pave,IR,Inside,Somerst,Norm,Twnhs,1.0Story,7,5,2006,2007,Gable,None,0.0,Gd,Gd,PConc,Gd,TA,No,GLQ,Unf,1241,Ex,Y,SBrkr,1241,0,0,1241,1,0,1,1,1,1,Gd,4,Typ,0,NA,Attchd,Fin,2,569,Y,0,116,0,0,0,0,NA,0,Oth,Partial,199900,12.205572520488492,VinylSd,Finished,Siding
20,RL,68.0,9450,NA,Reg,Inside,Edwards,Norm,1Fam,1.0Story,4,5,1954,1954,Gable,None,0.0,TA,Gd,CBlock,TA,TA,No,LwQ,Unf,894,Ex,Y,SBrkr,894,0,0,894,0,0,1,0,3,1,TA,5,Typ,0,NA,Detchd,Unf,2,400,Y,0,0,0,0,0,0,NA,0,WD,Abnorml,110000,11.608235644774552,MetalSd,Finished,Siding
20,RL,80.0,8816,NA,Reg,Corner,Sawyer,Feedr,1Fam,1.0Story,5,6,1963,1963,Gable,None,0.0,TA,Gd,PConc,TA,TA,No,Rec,Unf,1121,TA,Y,SBrkr,1121,0,0,1121,1,0,1,0,3,1,TA,5,Typ,0,NA,Detchd,Unf,2,480,Y,0,80,0,0,0,0,Fence,0,WD,Normal,139000,11.842229212112828,VinylSd,Finished,Siding
85,RL,70.05,12122,NA,IR,Corner,NAmes,Norm,1Fam,SFoyer,7,9,1961,2007,Gable,Stone,210.0,Ex,Gd,CBlock,TA,TA,Av,ALQ,Unf,944,Gd,Y,SBrkr,999,0,0,999,1,0,1,0,3,1,Ex,6,Typ,0,NA,Attchd,RFn,2,588,Y,144,76,0,0,0,0,NA,0,WD,Normal,178400,12.091783499128047,Other,Finished,Other
60,RL,98.0,12203,NA,IR,Corner,NoRidge,Norm,1Fam,2.0Story,8,5,1998,1999,Hip,BrkFace,975.0,Gd,Gd,PConc,Gd,TA,No,GLQ,Unf,1225,Ex,Y,SBrkr,1276,1336,0,2612,1,0,2,1,4,1,Gd,8,Typ,1,TA,Attchd,Fin,3,676,Y,250,0,0,0,0,0,NA,0,WD,Normal,336000,12.724866438945341,VinylSd,Finished,Siding
20,RL,43.0,3182,NA,Reg,Inside,Blmngtn,Norm,1Fam,1.0Story,7,5,2007,2007,Gable,BrkFace,16.0,Gd,Gd,PConc,Gd,TA,Av,Unf,Unf,1266,Ex,Y,SBrkr,1266,0,0,1266,0,0,2,0,2,1,Gd,6,Typ,1,Gd,Attchd,Fin,2,388,Y,100,16,0,0,0,0,NA,0,WD,Normal,159895,11.982272628789678,VinylSd,Finished,Siding
60,RL,70.05,11250,NA,Reg,Corner,CollgCr,Norm,1Fam,2.0Story,8,5,2002,2002,Gable,None,0.0,Gd,Gd,PConc,Gd,TA,Mn,Unf,Unf,1128,Ex,Y,SBrkr,1149,1141,0,2290,0,0,2,1,4,1,Gd,9,Typ,1,Gd,Attchd,Unf,2,779,Y,0,0,0,0,0,0,NA,0,WD,Normal,255900,12.45254202214788,Other,Finished,Other
90,RL,75.0,10125,NA,Reg,Inside,Mitchel,Norm,Oth,1.5Story,5,5,1977,1977,Gable,None,0.0,TA,Gd,CBlock,NA,NA,No,NA,NA,0,TA,Y,SBrkr,1302,432,0,1734,0,0,2,0,4,2,Gd,8,Typ,0,NA,Attchd,Unf,2,539,Y,0,0,0,0,0,0,NA,0,Oth,Normal,126000,11.744037185933616,Plywood,Finished,Other
190,RL,68.0,10880,NA,Reg,Inside,Edwards,Norm,Oth,1.0Story,5,5,1950,1950,Gable,None,0.0,TA,Gd,CBlock,TA,TA,No,ALQ,Unf,1164,TA,N,SBrkr,1164,0,0,1164,1,0,1,0,3,1,TA,5,Typ,0,NA,Detchd,Unf,1,240,Y,0,48,0,0,0,0,NA,0,Oth,Normal,125000,11.736069016284437,MetalSd,Finished,Siding
50,RM,59.0,5310,NA,Reg,Corner,OldTown,Feedr,1Fam,1.5Story,6,8,1910,2003,Hip,None,0.0,TA,Gd,CBlock,TA,Fa,No,Unf,Unf,485,Gd,Y,SBrkr,1001,634,0,1635,0,0,1,0,2,1,Gd,5,Typ,0,NA,Attchd,Unf,1,255,Y,394,0,0,0,0,0,NA,0,WD,Normal,117000,11.669929213779893,VinylSd,Finished,Siding
20,RL,83.0,10159,NA,IR,Inside,NridgHt,Norm,1Fam,1.0Story,9,5,2009,2010,Hip,Stone,450.0,Ex,Gd,PConc,Ex,TA,Av,GLQ,Unf,1930,Ex,Y,SBrkr,1940,0,0,1940,1,0,2,1,3,1,Ex,8,Typ,1,Gd,Attchd,Fin,3,606,Y,168,95,0,0,0,0,NA,0,Oth,Partial,395192,12.88712700173598,VinylSd,Finished,Siding
60,RL,70.05,12046,NA,IR,Inside,NWAmes,Norm,1Fam,2.0Story,6,6,1976,1976,Gable,BrkFace,298.0,TA,Gd,CBlock,TA,TA,No,LwQ,Unf,848,TA,Y,SBrkr,1118,912,0,2030,0,0,2,1,4,1,Gd,8,Typ,1,TA,Attchd,Fin,2,551,Y,0,224,0,0,0,0,NA,0,WD,Normal,195000,12.180754837545884,Plywood,Finished,Other
60,FV,65.0,8125,NA,Reg,Inside,Somerst,Norm,1Fam,2.0Story,7,5,2006,2006,Gable,None,0.0,Gd,Gd,PConc,Gd,Gd,No,Unf,Unf,770,Ex,Y,SBrkr,778,798,0,1576,0,0,2,1,3,1,Gd,6,Typ,0,NA,Attchd,RFn,2,614,Y,0,50,0,0,0,0,NA,0,Oth,Partial,197000,12.190959007720126,VinylSd,Finished,Siding
60,RL,82.0,9452,NA,Reg,Inside,NoRidge,Norm,1Fam,2.0Story,8,5,1997,1998,Gable,BrkFace,423.0,Gd,Gd,PConc,Gd,TA,No,GLQ,Unf,1396,Ex,Y,SBrkr,1407,985,0,2392,1,0,2,1,3,1,Gd,7,Typ,1,TA,Attchd,Fin,3,870,Y,0,70,0,0,0,0,NA,0,WD,Normal,348000,12.759957758756611,VinylSd,Finished,Siding
70,RM,121.0,17671,Grvl,Reg,Corner,OldTown,Artery,1Fam,2.0Story,8,9,1882,1986,Gable,None,0.0,Gd,Gd,BrkTil,TA,TA,No,BLQ,Unf,916,Gd,Y,SBrkr,916,826,0,1742,0,0,1,1,4,1,Gd,8,Typ,1,Gd,Attchd,Unf,2,424,N,0,169,0,0,0,0,NA,0,WD,Normal,168000,12.031719258385396,Wood,Finished,Siding
60,RL,80.0,9760,NA,Reg,Inside,NAmes,Norm,1Fam,2.0Story,6,8,1964,1993,Hip,BrkFace,340.0,TA,Gd,CBlock,TA,TA,Gd,BLQ,Rec,822,Gd,Y,SBrkr,1020,831,0,1851,0,0,2,1,3,1,Gd,7,Typ,1,Po,Attchd,RFn,2,440,Y,239,42,0,0,0,0,Fence,0,WD,Normal,187000,12.138863895836725,Wood,Finished,Siding
60,RL,68.0,8846,NA,Reg,Inside,CollgCr,Norm,1Fam,2.0Story,6,5,2005,2006,Gable,None,0.0,TA,Gd,PConc,Gd,TA,No,Unf,Unf,750,Ex,Y,SBrkr,750,750,0,1500,0,0,2,1,3,1,Gd,6,Typ,0,NA,Attchd,RFn,2,564,Y,0,35,0,0,0,0,NA,0,Oth,Partial,173900,12.066235700342375,VinylSd,Finished,Siding
20,RL,96.0,12456,NA,Reg,FR2,NridgHt,Norm,1Fam,1.0Story,10,5,2006,2007,Hip,Stone,230.0,Ex,Gd,PConc,Ex,TA,Gd,GLQ,Unf,1700,Ex,Y,SBrkr,1718,0,0,1718,1,0,2,0,3,1,Ex,7,Typ,1,Gd,Attchd,Fin,3,786,Y,216,48,0,0,0,0,NA,0,WD,Normal,337500,12.729320789294722,Other,Finished,Other
50,RL,51.0,4712,NA,IR,Inside,BrkSide,Feedr,1Fam,1.5Story,4,7,1946,1950,Gable,None,0.0,TA,Gd,CBlock,TA,TA,No,ALQ,Unf,747,TA,Y,SBrkr,774,456,0,1230,1,0,1,1,3,1,TA,5,Typ,0,NA,Detchd,Unf,1,305,Y,0,57,0,0,63,0,Fence,0,WD,Abnorml,121600,11.708492248514204,MetalSd,Finished,Siding
20,RL,70.05,10659,NA,IR,Inside,NAmes,Norm,1Fam,1.0Story,5,6,1961,1961,Hip,None,0.0,TA,Gd,CBlock,TA,TA,No,Rec,Unf,1050,TA,Y,SBrkr,1050,0,0,1050,1,0,1,0,3,1,TA,6,Typ,0,NA,Attchd,Unf,1,368,Y,0,319,0,0,0,0,NA,0,Oth,Normal,136500,11.824079893607152,Wood,Finished,Siding
20,RL,70.05,11717,NA,IR,Inside,NWAmes,Pos,1Fam,1.0Story,6,6,1970,1970,Hip,BrkFace,571.0,TA,Gd,CBlock,TA,TA,No,Unf,Unf,1442,TA,Y,SBrkr,1442,0,0,1442,0,0,2,0,2,1,TA,6,Typ,1,TA,Attchd,RFn,2,615,Y,371,0,0,0,0,0,NA,0,WD,Normal,185000,12.128111104060462,HdBoard,Finished,Other
30,RM,60.0,9786,NA,Reg,Inside,IDOTRR,Norm,1Fam,1.0Story,3,4,1922,1950,Hip,None,0.0,TA,Gd,BrkTil,TA,Fa,No,Unf,Unf,1007,Fa,N,SBrkr,1077,0,0,1077,0,0,1,0,3,1,TA,6,Typ,1,Gd,Detchd,Unf,1,210,N,0,100,48,0,0,0,NA,0,WD,Normal,91000,11.418614785498987,Wood,Finished,Siding
20,RL,64.0,6762,NA,Reg,Inside,CollgCr,Norm,1Fam,1.0Story,7,5,2006,2006,Gable,Stone,24.0,Gd,Gd,PConc,Gd,TA,Av,GLQ,Unf,1187,Ex,Y,SBrkr,1208,0,0,1208,1,0,2,0,2,1,Gd,6,Typ,0,NA,Attchd,RFn,2,632,Y,105,61,0,0,0,0,NA,0,WD,Normal,206000,12.235631447771718,VinylSd,Finished,Siding
20,RL,74.0,10206,NA,Reg,Corner,Edwards,Norm,1Fam,1.0Story,3,3,1952,1952,Oth,None,0.0,TA,Gd,Oth,NA,NA,No,NA,NA,0,Fa,N,Fuse,944,0,0,944,0,0,1,0,2,1,Fa,4,Atype,0,NA,Detchd,Unf,2,528,Y,0,0,0,0,0,0,NA,0,WD,Normal,82000,11.314474526246391,Other,Finished,Other
30,RL,60.0,5400,NA,Reg,Corner,OldTown,Norm,1Fam,1.0Story,5,6,1920,1950,Gable,None,0.0,TA,Gd,BrkTil,Fa,TA,No,Unf,Unf,691,Ex,Y,Fuse,691,0,0,691,0,0,1,0,2,1,Ex,4,Typ,0,NA,Detchd,Unf,1,216,N,0,20,94,0,0,0,NA,0,WD,Abnorml,86000,11.362102575235644,Wood,Finished,Siding
20,RL,75.0,11957,NA,IR,Inside,Somerst,NRR,1Fam,1.0Story,8,5,2006,2006,Gable,BrkFace,53.0,Gd,Gd,PConc,Gd,TA,No,GLQ,Unf,1574,Ex,Y,SBrkr,1574,0,0,1574,0,0,2,0,3,1,Gd,7,Typ,1,Gd,Attchd,RFn,3,824,Y,144,104,0,0,0,0,NA,0,WD,Normal,232000,12.354492650648448,VinylSd,Finished,Siding
90,RL,70.05,11500,NA,IR,Corner,NWAmes,Feedr,Oth,1.0Story,5,6,1976,1976,Gable,BrkFace,164.0,TA,Gd,CBlock,TA,TA,No,Unf,Unf,1680,Fa,Y,SBrkr,1680,0,0,1680,0,0,2,0,4,2,TA,8,Typ,0,NA,Detchd,Unf,2,528,Y,0,0,0,0,0,0,NA,0,WD,Normal,136905,11.827042533619087,VinylSd,Finished,Siding
120,RL,43.0,3182,NA,Reg,Inside,Blmngtn,Norm,Twnhs,1.0Story,7,5,2005,2006,Gable,BrkFace,16.0,Gd,Gd,PConc,Gd,TA,No,GLQ,Unf,1346,Ex,Y,SBrkr,1504,0,0,1504,0,0,2,0,1,1,Gd,7,Typ,1,Gd,Attchd,Fin,2,457,Y,156,0,0,0,0,0,NA,0,WD,Normal,181000,12.106252310247962,VinylSd,Finished,Siding
80,RL,65.0,8385,NA,Reg,Inside,CollgCr,Norm,1Fam,SLvl,5,8,1977,1977,Gable,BrkFace,220.0,Gd,Gd,CBlock,Gd,Gd,Av,GLQ,Unf,985,TA,Y,SBrkr,985,0,0,985,0,0,2,0,3,1,TA,6,Typ,0,NA,Attchd,Unf,1,328,Y,210,0,0,0,0,0,NA,0,WD,Normal,149900,11.917723684090689,HdBoard,Finished,Other
20,RL,70.05,12155,NA,IR,Inside,NAmes,Pos,1Fam,1.0Story,6,3,1970,1970,Gable,None,0.0,TA,Gd,CBlock,Gd,TA,No,LwQ,Unf,1657,Gd,Y,SBrkr,1657,0,0,1657,0,1,2,0,3,1,TA,7,Typ,1,TA,Attchd,Unf,2,484,Y,0,0,0,0,147,0,NA,0,WD,Normal,163500,12.004568269319446,Plywood,Finished,Other
160,RM,21.0,2217,NA,Reg,Inside,MeadowV,Norm,Twnhs,2.0Story,4,4,1970,1970,Gable,None,0.0,TA,Gd,CBlock,TA,TA,No,BLQ,LwQ,546,TA,Y,SBrkr,546,546,0,1092,0,0,1,1,3,1,TA,6,Typ,0,NA,Attchd,RFn,1,286,Y,238,0,0,0,0,0,NA,0,WD,Normal,88000,11.385092093460344,Other,Finished,Other
20,RL,43.0,12118,NA,IR,CulDSac,Mitchel,Norm,1Fam,1.0Story,7,5,2004,2005,Hip,Stone,108.0,Gd,Gd,PConc,Ex,TA,Mn,Unf,Unf,1710,Ex,Y,SBrkr,1710,0,0,1710,0,0,2,0,3,1,Gd,7,Typ,1,Gd,Attchd,Fin,2,550,Y,100,48,0,0,180,0,NA,0,WD,Normal,240000,12.388394202324129,VinylSd,Finished,Siding
50,RL,60.0,6000,NA,Reg,Inside,SWISU,Norm,1Fam,1.5Story,5,5,1926,1950,Gable,None,0.0,TA,Fa,BrkTil,TA,TA,No,Unf,Unf,1008,Ex,Y,SBrkr,1008,0,514,1522,0,0,2,0,4,1,TA,7,Typ,0,NA,NA,NA,0,0,N,0,0,138,0,0,0,NA,0,WD,Normal,102000,11.532728092266408,Wood,Finished,Siding
50,RL,115.0,21286,NA,Reg,Inside,Sawyer,Norm,1Fam,1.5Story,5,5,1948,1950,Gable,None,0.0,TA,Gd,CBlock,TA,TA,No,Unf,Unf,720,TA,Y,SBrkr,720,551,0,1271,0,0,2,0,4,1,TA,7,Typ,1,Gd,Attchd,Unf,1,312,Y,0,0,108,0,0,0,NA,0,WD,Normal,135000,11.813030057420567,Wood,Finished,Siding
90,RL,75.0,9825,NA,Reg,Inside,Edwards,Norm,Oth,1.0Story,5,5,1965,1965,Hip,None,0.0,TA,Gd,CBlock,NA,NA,No,NA,NA,0,TA,N,SBrkr,1664,0,0,1664,0,0,2,0,4,2,TA,8,Typ,0,NA,NA,NA,0,0,Y,0,0,0,0,0,0,NA,0,WD,Normal,100000,11.512925464970229,Other,Finished,Shingle
70,RL,55.0,10592,NA,Reg,Inside,Crawfor,Norm,1Fam,2.0Story,6,7,1923,1996,Hip,None,0.0,TA,Gd,PConc,TA,Fa,No,Unf,Unf,602,TA,Y,SBrkr,900,602,0,1502,0,0,1,1,3,1,Gd,7,Typ,2,TA,Detchd,Unf,1,180,Y,96,0,112,0,53,0,NA,0,WD,Normal,165000,12.013700752882718,Wood,Finished,Siding
30,RM,60.0,7200,NA,Reg,Inside,OldTown,Norm,1Fam,1.0Story,5,4,1910,2006,Hip,None,0.0,TA,Gd,BrkTil,TA,TA,No,ALQ,Rec,1022,TA,N,SBrkr,1022,0,0,1022,1,0,1,0,2,1,TA,4,Atype,0,NA,Detchd,Unf,1,280,Y,0,30,226,0,0,0,NA,0,WD,Normal,85000,11.350406535472453,Stucco,Finished,Other
20,RL,60.0,11664,NA,Reg,Inside,NAmes,Artery,1Fam,1.0Story,6,5,1948,1950,Gable,BrkFace,206.0,TA,Gd,CBlock,TA,Fa,No,BLQ,Unf,1082,TA,Y,SBrkr,1082,0,0,1082,0,0,1,0,2,1,TA,5,Typ,1,Gd,Detchd,Unf,1,240,Y,0,130,0,0,0,0,NA,0,WD,Normal,119200,11.688558033613386,MetalSd,Finished,Siding
60,RL,70.0,8400,NA,Reg,Inside,NWAmes,Norm,1Fam,2.0Story,8,6,2001,2001,Gable,None,0.0,Gd,Gd,PConc,Gd,TA,No,GLQ,Unf,810,Ex,Y,SBrkr,810,855,0,1665,1,0,2,1,3,1,Gd,6,Typ,0,NA,Attchd,Fin,2,528,Y,0,45,0,0,0,0,NA,0,WD,Normal,227000,12.332705296463539,VinylSd,Finished,Siding
20,RL,73.0,11883,NA,Reg,Inside,CollgCr,Norm,1Fam,1.0Story,7,5,1996,1996,Hip,BrkFace,196.0,Gd,Gd,PConc,Gd,TA,Gd,GLQ,Unf,1504,Ex,Y,SBrkr,1504,0,0,1504,1,0,2,0,3,1,Gd,6,Typ,1,TA,Attchd,Fin,2,478,Y,115,66,0,0,0,0,NA,0,WD,Normal,203000,12.220961258023925,VinylSd,Finished,Siding
120,RL,70.05,5814,NA,IR,CulDSac,StoneBr,Norm,Twnhs,1.0Story,8,5,1984,1984,Gable,None,0.0,Gd,Gd,CBlock,Gd,TA,Av,GLQ,Unf,1220,Gd,Y,SBrkr,1360,0,0,1360,1,0,1,0,1,1,Gd,4,Typ,1,Gd,Attchd,RFn,2,565,Y,63,0,0,0,0,0,NA,0,Oth,Abnorml,187500,12.141534124392603,HdBoard,Finished,Other
80,RL,70.05,10784,NA,IR,FR2,Gilbert,Norm,1Fam,SLvl,7,5,1991,1992,Gable,BrkFace,76.0,Gd,Gd,PConc,Gd,TA,No,Unf,Unf,384,Gd,Y,SBrkr,802,670,0,1472,0,0,2,1,3,1,Gd,7,Typ,1,TA,Attchd,RFn,2,402,Y,164,0,0,0,0,0,NA,0,WD,Normal,160000,11.982929094215963,HdBoard,Finished,Other
120,RL,43.0,3013,NA,Reg,Inside,Blmngtn,Norm,Twnhs,1.0Story,7,5,2005,2005,Gable,BrkFace,145.0,Gd,Gd,PConc,Gd,TA,Gd,GLQ,Unf,1362,Ex,Y,SBrkr,1506,0,0,1506,0,0,2,0,2,1,Gd,6,Typ,1,Gd,Attchd,Fin,2,440,Y,142,20,0,0,0,0,NA,0,WD,Normal,213490,12.27134527214637,VinylSd,Finished,Siding
20,RL,60.0,7024,NA,Reg,Inside,Edwards,Norm,1Fam,1.0Story,4,5,2005,2005,Gable,None,0.0,TA,Gd,PConc,Gd,TA,No,GLQ,Unf,1132,Ex,Y,SBrkr,1132,0,0,1132,1,0,1,1,2,1,Gd,5,Typ,0,NA,Attchd,Fin,2,451,Y,252,64,0,0,0,0,NA,0,WD,Normal,176000,12.078239274020289,VinylSd,Finished,Siding
20,RL,64.0,7406,NA,Reg,Inside,CollgCr,Norm,1Fam,1.0Story,7,5,2006,2006,Gable,Stone,84.0,Gd,Gd,PConc,Gd,TA,Av,GLQ,Unf,1199,Ex,Y,SBrkr,1220,0,0,1220,1,0,2,0,2,1,Gd,6,Typ,0,NA,Attchd,RFn,2,632,Y,105,54,0,0,0,0,NA,0,Oth,Partial,194000,12.175613438045465,VinylSd,Finished,Siding
50,RM,52.0,9439,NA,Reg,Inside,OldTown,Norm,1Fam,1.5Story,5,5,1930,1950,Gable,None,0.0,TA,Gd,CBlock,TA,TA,No,LwQ,Unf,912,Gd,Y,Fuse,912,336,0,1248,0,0,1,0,2,1,TA,6,Typ,0,NA,Detchd,Unf,1,160,Y,0,0,192,0,0,0,NA,0,WD,Normal,87000,11.37366339763672,Wood,Finished,Siding
120,RL,43.0,3182,NA,Reg,Inside,Blmngtn,Norm,Twnhs,1.0Story,7,5,2005,2006,Gable,BrkFace,14.0,Gd,Gd,PConc,Gd,Gd,No,GLQ,Unf,1346,Ex,Y,SBrkr,1504,0,0,1504,0,0,2,0,2,1,Gd,7,Typ,1,Gd,Attchd,Fin,2,437,Y,156,20,0,0,0,0,NA,0,WD,Normal,191000,12.160028707028767,VinylSd,Finished,Siding
20,RL,70.05,15498,NA,IR,Corner,Timber,Norm,1Fam,1.0Story,8,6,1976,1976,Hip,None,0.0,Gd,Gd,CBlock,Gd,TA,Av,ALQ,LwQ,1565,TA,Y,SBrkr,2898,0,0,2898,1,0,2,0,2,1,Gd,10,Typ,1,Gd,Attchd,Fin,2,665,Y,0,72,174,0,0,0,NA,0,Oth,Abnorml,287000,12.567237494741757,HdBoard,Finished,Other
20,RL,70.0,7700,NA,Reg,Corner,CollgCr,Norm,1Fam,1.0Story,5,5,1972,1972,Gable,None,0.0,TA,Gd,CBlock,TA,TA,No,LwQ,Rec,882,TA,Y,SBrkr,882,0,0,882,1,0,1,0,3,1,TA,5,Typ,0,NA,Detchd,Unf,2,461,Y,96,0,0,0,0,0,Fence,0,WD,Normal,112500,11.630708500626612,VinylSd,Finished,Siding
20,RL,73.0,9300,NA,Reg,Inside,NAmes,Feedr,1Fam,1.0Story,5,5,1960,1960,Gable,BrkFace,324.0,TA,Gd,CBlock,TA,TA,No,Rec,Unf,1268,TA,Y,SBrkr,1264,0,0,1264,1,0,1,0,3,1,TA,6,Typ,2,Gd,Attchd,Unf,2,461,Y,0,0,0,0,143,0,NA,0,WD,Normal,167500,12.028738630247258,HdBoard,Finished,Other
20,RL,71.0,9520,NA,IR,Inside,Timber,Norm,1Fam,1.0Story,8,5,2007,2008,Gable,Stone,338.0,Gd,Gd,PConc,Gd,TA,Gd,GLQ,Unf,1638,Ex,Y,SBrkr,1646,0,0,1646,1,0,2,0,3,1,Gd,7,Typ,1,Gd,Attchd,RFn,3,800,Y,192,44,0,0,0,0,NA,0,Oth,Partial,293077,12.588190652108505,VinylSd,Finished,Siding
50,RL,79.0,9492,NA,Reg,Inside,NAmes,Artery,1Fam,1.5Story,5,5,1941,1950,Gable,None,0.0,TA,Gd,CBlock,TA,TA,No,Rec,BLQ,768,TA,Y,SBrkr,968,408,0,1376,1,0,1,0,3,1,TA,6,Typ,1,Gd,Attchd,Unf,1,240,Y,0,0,0,0,0,0,NA,0,WD,Normal,105000,11.56171562913966,Wood,Finished,Shingle
160,RM,21.0,1680,NA,Reg,Inside,BrDale,Norm,Twnhs,2.0Story,6,7,1972,1972,Gable,BrkFace,281.0,TA,Gd,CBlock,TA,TA,No,BLQ,Unf,672,Gd,Y,SBrkr,672,546,0,1218,0,1,1,1,3,1,TA,7,Typ,0,NA,Detchd,Unf,1,264,Y,0,28,0,0,0,0,NA,0,WD,Normal,118000,11.678439903447801,HdBoard,Finished,Other
190,RH,70.05,7082,NA,Reg,Inside,SWISU,Norm,Oth,2.0Story,5,8,1916,1995,Gable,None,0.0,TA,Gd,PConc,TA,TA,Mn,Unf,Unf,686,Gd,Y,SBrkr,948,980,0,1928,0,0,2,0,5,2,TA,10,Typ,0,NA,NA,NA,0,0,N,0,0,228,0,0,0,NA,0,WD,Normal,160000,11.982929094215963,VinylSd,Finished,Siding
75,RL,102.0,15863,NA,Reg,Corner,SWISU,Norm,1Fam,2.5Story,7,3,1920,1970,Gable,None,0.0,TA,Gd,BrkTil,TA,TA,No,GLQ,Unf,824,Ex,Y,SBrkr,1687,998,397,3082,1,0,2,1,5,1,TA,12,Typ,2,TA,Attchd,Fin,2,672,Y,136,63,0,0,0,0,NA,0,WD,Normal,197000,12.190959007720126,Plywood,Finished,Other
60,RL,70.05,14541,NA,IR,Corner,NoRidge,Norm,1Fam,2.0Story,8,7,1993,1993,Gable,None,0.0,Gd,Gd,PConc,Gd,Gd,No,GLQ,Unf,1338,Ex,Y,SBrkr,1352,1168,0,2520,1,0,2,1,5,1,Gd,10,Typ,1,TA,Attchd,RFn,3,796,Y,209,55,0,0,0,0,NA,0,WD,Abnorml,310000,12.644327576461329,MetalSd,Finished,Siding
20,RL,70.05,8125,NA,Reg,Inside,CollgCr,Norm,1Fam,1.0Story,7,5,2002,2002,Gable,Stone,295.0,Gd,Gd,PConc,Gd,TA,No,GLQ,Unf,1654,Ex,Y,SBrkr,1654,0,0,1654,1,0,2,0,3,1,Gd,6,Typ,0,NA,Attchd,Unf,3,900,Y,0,136,0,0,0,0,NA,0,WD,Normal,230000,12.345834587905333,VinylSd,Finished,Siding
30,RL,50.0,6305,NA,Reg,Inside,Crawfor,Norm,1Fam,1.0Story,5,7,1938,1950,Gable,None,0.0,TA,Gd,PConc,Fa,Fa,No,Unf,Unf,920,Ex,Y,SBrkr,954,0,0,954,0,0,1,0,2,1,Fa,5,Typ,1,Gd,Attchd,Unf,1,240,Y,0,0,0,0,0,0,Fence,0,WD,Normal,119750,11.693161515273161,MetalSd,Finished,Siding
20,RL,70.05,11500,NA,IR,CulDSac,Edwards,Norm,1Fam,1.0Story,4,3,1957,1957,Gable,None,0.0,TA,Gd,Oth,NA,NA,No,NA,NA,0,Ex,N,SBrkr,845,0,0,845,0,0,1,0,3,1,TA,5,Typ,0,NA,Detchd,Unf,1,290,N,186,0,0,0,0,0,NA,0,WD,Normal,84000,11.33857207782545,Wood,Finished,Siding
20,RL,89.0,12898,NA,IR,Inside,Timber,Norm,1Fam,1.0Story,9,5,2007,2008,Hip,Stone,70.0,Gd,Gd,PConc,Ex,TA,Gd,GLQ,Unf,1620,Ex,Y,SBrkr,1620,0,0,1620,1,0,2,0,2,1,Ex,6,Typ,1,Gd,Attchd,Fin,3,912,Y,228,0,0,0,0,0,NA,0,WD,Normal,315500,12.661913960963405,VinylSd,Finished,Siding
60,RL,70.05,9240,NA,Reg,Inside,CollgCr,Norm,1Fam,2.0Story,8,5,2001,2002,Gable,BrkFace,396.0,Gd,Gd,PConc,Gd,TA,No,Unf,Unf,1055,Ex,Y,SBrkr,1055,1208,0,2263,0,0,2,1,3,1,Gd,7,Typ,1,TA,Attchd,Fin,2,905,Y,0,45,0,0,189,0,NA,0,WD,Normal,287000,12.567237494741757,VinylSd,Finished,Siding
160,RM,21.0,1533,NA,Reg,Inside,MeadowV,Norm,Twnhs,2.0Story,4,6,1970,2008,Gable,None,0.0,TA,Gd,CBlock,TA,TA,No,Unf,Unf,546,TA,Y,SBrkr,798,546,0,1344,0,0,1,1,3,1,TA,6,Typ,1,TA,NA,NA,0,0,Y,0,0,0,0,0,0,NA,0,WD,Normal,97000,11.48246625748552,Other,Finished,Other
180,RM,21.0,1477,NA,Reg,Inside,MeadowV,Norm,Twnhs,SFoyer,4,4,1970,1970,Gable,None,0.0,TA,Gd,CBlock,Gd,TA,Av,GLQ,Unf,630,TA,Y,SBrkr,630,0,0,630,1,0,1,0,1,1,TA,3,Typ,0,NA,Attchd,Unf,1,286,Y,0,0,0,0,0,0,NA,0,WD,Normal,80000,11.289781913656018,Other,Finished,Other
20,RL,88.0,13125,NA,Reg,Corner,Sawyer,Norm,1Fam,1.0Story,5,4,1957,2000,Gable,BrkCmn,67.0,TA,Gd,CBlock,TA,TA,No,Rec,BLQ,1134,Ex,Y,SBrkr,1803,0,0,1803,1,0,2,0,3,1,TA,8,Atype,1,TA,Attchd,RFn,2,484,Y,0,0,0,0,0,0,Fence,0,WD,Normal,155000,11.951180395901384,Wood,Finished,Siding
60,RL,70.05,9130,NA,Reg,Inside,NWAmes,Feedr,1Fam,2.0Story,6,8,1966,2000,Hip,BrkFace,252.0,TA,Gd,CBlock,TA,TA,No,GLQ,Rec,800,Gd,Y,SBrkr,800,832,0,1632,0,1,1,1,4,1,Gd,7,Typ,0,NA,Attchd,Unf,2,484,Y,0,40,0,0,0,0,NA,0,WD,Normal,173000,12.061046873479915,HdBoard,Finished,Other
120,RL,34.0,5381,NA,IR,Inside,NridgHt,Norm,Twnhs,1.0Story,6,5,2005,2005,Gable,Stone,135.0,Gd,Gd,PConc,Gd,TA,Av,ALQ,Unf,1306,Ex,Y,SBrkr,1306,0,0,1306,1,0,2,0,1,1,Gd,5,Typ,1,Gd,Attchd,RFn,2,624,Y,170,63,0,0,0,0,NA,0,WD,Normal,196000,12.185869938212655,VinylSd,Finished,Siding
60,RL,86.0,11839,NA,Reg,Inside,SawyerW,Norm,1Fam,2.0Story,7,5,1990,1990,Hip,BrkFace,99.0,TA,Gd,PConc,Gd,TA,No,GLQ,Unf,1475,Ex,Y,SBrkr,1532,797,0,2329,1,0,2,1,4,1,Gd,10,Typ,1,Gd,Attchd,Unf,2,514,Y,192,121,0,0,0,0,NA,0,WD,Normal,262280,12.477167914377556,HdBoard,Finished,Other
20,RL,80.0,9600,NA,Reg,Inside,NWAmes,Pos,1Fam,1.0Story,8,5,1981,1981,Hip,None,0.0,Gd,Gd,PConc,Gd,TA,No,ALQ,Unf,2524,TA,Y,SBrkr,2524,0,0,2524,1,0,2,1,4,1,Gd,9,Typ,1,Gd,Attchd,Fin,2,542,Y,474,120,0,0,0,0,Fence,0,WD,Normal,278000,12.535376392672774,Other,Finished,Other
20,RL,70.05,13680,NA,IR,CulDSac,Edwards,Norm,1Fam,1.0Story,3,5,1955,1955,Hip,None,0.0,TA,Gd,Oth,NA,NA,No,NA,NA,0,Ex,Y,Fuse,1733,0,0,1733,0,0,2,0,4,1,TA,8,Atype,1,Gd,Attchd,Unf,2,452,Y,0,0,0,0,0,0,NA,0,WD,Normal,139600,11.84653646931041,Wood,Finished,Siding
60,RL,85.0,16056,NA,IR,Inside,StoneBr,Norm,1Fam,2.0Story,9,5,2005,2006,Hip,Stone,208.0,Gd,Gd,PConc,Ex,TA,Av,GLQ,Unf,1992,Ex,Y,SBrkr,1992,876,0,2868,0,0,3,1,4,1,Ex,11,Typ,1,Gd,Attchd,Fin,3,716,Y,214,108,0,0,0,0,NA,0,Oth,Partial,556581,13.229567991666638,Other,Finished,Other
20,RL,57.0,9245,NA,IR,Inside,CollgCr,Norm,1Fam,1.0Story,5,5,1994,1995,Gable,None,0.0,TA,Gd,PConc,Gd,TA,No,GLQ,Unf,990,Ex,Y,SBrkr,990,0,0,990,0,1,1,0,3,1,TA,5,Typ,0,NA,Detchd,Unf,2,672,Y,0,0,0,0,0,0,NA,0,WD,Normal,145000,11.884489021402711,VinylSd,Finished,Siding
20,RL,100.0,21750,NA,Reg,Inside,Mitchel,Norm,1Fam,1.0Story,5,4,1960,2006,Hip,BrkFace,75.0,TA,Fa,Oth,NA,NA,No,NA,NA,0,TA,Y,SBrkr,1771,0,0,1771,0,0,1,0,3,1,TA,9,Atype,1,TA,Attchd,Unf,2,336,Y,0,0,0,0,0,0,Fence,0,WD,Normal,115000,11.652687407345388,HdBoard,Finished,Other
20,RL,60.0,11100,NA,Reg,Inside,Edwards,Norm,1Fam,1.0Story,4,7,1946,2006,Gable,None,0.0,TA,Gd,CBlock,NA,NA,No,NA,NA,0,Ex,Y,SBrkr,930,0,0,930,0,0,1,0,2,1,Gd,6,Typ,0,NA,Detchd,Unf,1,308,Y,0,0,0,0,0,0,NA,0,WD,Abnorml,84900,11.349229372299439,MetalSd,Finished,Siding
20,RL,73.0,8993,NA,IR,Inside,Gilbert,Norm,1Fam,1.0Story,7,5,2007,2007,Gable,None,0.0,Gd,Gd,PConc,Gd,TA,Av,Unf,Unf,1302,Ex,Y,SBrkr,1302,0,0,1302,0,0,2,0,3,1,Gd,6,Typ,0,NA,Attchd,Fin,2,436,Y,0,22,0,0,0,0,NA,0,Oth,Partial,176485,12.080991165908294,VinylSd,Finished,Siding
20,RL,103.0,11175,NA,IR,Corner,CollgCr,Norm,1Fam,1.0Story,7,5,2007,2007,Gable,None,0.0,Gd,Gd,PConc,Gd,TA,Av,Unf,Unf,1316,Ex,Y,SBrkr,1316,0,0,1316,0,0,2,0,3,1,Gd,6,Typ,1,Gd,Attchd,Fin,2,440,Y,0,20,0,0,0,0,NA,0,Oth,Partial,200141,12.206777397134413,VinylSd,Finished,Siding
60,RL,100.0,9500,NA,Reg,Corner,NAmes,Artery,1Fam,2.0Story,6,6,1964,1978,Gable,BrkCmn,272.0,TA,Gd,CBlock,TA,TA,No,Rec,Unf,816,TA,Y,SBrkr,1127,850,0,1977,0,1,1,1,4,1,TA,9,Typ,1,TA,Attchd,RFn,2,540,Y,0,52,0,0,0,0,Fence,0,WD,Normal,165000,12.013700752882718,VinylSd,Finished,Siding
20,RL,68.0,8562,NA,Reg,Inside,Edwards,Norm,1Fam,1.0Story,5,6,1957,2002,Hip,Stone,145.0,TA,Gd,CBlock,TA,TA,Av,Rec,Unf,1216,Ex,Y,Fuse,1526,0,0,1526,0,0,1,0,4,1,TA,7,Atype,1,Gd,Attchd,Unf,1,364,Y,116,78,0,0,0,0,NA,0,WD,Normal,144500,11.881034786534624,HdBoard,Finished,Other
60,RL,90.0,11367,NA,Reg,Corner,CollgCr,Norm,1Fam,2.0Story,8,5,2002,2002,Gable,BrkFace,210.0,Gd,Gd,PConc,Gd,TA,Mn,GLQ,Unf,1065,Ex,Y,SBrkr,1091,898,0,1989,1,0,2,1,3,1,Gd,7,Typ,1,Gd,Attchd,Fin,2,586,Y,199,60,0,0,0,0,NA,0,WD,Normal,255000,12.449018824140563,VinylSd,Finished,Siding
20,RL,104.0,11361,NA,Reg,Inside,NWAmes,Norm,1Fam,1.0Story,6,5,1976,1976,Gable,BrkFace,160.0,TA,Gd,CBlock,Gd,TA,No,ALQ,Unf,1193,TA,Y,SBrkr,1523,0,0,1523,0,1,2,0,3,1,TA,7,Typ,1,TA,Attchd,Fin,2,478,Y,0,0,0,0,189,0,Fence,0,Oth,Abnorml,180000,12.100712129872347,Plywood,Finished,Other
120,RL,43.0,7052,NA,IR,Inside,NridgHt,Norm,Twnhs,1.0Story,7,5,2005,2005,Gable,Stone,240.0,Gd,Gd,PConc,Gd,TA,Av,GLQ,Unf,1364,Ex,Y,SBrkr,1364,0,0,1364,1,0,2,0,2,1,Gd,6,Typ,1,Gd,Attchd,RFn,2,484,Y,192,36,0,0,0,0,NA,0,WD,Normal,185850,12.132695175725399,VinylSd,Finished,Siding
60,RL,70.05,29959,NA,IR,FR2,NoRidge,Norm,1Fam,2.0Story,7,6,1994,1994,Gable,None,0.0,Gd,Gd,PConc,Gd,TA,No,GLQ,Unf,973,Ex,Y,SBrkr,979,871,0,1850,0,0,2,1,3,1,Gd,7,Typ,1,Gd,Attchd,Fin,2,467,Y,168,98,0,0,0,0,NA,0,WD,Normal,248000,12.421184025147118,HdBoard,Finished,Other
60,RL,96.0,11308,NA,IR,Inside,NridgHt,Norm,1Fam,2.0Story,9,5,2008,2008,Gable,Stone,154.0,Ex,Gd,PConc,Ex,TA,Av,GLQ,Unf,1104,Ex,Y,SBrkr,1130,1054,0,2184,1,0,2,1,3,1,Ex,10,Typ,1,Gd,Attchd,Fin,3,836,Y,0,102,0,0,0,0,NA,0,WD,Normal,335000,12.721885810807203,VinylSd,Finished,Siding
50,RL,70.05,11275,NA,IR,Corner,Crawfor,Norm,1Fam,1.5Story,6,7,1932,1950,Gable,BrkFace,480.0,TA,Gd,CBlock,TA,TA,Mn,Rec,LwQ,854,TA,Y,SBrkr,1096,895,0,1991,0,0,1,1,3,1,TA,7,Typ,1,Gd,Detchd,Unf,2,432,Y,0,0,19,0,0,0,NA,0,WD,Normal,220000,12.301382825334498,MetalSd,Finished,Siding
120,RL,41.0,4920,NA,Reg,Inside,StoneBr,Norm,Twnhs,1.0Story,8,5,2001,2001,Gable,None,0.0,Gd,Gd,PConc,Gd,TA,Mn,GLQ,Unf,1338,Ex,Y,SBrkr,1338,0,0,1338,1,0,2,0,2,1,Gd,6,Typ,0,NA,Attchd,Fin,2,582,Y,0,0,170,0,0,0,NA,0,WD,Normal,213500,12.271392111650817,Other,Finished,Other
30,C (all),120.0,18000,NA,Reg,Inside,IDOTRR,Norm,1Fam,1.0Story,3,4,1935,1950,Gable,None,0.0,Fa,Gd,CBlock,TA,TA,No,Unf,Unf,894,TA,Y,SBrkr,894,0,0,894,0,0,1,0,2,1,TA,6,Typ,0,NA,Detchd,RFn,3,1248,Y,0,20,0,0,0,0,NA,560,Oth,Normal,81000,11.302204433654575,MetalSd,Finished,Siding
190,RM,85.0,13600,Grvl,Reg,Inside,OldTown,Norm,Oth,2.0Story,5,5,1900,1950,Gable,None,0.0,TA,Gd,BrkTil,TA,TA,No,Unf,Unf,662,TA,N,SBrkr,1422,915,0,2337,0,0,2,0,5,2,TA,10,Atype,0,NA,Detchd,Unf,2,560,Y,0,57,0,0,0,0,NA,0,WD,Normal,90000,11.407564949312402,Wood,Finished,Siding
30,RM,50.0,6000,NA,Reg,Inside,OldTown,Artery,1Fam,1.0Story,6,6,1925,1980,Gable,None,0.0,TA,Gd,BrkTil,TA,TA,No,BLQ,Unf,1103,Gd,Y,SBrkr,1103,0,0,1103,0,0,1,0,2,1,Gd,5,Typ,1,Gd,Detchd,Unf,2,440,Y,166,120,0,0,0,0,Fence,0,WD,Normal,110500,11.612770799939945,MetalSd,Finished,Siding
20,RL,70.05,11000,NA,IR,CulDSac,NAmes,Norm,1Fam,1.0Story,5,6,1966,1966,Gable,BrkFace,200.0,TA,Gd,CBlock,TA,TA,Mn,BLQ,Rec,1154,Ex,Y,SBrkr,1154,0,0,1154,0,0,1,1,3,1,TA,6,Typ,1,Po,Attchd,RFn,2,480,Y,0,58,0,0,0,0,Fence,0,WD,Normal,154000,11.944707881395766,Plywood,Finished,Other
60,RL,80.0,14000,NA,Reg,Inside,ClearCr,Norm,1Fam,2.0Story,7,5,1996,1997,Gable,None,0.0,Gd,Gd,PConc,Ex,TA,Gd,GLQ,Unf,1306,Ex,Y,SBrkr,1306,954,0,2260,1,0,2,1,3,1,Gd,7,Typ,0,NA,Attchd,RFn,2,533,Y,296,44,0,0,0,0,NA,0,WD,Normal,328000,12.70076888736628,Wood,Finished,Siding
60,RL,59.0,7837,NA,IR,Inside,Gilbert,Norm,1Fam,2.0Story,6,7,1993,1994,Gable,None,0.0,Gd,Gd,PConc,Gd,TA,No,Unf,Unf,799,Gd,Y,SBrkr,799,772,0,1571,0,0,2,1,3,1,TA,7,Typ,1,TA,Attchd,RFn,2,380,Y,0,40,0,0,0,0,NA,0,WD,Normal,178000,12.089538829274222,VinylSd,Finished,Siding
60,RL,80.0,9760,NA,Reg,Inside,NAmes,Norm,1Fam,2.0Story,6,6,1964,1964,Gable,BrkFace,360.0,TA,Gd,CBlock,TA,TA,Gd,GLQ,LwQ,780,TA,Y,SBrkr,798,813,0,1611,1,0,1,1,4,1,TA,7,Typ,0,NA,Attchd,RFn,2,442,Y,328,128,0,0,189,0,NA,0,WD,Normal,167900,12.031123843065632,HdBoard,Finished,Other
160,RM,42.0,3964,NA,Reg,Inside,MeadowV,Norm,Twnhs,2.0Story,6,4,1973,1973,Gable,None,0.0,TA,Gd,CBlock,Gd,TA,No,ALQ,Unf,942,Gd,Y,SBrkr,1291,1230,0,2521,1,0,2,1,5,1,TA,10,Atype,1,Gd,Attchd,Fin,2,576,Y,728,20,0,0,0,0,Fence,0,WD,Normal,151400,11.927680619985486,Other,Finished,Other
45,RL,60.0,9600,NA,Reg,Inside,NAmes,Norm,1Fam,1.5Story,5,7,1949,2003,Gable,None,0.0,TA,Gd,CBlock,TA,TA,No,ALQ,Unf,845,TA,Y,SBrkr,893,0,0,893,0,1,1,0,2,1,Gd,4,Typ,0,NA,Detchd,Unf,2,576,Y,0,0,0,0,0,0,NA,0,WD,Normal,135000,11.813030057420567,MetalSd,Unfinished,Siding
20,RL,72.0,10152,NA,Reg,Inside,NAmes,Norm,1Fam,1.0Story,5,5,1956,1956,Hip,BrkFace,120.0,TA,Gd,CBlock,TA,TA,No,BLQ,Unf,1048,TA,Y,SBrkr,1048,0,0,1048,1,0,1,0,3,1,TA,6,Typ,0,NA,Attchd,Unf,1,286,Y,0,20,0,0,192,0,NA,0,WD,Normal,135000,11.813030057420567,MetalSd,Finished,Siding
60,RL,78.0,11700,NA,Reg,Inside,NWAmes,NRR,1Fam,2.0Story,6,6,1968,1968,Gable,None,0.0,TA,Gd,CBlock,TA,TA,No,Rec,Unf,727,Ex,Y,SBrkr,829,727,0,1556,0,0,1,1,4,1,TA,8,Typ,0,NA,Attchd,Unf,2,441,Y,0,0,0,0,0,0,NA,0,WD,Normal,154000,11.944707881395766,MetalSd,Finished,Siding
50,RL,50.0,7585,NA,Reg,Inside,Edwards,Artery,1Fam,1.5Story,5,3,1948,1950,Gable,None,0.0,TA,Gd,CBlock,Fa,Fa,Mn,Unf,Unf,810,Fa,Y,Fuse,1002,454,0,1456,1,1,1,0,4,1,TA,7,Typ,1,TA,Detchd,Unf,1,280,N,0,0,0,0,0,0,NA,0,WD,Normal,91500,11.424094251263613,MetalSd,Finished,Siding
60,RL,75.0,7950,NA,IR,Corner,Edwards,Norm,1Fam,2.0Story,6,6,1977,1977,Hip,BrkFace,140.0,TA,Gd,CBlock,TA,TA,No,BLQ,Unf,690,TA,Y,SBrkr,698,728,0,1426,0,0,1,1,3,1,TA,6,Typ,0,NA,Attchd,Fin,2,440,Y,252,0,0,0,0,0,Fence,0,WD,Normal,159500,11.979799201207037,Plywood,Finished,Other
20,RL,74.0,8556,NA,Reg,Inside,CollgCr,Norm,1Fam,1.0Story,7,5,2006,2006,Gable,None,0.0,Gd,Gd,PConc,Gd,TA,Av,Unf,Unf,1240,Ex,Y,SBrkr,1240,0,0,1240,0,0,2,0,2,1,Gd,5,Typ,0,NA,Attchd,RFn,3,826,Y,140,93,0,0,0,0,NA,0,WD,Normal,194000,12.175613438045465,VinylSd,Finished,Siding
70,RL,75.0,13125,NA,Reg,Inside,Crawfor,Norm,1Fam,2.0Story,7,6,1940,1984,Gable,None,0.0,TA,Gd,CBlock,TA,TA,No,BLQ,Unf,800,TA,Y,SBrkr,960,780,0,1740,0,0,1,1,3,1,TA,6,Typ,2,Gd,Attchd,Unf,1,240,Y,0,0,0,0,0,0,NA,0,WD,Normal,219500,12.299107511497363,Wood,Finished,Siding
50,RL,60.0,10800,Grvl,Reg,Inside,OldTown,Norm,1Fam,1.5Story,5,8,1936,1989,Gable,None,0.0,TA,Gd,CBlock,Fa,TA,No,ALQ,Unf,796,Gd,Y,SBrkr,1096,370,0,1466,0,1,2,0,3,1,Gd,7,Atype,1,TA,Attchd,Unf,2,566,Y,436,21,0,0,0,0,NA,500,WD,Normal,170000,12.043553716032399,Wood,Finished,Siding
20,RL,70.05,15870,NA,IR,Corner,NAmes,Norm,1Fam,1.0Story,5,5,1969,1969,Gable,None,0.0,TA,Gd,CBlock,TA,TA,Mn,BLQ,Rec,1096,Ex,Y,SBrkr,1096,0,0,1096,1,0,1,0,3,1,TA,6,Typ,0,NA,Attchd,Fin,1,299,Y,240,32,0,0,0,0,NA,0,WD,Abnorml,138800,11.840789327054841,Plywood,Finished,Other
120,RM,37.0,4435,NA,Reg,Inside,CollgCr,Norm,Twnhs,1.0Story,6,5,2004,2004,Gable,BrkFace,169.0,Gd,Gd,PConc,Gd,TA,Mn,GLQ,Unf,848,Ex,Y,SBrkr,848,0,0,848,1,0,1,0,1,1,Gd,3,Typ,1,Gd,Attchd,RFn,2,420,Y,140,0,0,0,0,0,NA,0,WD,Normal,155900,11.956970055045868,VinylSd,Finished,Siding
20,RL,65.0,8775,NA,Reg,Inside,CollgCr,Norm,1Fam,1.0Story,5,5,1994,1994,Gable,None,0.0,TA,Gd,PConc,Gd,TA,No,GLQ,Unf,990,Gd,Y,SBrkr,990,0,0,990,0,0,1,0,3,1,TA,5,Typ,0,NA,Attchd,Unf,1,299,Y,0,64,0,0,0,0,NA,0,WD,Normal,126000,11.744037185933616,VinylSd,Finished,Siding
20,RL,80.0,11040,NA,Reg,Inside,NWAmes,Norm,1Fam,1.0Story,6,7,1971,2004,Gable,BrkFace,144.0,Gd,Gd,CBlock,TA,TA,No,ALQ,Unf,1258,Ex,Y,SBrkr,1258,0,0,1258,0,1,2,0,3,1,Gd,5,Typ,0,NA,Attchd,RFn,2,528,Y,55,0,0,216,0,0,NA,0,Oth,Abnorml,145000,11.884489021402711,VinylSd,Finished,Siding
20,RL,75.0,7500,NA,Reg,Corner,Sawyer,Feedr,1Fam,1.0Story,5,5,1963,1963,Gable,None,0.0,TA,Gd,CBlock,TA,TA,No,ALQ,Unf,1040,Fa,Y,SBrkr,1040,0,0,1040,1,0,1,1,3,1,TA,5,Typ,0,NA,Attchd,Fin,1,308,Y,0,0,220,0,0,0,Fence,0,WD,Normal,133000,11.79810440720389,HdBoard,Finished,Other
20,RL,70.0,8749,NA,Reg,Inside,CollgCr,Norm,1Fam,1.0Story,7,5,2002,2002,Gable,BrkFace,100.0,Gd,Gd,PConc,Gd,TA,No,Unf,Unf,1459,Ex,Y,SBrkr,1459,0,0,1459,0,0,2,0,3,1,Gd,6,Typ,1,Gd,Attchd,RFn,2,527,Y,192,39,0,0,0,0,NA,0,WD,Normal,192000,12.165250651009918,VinylSd,Finished,Siding
20,RL,80.0,8800,NA,Reg,Inside,NAmes,Norm,1Fam,1.0Story,6,6,1964,1964,Hip,BrkFace,425.0,TA,Gd,CBlock,TA,TA,No,BLQ,Unf,1251,TA,Y,SBrkr,1251,0,0,1251,1,0,1,0,3,1,TA,6,Typ,2,Gd,Attchd,RFn,1,461,Y,0,116,0,0,0,0,Fence,700,WD,Normal,160000,11.982929094215963,HdBoard,Finished,Other
60,RL,70.05,13031,NA,IR,Corner,Gilbert,Norm,1Fam,2.0Story,6,5,1995,1996,Gable,None,0.0,TA,Gd,PConc,Gd,TA,No,ALQ,Unf,691,Gd,Y,SBrkr,691,807,0,1498,0,0,2,1,3,1,TA,6,Typ,1,TA,Attchd,Fin,2,409,Y,315,44,0,0,0,0,NA,0,WD,Normal,187500,12.141534124392603,HdBoard,Finished,Other
85,RL,73.0,9069,NA,Reg,Inside,SawyerW,Norm,1Fam,SFoyer,6,6,1992,1992,Gable,None,0.0,TA,Gd,PConc,Gd,TA,Av,GLQ,Unf,936,Ex,Y,SBrkr,996,0,0,996,1,0,1,0,2,1,Gd,5,Typ,0,NA,Attchd,Unf,2,564,Y,120,0,0,0,0,0,NA,0,WD,Normal,147000,11.898187865760873,HdBoard,Finished,Other
160,RM,70.05,1974,NA,Reg,Inside,MeadowV,Norm,Twnhs,2.0Story,4,5,1973,1973,Gable,None,0.0,TA,Gd,CBlock,TA,TA,No,BLQ,Unf,546,TA,Y,SBrkr,546,546,0,1092,0,0,1,1,3,1,TA,6,Typ,0,NA,Attchd,RFn,1,286,Y,120,96,0,0,0,0,NA,0,WD,Normal,83500,11.332601910838946,Other,Finished,Other
60,FV,85.0,10574,NA,Reg,Inside,Somerst,Norm,1Fam,2.0Story,8,5,2005,2006,Gable,None,0.0,Gd,Gd,PConc,Gd,TA,Mn,Unf,Unf,1082,Ex,Y,SBrkr,1082,871,0,1953,0,0,2,1,3,1,Gd,9,Typ,1,Gd,Attchd,RFn,3,1043,Y,160,50,0,0,0,0,NA,0,WD,Normal,252000,12.437184366493561,VinylSd,Finished,Siding
160,RM,24.0,2522,NA,Reg,Inside,Edwards,Norm,Twnhs,2.0Story,7,5,2004,2004,Gable,Stone,50.0,Gd,Gd,PConc,Gd,TA,No,Unf,Unf,970,Ex,Y,SBrkr,970,739,0,1709,0,0,2,0,3,1,Gd,7,Atype,0,NA,Detchd,Unf,2,380,Y,0,40,0,0,0,0,NA,0,WD,Normal,137500,11.831379196088763,VinylSd,Finished,Siding
120,FV,37.0,3316,Pave,IR,Inside,Somerst,Norm,Twnhs,1.0Story,8,5,2005,2005,Gable,None,0.0,Gd,Gd,PConc,Gd,TA,No,GLQ,Unf,1247,Ex,Y,SBrkr,1247,0,0,1247,1,0,1,1,1,1,Gd,4,Typ,1,Gd,Attchd,Fin,2,550,Y,0,84,0,0,0,0,NA,0,WD,Normal,197000,12.190959007720126,MetalSd,Finished,Siding
90,RL,60.0,8544,NA,Reg,Corner,NAmes,Norm,Oth,1.0Story,3,4,1950,1950,Gable,None,0.0,TA,Gd,Oth,NA,NA,No,NA,NA,0,Fa,N,Fuse,1040,0,0,1040,0,0,2,0,2,2,TA,6,Typ,0,NA,Detchd,Unf,2,400,Y,0,0,0,0,0,0,NA,0,WD,Normal,92900,11.439278924801929,Other,Finished,Other
160,FV,24.0,2160,Pave,Reg,Inside,Somerst,Norm,Twnhs,2.0Story,7,5,1999,2000,Gable,BrkFace,212.0,Gd,Gd,PConc,Gd,TA,No,BLQ,Unf,600,Ex,Y,SBrkr,624,628,0,1252,1,0,2,1,2,1,Gd,4,Typ,0,NA,Detchd,Unf,2,462,Y,0,48,0,0,0,0,NA,0,WD,Normal,160000,11.982929094215963,MetalSd,Finished,Siding
50,RL,60.0,8400,NA,Reg,Inside,SWISU,Norm,1Fam,1.5Story,6,5,1925,1950,Gable,None,0.0,TA,Gd,PConc,TA,TA,No,Rec,Unf,1181,Fa,Y,SBrkr,1390,304,0,1694,0,0,2,0,4,1,TA,7,Typ,1,Gd,Detchd,Unf,2,576,Y,342,0,128,0,0,0,NA,0,WD,Normal,136500,11.824079893607152,MetalSd,Finished,Siding
20,RL,71.0,9230,NA,Reg,Corner,NAmes,Feedr,1Fam,1.0Story,5,8,1965,1998,Hip,BrkFace,166.0,TA,Gd,CBlock,TA,TA,Mn,GLQ,Unf,864,Gd,Y,SBrkr,1200,0,0,1200,1,0,1,1,1,1,Gd,6,Typ,0,NA,Detchd,Unf,2,884,Y,0,64,0,0,0,0,Fence,0,WD,Normal,146000,11.891361900690473,MetalSd,Finished,Siding
20,RL,74.0,5868,NA,Reg,Inside,NAmes,Norm,1Fam,1.0Story,5,7,1956,2000,Gable,None,0.0,TA,Gd,CBlock,TA,TA,No,BLQ,Rec,936,Ex,Y,SBrkr,936,0,0,936,1,0,1,0,2,1,TA,4,Typ,0,NA,Attchd,Fin,1,308,Y,0,0,80,0,160,0,NA,0,WD,Normal,129000,11.76756768334381,MetalSd,Finished,Siding
20,RL,78.0,9317,NA,IR,Inside,CollgCr,Norm,1Fam,1.0Story,6,5,2006,2006,Gable,None,0.0,Gd,Gd,PConc,Gd,TA,No,GLQ,Unf,1314,Gd,Y,SBrkr,1314,0,0,1314,0,0,2,0,3,1,Gd,6,Typ,1,Gd,Attchd,RFn,2,440,Y,0,22,0,0,0,0,NA,0,WD,Normal,176432,12.08069081199846,VinylSd,Finished,Siding
70,RM,60.0,6882,NA,Reg,Inside,IDOTRR,Norm,1Fam,2.0Story,6,7,1914,2006,Gable,None,0.0,TA,Gd,PConc,TA,TA,No,Unf,Unf,684,TA,Y,SBrkr,773,582,0,1355,0,0,1,1,3,1,Gd,7,Typ,0,NA,NA,NA,0,0,Y,136,0,115,0,0,0,NA,0,WD,Normal,127000,11.751942365440728,Wood,Finished,Siding
120,RL,70.05,3696,NA,Reg,Inside,StoneBr,Norm,Twnhs,1.0Story,8,5,1986,1986,Gable,None,0.0,Gd,Gd,CBlock,Gd,TA,No,Unf,Unf,1074,Ex,Y,SBrkr,1088,0,0,1088,0,0,1,1,2,1,Gd,5,Typ,0,NA,Attchd,RFn,2,461,Y,0,74,137,0,0,0,NA,0,WD,Normal,170000,12.043553716032399,HdBoard,Finished,Other
50,RM,50.0,6000,NA,Reg,Inside,BrkSide,Norm,1Fam,1.5Story,4,6,1936,1950,Gable,None,0.0,TA,Gd,BrkTil,TA,TA,No,BLQ,Unf,672,TA,Y,SBrkr,757,567,0,1324,0,0,1,0,3,1,TA,6,Typ,0,NA,Detchd,Unf,1,240,Y,0,0,0,0,0,0,NA,0,WD,Normal,128000,11.759785542901755,MetalSd,Finished,Siding
20,RL,82.0,11880,NA,IR,Inside,NWAmes,NRR,1Fam,1.0Story,7,5,1978,1978,Gable,BrkFace,206.0,TA,Gd,CBlock,Gd,TA,No,ALQ,Unf,1271,TA,Y,SBrkr,1601,0,0,1601,0,0,2,0,3,1,TA,7,Typ,1,TA,Attchd,RFn,2,478,Y,0,0,0,0,0,0,NA,0,Oth,Abnorml,157000,11.964001084330445,Plywood,Finished,Other
30,RL,60.0,8400,NA,Reg,Inside,SWISU,Norm,1Fam,1.0Story,2,5,1920,1950,Gable,None,0.0,TA,Gd,CBlock,TA,Fa,No,Rec,Unf,290,TA,N,Fuse,438,0,0,438,0,0,1,0,1,1,Fa,3,Typ,0,NA,Detchd,Unf,1,246,N,0,0,0,0,0,0,NA,0,WD,Normal,60000,11.002099841204238,Wood,Finished,Siding
20,RL,61.0,9758,NA,IR,Inside,NAmes,Norm,1Fam,1.0Story,5,5,1971,1971,Gable,None,0.0,TA,Gd,CBlock,TA,TA,No,BLQ,LwQ,950,TA,Y,SBrkr,950,0,0,950,0,0,1,0,3,1,TA,5,Typ,0,NA,Detchd,Unf,1,280,Y,0,0,0,0,0,0,NA,0,WD,Normal,119500,11.691071650353702,MetalSd,Finished,Siding
20,RL,70.0,7000,NA,Reg,Inside,NAmes,Norm,1Fam,1.0Story,5,7,1960,2002,Gable,BrkFace,45.0,TA,Gd,CBlock,TA,TA,No,Rec,Unf,1010,Ex,Y,SBrkr,1134,0,0,1134,0,0,1,0,2,1,TA,6,Typ,0,NA,Attchd,RFn,1,254,Y,0,16,0,0,0,0,Fence,0,WD,Abnorml,135000,11.813030057420567,Wood,Finished,Siding
20,RL,79.0,8910,NA,Reg,Corner,NAmes,Norm,1Fam,1.0Story,6,6,1959,1959,Hip,None,0.0,TA,Gd,CBlock,TA,TA,Mn,ALQ,Unf,655,Ex,Y,SBrkr,1194,0,0,1194,0,1,1,0,3,1,TA,6,Typ,1,Po,Attchd,Fin,2,539,Y,0,0,192,0,0,0,NA,0,WD,Normal,159500,11.979799201207037,Other,Finished,Other
160,RM,24.0,2016,NA,Reg,Inside,BrDale,Norm,Twnhs,2.0Story,5,5,1970,1970,Gable,BrkFace,304.0,TA,Gd,CBlock,TA,TA,No,Unf,Unf,630,TA,Y,SBrkr,630,672,0,1302,0,0,2,1,3,1,TA,6,Typ,0,NA,Detchd,Unf,2,440,Y,0,0,0,0,0,0,NA,0,WD,Normal,106000,11.571194373094205,HdBoard,Finished,Other
60,RL,98.0,12256,NA,IR,Corner,NoRidge,Norm,1Fam,2.0Story,8,5,1994,1995,Gable,BrkFace,362.0,Gd,Gd,PConc,Ex,TA,Av,GLQ,Unf,1463,Ex,Y,SBrkr,1500,1122,0,2622,1,0,2,1,3,1,Gd,9,Typ,2,TA,Attchd,RFn,2,712,Y,186,32,0,0,0,0,NA,0,WD,Normal,325000,12.691580461311874,HdBoard,Finished,Other
20,RL,114.0,10357,NA,IR,Corner,SawyerW,Feedr,1Fam,1.0Story,7,5,1990,1991,Hip,None,0.0,Gd,Gd,PConc,Gd,TA,Mn,GLQ,Unf,910,Gd,Y,SBrkr,1442,0,0,1442,1,0,2,0,3,1,Gd,6,Typ,1,TA,Attchd,Fin,2,719,Y,0,244,0,0,0,0,NA,0,WD,Normal,179900,12.100156419938624,HdBoard,Finished,Other
60,RL,168.0,23257,NA,IR,CulDSac,Gilbert,Norm,1Fam,2.0Story,7,5,2006,2006,Gable,None,0.0,Gd,Gd,PConc,Ex,Gd,No,Unf,Unf,868,Ex,Y,SBrkr,887,1134,0,2021,0,0,2,1,3,1,Gd,9,Typ,1,Gd,Attchd,RFn,2,422,Y,0,100,0,0,0,0,NA,0,Oth,Partial,274725,12.523525876315125,VinylSd,Finished,Siding
60,RL,70.05,8063,NA,Reg,Inside,Gilbert,Norm,1Fam,2.0Story,6,5,2000,2000,Gable,None,0.0,TA,Gd,PConc,Gd,TA,No,Unf,Unf,924,Ex,Y,SBrkr,948,742,0,1690,0,0,2,1,3,1,TA,7,Typ,1,TA,Attchd,RFn,2,463,Y,100,48,0,0,0,0,NA,0,WD,Abnorml,181000,12.106252310247962,VinylSd,Finished,Siding
20,RL,107.0,11362,NA,IR,Inside,NridgHt,Norm,1Fam,1.0Story,8,5,2004,2005,Gable,Stone,42.0,Gd,Gd,PConc,Ex,TA,Mn,GLQ,Unf,1836,Ex,Y,SBrkr,1836,0,0,1836,1,0,2,0,3,1,Gd,7,Typ,1,Gd,Attchd,Fin,3,862,Y,125,185,0,0,0,0,NA,0,WD,Normal,280000,12.542544882151386,MetalSd,Finished,Siding
60,RL,70.05,8000,NA,Reg,Inside,Gilbert,Norm,1Fam,2.0Story,6,5,1995,1996,Gable,None,0.0,TA,Gd,PConc,Gd,TA,No,GLQ,Unf,773,Gd,Y,SBrkr,773,885,0,1658,1,0,2,1,3,1,TA,8,Typ,1,TA,Attchd,Fin,2,431,Y,224,84,0,0,0,0,NA,0,WD,Normal,188000,12.144197241812087,HdBoard,Finished,Other
60,RL,80.0,10480,NA,Reg,Inside,NWAmes,Norm,1Fam,2.0Story,7,6,1976,1976,Hip,BrkFace,660.0,TA,Gd,CBlock,TA,TA,No,ALQ,Unf,803,TA,Y,SBrkr,1098,866,0,1964,0,0,2,1,4,1,TA,8,Typ,1,Gd,Attchd,RFn,2,483,Y,0,69,0,0,0,0,NA,0,WD,Normal,205000,12.230765258120545,Plywood,Finished,Other
20,RL,73.0,7100,NA,IR,Corner,NAmes,Norm,1Fam,1.0Story,5,7,1957,1957,Gable,None,0.0,TA,Gd,CBlock,TA,TA,No,GLQ,Unf,816,TA,Y,Fuse,816,0,0,816,1,0,1,0,2,1,TA,5,Typ,0,NA,Detchd,Unf,1,308,Y,0,0,0,0,0,0,NA,0,WD,Normal,129900,11.77452020265869,Wood,Finished,Shingle
20,RL,66.0,8923,NA,Reg,Inside,NAmes,Norm,1Fam,1.0Story,5,7,1953,2006,Gable,None,0.0,TA,Gd,CBlock,TA,TA,No,BLQ,Unf,1008,Gd,Y,SBrkr,1008,0,0,1008,1,0,1,0,2,1,Gd,6,Typ,0,NA,Attchd,Unf,1,240,Y,0,18,0,0,0,0,NA,0,WD,Normal,134500,11.809319478024031,Wood,Finished,Siding
20,RL,90.0,5400,NA,Reg,Inside,OldTown,Norm,1Fam,1.0Story,5,7,1954,2000,Gable,None,0.0,TA,Gd,CBlock,TA,TA,No,Rec,Unf,833,Ex,Y,SBrkr,833,0,0,833,0,0,1,0,2,1,Gd,4,Typ,0,NA,Detchd,Unf,1,326,Y,0,0,0,0,0,0,Fence,0,WD,Normal,117000,11.669929213779893,MetalSd,Finished,Siding
20,RL,93.0,12085,NA,Reg,Inside,NridgHt,Norm,1Fam,1.0Story,8,5,2007,2007,Hip,Stone,328.0,Gd,Gd,PConc,Ex,TA,No,GLQ,Unf,1734,Ex,Y,SBrkr,1734,0,0,1734,1,0,2,0,3,1,Ex,7,Typ,1,Gd,Attchd,RFn,3,928,Y,0,0,0,0,0,0,NA,0,Oth,Partial,318000,12.669806661762314,VinylSd,Finished,Siding
80,RL,70.05,7750,NA,Reg,Inside,Gilbert,Norm,1Fam,SLvl,8,5,2002,2002,Hip,None,0.0,Gd,Gd,PConc,Gd,TA,No,GLQ,Unf,408,Ex,Y,SBrkr,779,640,0,1419,1,0,2,1,3,1,Gd,7,Typ,1,TA,Attchd,Fin,2,527,Y,120,0,0,0,0,0,NA,0,WD,Normal,184100,12.123234367221169,VinylSd,Finished,Siding
20,RL,57.0,9764,NA,IR,FR2,Sawyer,Feedr,1Fam,1.0Story,5,7,1967,2003,Gable,None,0.0,TA,Gd,CBlock,TA,TA,No,BLQ,Unf,894,Ex,Y,SBrkr,894,0,0,894,1,0,1,0,3,1,Gd,5,Typ,0,NA,Attchd,RFn,2,450,Y,0,0,0,0,0,0,NA,0,WD,Normal,130000,11.77528972943772,VinylSd,Finished,Siding
80,RL,85.0,13825,NA,Reg,Inside,Sawyer,Norm,1Fam,SLvl,5,6,1958,1987,Gable,None,0.0,TA,Gd,CBlock,TA,TA,No,Unf,Unf,533,TA,Y,SBrkr,1021,580,0,1601,0,1,1,0,3,1,TA,6,Atype,0,NA,Attchd,RFn,1,300,Y,280,34,0,0,0,0,NA,0,WD,Normal,140000,11.84939770159144,MetalSd,Finished,Siding
20,RL,70.0,7560,NA,Reg,Inside,NAmes,Norm,1Fam,1.0Story,5,5,1959,1959,Gable,None,0.0,TA,Gd,CBlock,TA,TA,No,LwQ,Unf,1040,TA,Y,Fuse,1040,0,0,1040,0,0,1,0,3,1,TA,6,Typ,0,NA,Attchd,RFn,1,286,Y,140,0,252,0,0,0,Fence,0,WD,Normal,133700,11.803353763090035,Wood,Finished,Siding
30,RM,59.0,8263,NA,Reg,Inside,IDOTRR,Norm,1Fam,1.0Story,6,5,1920,1950,Gable,None,0.0,TA,Gd,BrkTil,TA,TA,No,Unf,Unf,1012,TA,Y,Fuse,1012,0,0,1012,0,0,1,0,2,1,TA,6,Typ,1,Gd,Detchd,Unf,1,308,Y,0,22,112,0,0,0,Fence,0,WD,Normal,118400,11.681824001432043,Other,Finished,Other
20,RL,84.0,10084,NA,Reg,Inside,CollgCr,Norm,1Fam,1.0Story,7,5,2005,2006,Gable,BrkFace,196.0,Gd,Gd,PConc,Gd,TA,Av,GLQ,Unf,1552,Ex,Y,SBrkr,1552,0,0,1552,0,0,2,0,3,1,Gd,7,Typ,0,NA,Attchd,RFn,3,782,Y,144,20,0,0,0,0,NA,0,Oth,Partial,212900,12.26857785088157,VinylSd,Finished,Siding
20,RL,70.05,8926,NA,IR,Corner,Edwards,Norm,1Fam,1.0Story,4,3,1956,1956,Gable,None,0.0,TA,Gd,CBlock,TA,TA,No,Unf,Unf,672,Ex,Y,Fuse,960,0,0,960,0,0,1,0,3,1,TA,5,Typ,0,NA,Attchd,Unf,1,288,Y,64,0,0,0,160,0,Fence,0,Oth,Abnorml,112000,11.626254150277232,Other,Finished,Shingle
20,RL,50.0,9405,NA,Reg,Inside,Edwards,Norm,1Fam,1.0Story,5,9,1947,2008,Hip,None,0.0,TA,Gd,CBlock,TA,TA,No,Unf,Unf,698,Ex,Y,SBrkr,698,0,0,698,0,1,1,0,2,1,TA,4,Typ,0,NA,NA,NA,0,0,Y,0,200,0,0,0,0,NA,0,WD,Normal,118000,11.678439903447801,VinylSd,Finished,Siding
80,RL,70.05,9125,NA,IR,Inside,Gilbert,Norm,1Fam,SLvl,7,5,1992,1992,Gable,BrkFace,170.0,TA,Gd,PConc,Gd,TA,No,Unf,Unf,384,Gd,Y,SBrkr,812,670,0,1482,0,0,2,1,3,1,Gd,7,Typ,1,TA,Attchd,Fin,2,392,Y,100,25,0,0,0,0,NA,0,WD,Normal,163900,12.00701176473192,HdBoard,Finished,Other
20,RL,60.0,10434,NA,Reg,Inside,NAmes,Norm,1Fam,1.0Story,4,5,1955,1955,Gable,None,0.0,TA,Gd,CBlock,TA,TA,No,Unf,Unf,1005,TA,Y,SBrkr,1005,0,0,1005,0,0,1,0,2,1,Fa,5,Typ,1,TA,Detchd,Unf,2,672,Y,0,0,0,0,0,0,NA,0,WD,Normal,115000,11.652687407345388,Plywood,Finished,Other
120,RL,53.0,3684,NA,Reg,Inside,Blmngtn,Norm,Twnhs,1.0Story,7,5,2007,2007,Hip,BrkFace,130.0,Gd,Gd,PConc,Gd,TA,No,Unf,Unf,1373,Ex,Y,SBrkr,1555,0,0,1555,0,0,2,0,2,1,Gd,7,Typ,1,TA,Attchd,Fin,3,660,Y,143,20,0,0,0,0,NA,0,WD,Normal,174000,12.066810578196666,VinylSd,Finished,Siding
20,RL,182.0,14572,NA,IR,Corner,Gilbert,Norm,1Fam,1.0Story,7,5,2004,2004,Hip,None,0.0,Gd,Gd,PConc,Gd,TA,Av,GLQ,Unf,1530,Ex,Y,SBrkr,1530,0,0,1530,1,0,2,0,3,1,Gd,7,Typ,1,Gd,Attchd,Fin,3,630,Y,144,36,0,0,0,0,NA,0,WD,Abnorml,259000,12.464583340681674,VinylSd,Finished,Siding
60,RL,59.0,11796,NA,IR,Inside,Gilbert,Norm,1Fam,2.0Story,7,5,2004,2005,Gable,None,0.0,Gd,Gd,PConc,Gd,TA,Av,Unf,Unf,847,Ex,Y,SBrkr,847,1112,0,1959,0,0,2,1,4,1,Gd,8,Typ,1,Gd,Attchd,Fin,2,434,Y,100,48,0,0,0,0,NA,0,WD,Normal,215000,12.2783933071098,VinylSd,Finished,Siding
90,RM,60.0,7200,Grvl,Reg,Inside,OldTown,Norm,Oth,SFoyer,5,5,1980,1980,Gable,BrkFace,180.0,TA,Gd,CBlock,Gd,TA,Gd,GLQ,Unf,936,TA,Y,SBrkr,936,0,0,936,1,0,1,0,2,1,TA,4,Typ,0,NA,Detchd,Unf,2,672,Y,49,0,0,0,0,0,NA,0,WD,Normal,140000,11.84939770159144,MetalSd,Finished,Siding
50,RL,65.0,7804,NA,Reg,Inside,SWISU,Norm,1Fam,1.5Story,4,3,1928,1950,Gable,None,0.0,TA,Gd,BrkTil,TA,TA,No,BLQ,Unf,1122,TA,Y,SBrkr,1328,653,0,1981,1,0,2,0,4,1,Gd,7,Atype,2,TA,Detchd,Unf,2,576,Y,431,44,0,0,0,0,Fence,0,WD,Normal,135000,11.813030057420567,Plywood,Finished,Other
20,RL,63.0,10712,NA,Reg,Inside,Mitchel,Norm,1Fam,1.0Story,5,5,1991,1992,Gable,None,0.0,TA,Gd,PConc,Gd,TA,Mn,BLQ,Unf,974,TA,Y,SBrkr,974,0,0,974,0,0,1,0,3,1,TA,5,Typ,0,NA,NA,NA,0,0,Y,0,28,0,0,0,0,Fence,0,Oth,Abnorml,93500,11.44571671527678,HdBoard,Finished,Other
70,RM,90.0,9900,NA,Reg,Inside,OldTown,Norm,1Fam,2.0Story,6,4,1880,1950,Gable,None,0.0,TA,Gd,BrkTil,TA,TA,Mn,Unf,Unf,1008,TA,Y,SBrkr,1178,1032,0,2210,0,0,2,0,5,1,Fa,8,Typ,0,NA,Detchd,Unf,1,205,N,0,48,0,0,0,0,NA,0,WD,Normal,117500,11.67419361256635,Wood,Finished,Siding
60,RL,80.0,9828,NA,IR,Inside,SawyerW,Norm,1Fam,2.0Story,8,5,1995,1995,Gable,None,0.0,Gd,Gd,PConc,Gd,TA,No,GLQ,Unf,1128,Ex,Y,SBrkr,1142,878,0,2020,0,0,2,1,3,1,Gd,8,Typ,1,TA,Attchd,RFn,2,466,Y,0,155,0,0,0,0,NA,0,WD,Normal,239500,12.386308695833106,VinylSd,Finished,Siding
60,RL,57.0,8773,NA,IR,Inside,Gilbert,Norm,1Fam,2.0Story,6,5,1997,1997,Gable,None,0.0,TA,Gd,PConc,Gd,TA,Av,Unf,Unf,916,Gd,Y,SBrkr,916,684,0,1600,0,0,2,1,3,1,TA,7,Typ,1,TA,Attchd,Fin,2,460,Y,100,38,0,0,0,0,NA,0,WD,Normal,169000,12.037653993905211,VinylSd,Finished,Siding
30,RM,60.0,6180,NA,Reg,Corner,BrkSide,Norm,1Fam,1.0Story,6,5,1926,1950,Gable,None,0.0,TA,Gd,BrkTil,TA,TA,No,Unf,Unf,960,TA,N,SBrkr,986,0,0,986,0,0,1,0,2,1,TA,5,Typ,1,Gd,Detchd,Unf,1,180,Y,0,128,0,0,0,0,NA,0,WD,Normal,102000,11.532728092266408,Wood,Finished,Siding
50,RL,80.0,9600,NA,Reg,Inside,NAmes,Norm,1Fam,1.5Story,6,5,1950,1950,Gable,None,0.0,TA,Gd,CBlock,TA,TA,No,BLQ,Unf,1032,TA,Y,Fuse,1032,220,0,1252,0,0,1,0,3,1,TA,6,Typ,0,NA,Attchd,Unf,1,288,Y,0,0,96,0,0,0,NA,0,WD,Abnorml,119000,11.686878772093667,VinylSd,Finished,Siding
50,RL,54.0,6342,NA,Reg,Inside,Sawyer,Feedr,1Fam,1.5Story,5,8,1875,1996,Gable,None,0.0,TA,Gd,CBlock,TA,TA,No,Unf,Unf,780,Gd,N,SBrkr,780,240,0,1020,0,0,1,0,2,1,TA,6,Typ,0,NA,NA,NA,0,0,N,0,0,176,0,0,0,NA,0,WD,Normal,94000,11.451050061252142,VinylSd,Finished,Siding
20,RL,70.05,9819,NA,IR,Inside,Mitchel,Norm,1Fam,1.0Story,6,5,1977,1977,Gable,None,0.0,TA,Gd,PConc,TA,TA,Gd,ALQ,Unf,1567,TA,Y,SBrkr,1567,0,0,1567,1,0,2,0,2,1,Gd,5,Typ,2,TA,Attchd,RFn,2,714,Y,264,32,0,0,0,0,NA,0,WD,Normal,196000,12.185869938212655,Stucco,Finished,Other
30,RL,98.0,8731,NA,IR,Inside,BrkSide,Norm,1Fam,1.0Story,5,5,1920,1950,Gable,None,0.0,TA,Fa,BrkTil,TA,TA,No,BLQ,Unf,915,TA,Y,SBrkr,1167,0,0,1167,0,0,1,0,3,1,TA,6,Atype,1,Gd,Detchd,Unf,2,495,Y,0,0,216,0,126,0,NA,0,WD,Normal,144000,11.877568578558138,Stucco,Finished,Other
20,RL,60.0,7350,NA,Reg,Corner,NAmes,Norm,1Fam,1.0Story,5,7,1951,1951,Gable,None,0.0,TA,Gd,CBlock,TA,TA,Mn,ALQ,Unf,952,TA,Y,SBrkr,952,0,0,952,1,0,1,0,2,1,TA,4,Typ,0,NA,Detchd,Unf,2,840,Y,0,0,0,0,0,0,NA,0,Oth,Abnorml,139000,11.842229212112828,HdBoard,Finished,Other
60,RL,70.05,10304,NA,IR,CulDSac,NWAmes,Pos,1Fam,2.0Story,5,7,1976,1976,Gable,BrkFace,44.0,TA,Gd,CBlock,TA,TA,No,ALQ,Unf,780,Ex,Y,SBrkr,1088,780,0,1868,1,0,2,1,4,1,Gd,9,Typ,1,TA,Attchd,Unf,2,484,Y,448,96,0,0,0,0,NA,0,WD,Normal,197500,12.193493863323313,Plywood,Finished,Other
60,RL,77.0,9965,NA,Reg,Inside,CollgCr,Norm,1Fam,2.0Story,8,5,2006,2007,Hip,Stone,340.0,Gd,Gd,PConc,Ex,TA,Gd,GLQ,Unf,1466,Ex,Y,SBrkr,1466,1362,0,2828,1,0,3,0,4,1,Gd,11,Typ,1,TA,Attchd,RFn,3,1052,Y,125,144,0,0,0,0,NA,0,Oth,Partial,424870,12.959538518762063,VinylSd,Finished,Siding
20,RL,70.05,9000,NA,Reg,Inside,Sawyer,Norm,1Fam,1.0Story,5,3,1959,1959,Gable,None,0.0,TA,Gd,CBlock,TA,TA,No,GLQ,Unf,1006,TA,Y,SBrkr,1006,0,0,1006,0,0,1,0,3,1,TA,5,Typ,0,NA,NA,NA,0,0,Y,0,24,0,0,0,0,NA,0,WD,Normal,80000,11.289781913656018,Plywood,Finished,Other
190,RL,60.0,12180,NA,Reg,Inside,Edwards,Norm,Oth,1.5Story,4,4,1941,1950,Gable,None,0.0,TA,Fa,BrkTil,Gd,TA,No,BLQ,Unf,672,Fa,N,Fuse,672,252,0,924,1,0,1,0,2,1,Fa,5,Typ,0,NA,Detchd,Unf,1,280,Y,0,0,0,0,0,0,Fence,0,WD,Normal,80000,11.289781913656018,MetalSd,Finished,Siding
50,RM,52.0,6240,NA,Reg,Inside,BrkSide,Norm,1Fam,1.5Story,5,6,1928,1950,Gable,None,0.0,TA,Gd,BrkTil,TA,TA,No,Unf,Unf,1042,Ex,Y,SBrkr,1042,534,0,1576,0,0,1,0,3,1,TA,8,Typ,1,Gd,Detchd,Unf,1,225,Y,0,0,0,0,0,0,NA,0,WD,Abnorml,149000,11.911701584927597,MetalSd,Finished,Siding
20,RL,70.05,11200,NA,Reg,Inside,SawyerW,Norm,1Fam,1.0Story,6,5,1985,1985,Gable,BrkFace,85.0,Gd,Gd,CBlock,Gd,TA,No,GLQ,Unf,1298,TA,Y,SBrkr,1298,0,0,1298,1,0,2,0,3,1,Gd,5,Typ,1,TA,Attchd,Unf,2,403,Y,165,26,0,0,0,0,NA,0,WD,Normal,180000,12.100712129872347,Wood,Finished,Shingle
70,RL,75.0,12000,NA,Reg,Inside,Crawfor,Norm,1Fam,2.0Story,7,7,1941,1950,Gable,None,0.0,TA,Gd,CBlock,TA,TA,No,Rec,Unf,704,Ex,Y,SBrkr,860,704,0,1564,0,0,1,1,3,1,Fa,7,Typ,1,Gd,Attchd,Unf,1,234,Y,0,0,0,0,0,0,NA,0,WD,Normal,174500,12.069680020624618,MetalSd,Finished,Siding
50,RM,70.05,5700,NA,Reg,Inside,OldTown,Norm,1Fam,1.5Story,7,7,1926,1950,Gable,None,0.0,TA,Gd,PConc,TA,TA,No,Unf,Unf,572,TA,Y,SBrkr,572,539,0,1111,0,0,1,0,2,1,TA,5,Typ,1,Gd,Detchd,Unf,1,288,Y,0,0,176,0,0,0,NA,0,WD,Normal,116900,11.66907414746016,Wood,Finished,Siding
70,RM,50.0,9000,NA,Reg,Inside,OldTown,Artery,1Fam,2.0Story,7,9,1920,1988,Hip,None,0.0,TA,Gd,PConc,TA,TA,No,ALQ,Unf,650,Ex,Y,SBrkr,832,650,0,1482,0,1,1,0,3,1,TA,7,Typ,0,NA,Detchd,Unf,2,324,Y,0,0,0,0,0,0,NA,0,WD,Normal,143000,11.870599909242044,VinylSd,Finished,Siding
20,RL,57.0,8280,NA,IR,Inside,NAmes,Norm,1Fam,1.0Story,6,5,1950,1950,Gable,None,0.0,TA,Gd,CBlock,TA,TA,No,Unf,Unf,932,Ex,Y,Fuse,932,0,0,932,0,0,1,0,2,1,Gd,4,Typ,1,Gd,Attchd,Unf,1,306,Y,0,0,214,0,0,0,Fence,0,WD,Normal,124000,11.728036844587175,Other,Finished,Other
20,RL,134.0,17755,NA,Reg,Inside,Edwards,Norm,1Fam,1.0Story,5,4,1959,1959,Gable,BrkFace,132.0,TA,Gd,CBlock,TA,TA,No,BLQ,Unf,1466,TA,Y,SBrkr,1466,0,0,1466,0,0,1,1,3,1,Fa,6,Typ,2,Gd,Attchd,Fin,2,528,Y,0,140,0,0,100,0,NA,0,WD,Normal,149900,11.917723684090689,Plywood,Finished,Other
20,RL,90.0,14115,NA,IR,Inside,Crawfor,Norm,1Fam,1.0Story,6,7,1956,2004,Gable,None,0.0,TA,Gd,PConc,TA,TA,No,ALQ,GLQ,1073,Ex,Y,SBrkr,1811,0,0,1811,0,0,1,0,2,1,Ex,6,Typ,1,Gd,Attchd,Fin,2,470,Y,0,0,280,0,0,0,NA,0,WD,Abnorml,230000,12.345834587905333,Other,Finished,Other
30,RM,70.05,5890,NA,Reg,Corner,IDOTRR,Norm,1Fam,1.0Story,6,8,1930,2007,Gable,None,0.0,Gd,Gd,BrkTil,TA,TA,Av,ALQ,Unf,816,Ex,Y,SBrkr,816,0,0,816,0,0,1,0,2,1,TA,5,Typ,0,NA,Detchd,Unf,1,432,Y,0,0,96,0,0,0,NA,0,WD,Normal,120500,11.699405031912846,Wood,Finished,Siding
60,RL,70.05,13700,NA,IR,Inside,NAmes,Norm,1Fam,2.0Story,7,6,1965,1988,Gable,Stone,288.0,TA,Gd,CBlock,TA,TA,Gd,ALQ,Unf,864,TA,Y,SBrkr,902,918,0,1820,0,0,1,2,4,1,Gd,8,Typ,2,Gd,Attchd,Unf,2,492,Y,60,84,0,0,273,0,Fence,0,WD,Normal,201800,12.215032386901646,VinylSd,Finished,Siding
20,RL,90.0,10768,NA,IR,Corner,Veenker,Norm,1Fam,1.0Story,5,8,1976,2004,Gable,None,0.0,Gd,Gd,CBlock,Gd,TA,Gd,ALQ,Unf,1437,TA,Y,SBrkr,1437,0,0,1437,1,0,2,0,3,1,Gd,6,Typ,1,Po,Attchd,RFn,2,528,Y,0,21,0,0,180,0,NA,0,WD,Normal,218000,12.292250341771226,Plywood,Finished,Other
80,RL,85.0,9350,NA,Reg,Inside,NAmes,Norm,1Fam,SLvl,5,8,1965,1999,Gable,None,0.0,TA,Gd,PConc,TA,TA,Gd,ALQ,Unf,1219,Gd,Y,SBrkr,1265,0,0,1265,0,1,2,0,3,1,Gd,6,Typ,1,Gd,Attchd,RFn,2,502,Y,0,92,0,96,0,0,Fence,0,WD,Normal,179900,12.100156419938624,Other,Finished,Other
120,RL,34.0,5001,NA,IR,Inside,NridgHt,Norm,Twnhs,1.0Story,7,5,2007,2008,Gable,Stone,166.0,Gd,Gd,PConc,Gd,TA,No,GLQ,Unf,1314,Ex,Y,SBrkr,1314,0,0,1314,1,0,2,0,2,1,Gd,6,Typ,1,Gd,Attchd,RFn,2,626,Y,172,62,0,0,0,0,NA,0,WD,Normal,230000,12.345834587905333,VinylSd,Finished,Siding
20,RL,92.0,11932,NA,Reg,FR2,Somerst,Feedr,1Fam,1.0Story,8,5,2007,2008,Gable,Stone,186.0,Gd,Gd,PConc,Gd,TA,No,Unf,Unf,1580,Ex,Y,SBrkr,1580,0,0,1580,0,0,2,0,3,1,Gd,7,Typ,0,NA,Attchd,RFn,3,830,Y,0,24,0,0,0,0,NA,0,Oth,Partial,235128,12.367885325692589,VinylSd,Finished,Siding
60,RL,76.0,9120,NA,Reg,Inside,NWAmes,Norm,1Fam,2.0Story,6,6,1974,1974,Hip,BrkFace,270.0,Gd,Gd,CBlock,TA,TA,No,ALQ,Unf,901,TA,Y,SBrkr,943,933,0,1876,0,0,2,1,4,1,Gd,8,Typ,1,TA,Attchd,RFn,2,540,Y,0,69,0,0,0,0,NA,0,WD,Normal,185000,12.128111104060462,HdBoard,Finished,Other
160,RL,24.0,2280,NA,Reg,Inside,NPkVill,Norm,Twnhs,2.0Story,6,5,1978,1978,Gable,None,0.0,TA,Gd,CBlock,Gd,TA,No,ALQ,Unf,855,Fa,Y,SBrkr,855,601,0,1456,0,0,2,1,3,1,TA,7,Typ,1,TA,Attchd,Unf,2,440,Y,26,0,0,0,0,0,NA,0,WD,Normal,146000,11.891361900690473,Other,Finished,Other
20,RL,70.05,14778,NA,IR,CulDSac,Crawfor,Pos,1Fam,1.0Story,6,7,1954,2006,Hip,BrkFace,72.0,Gd,Gd,CBlock,TA,TA,No,BLQ,Unf,1296,Ex,Y,SBrkr,1640,0,0,1640,1,0,1,0,3,1,Gd,7,Typ,1,Gd,Detchd,Unf,2,924,Y,108,0,0,216,0,0,NA,0,WD,Normal,224000,12.319401330837177,HdBoard,Finished,Other
20,RL,109.0,8724,NA,Reg,Inside,Sawyer,Norm,1Fam,1.0Story,5,5,1968,1968,Gable,None,0.0,TA,Gd,CBlock,Gd,TA,No,BLQ,Unf,894,Gd,Y,SBrkr,894,0,0,894,0,0,1,0,3,1,TA,5,Typ,1,Po,Attchd,Fin,2,450,Y,0,0,0,0,0,0,NA,0,WD,Normal,129000,11.76756768334381,VinylSd,Finished,Siding
90,RL,60.0,12900,NA,Reg,Inside,Sawyer,Feedr,Oth,SFoyer,4,4,1969,1969,Gable,None,0.0,TA,Gd,CBlock,Gd,TA,Av,GLQ,Unf,1198,TA,Y,SBrkr,1258,0,0,1258,2,0,0,2,0,2,TA,6,Typ,0,NA,Detchd,Unf,2,400,Y,120,0,0,0,0,0,NA,0,WD,Abnorml,108959,11.598726943661342,Plywood,Finished,Other
80,RL,70.05,16157,NA,IR,FR2,Veenker,Feedr,1Fam,SLvl,5,7,1978,1978,Gable,None,0.0,TA,Gd,PConc,Gd,TA,Gd,ALQ,Rec,1360,Ex,Y,SBrkr,1432,0,0,1432,1,0,1,1,2,1,Gd,5,Typ,1,TA,Attchd,Unf,2,588,Y,168,180,0,0,0,0,NA,0,WD,Normal,194000,12.175613438045465,Plywood,Finished,Other
20,RL,79.0,9541,NA,IR,Inside,NridgHt,Norm,1Fam,1.0Story,7,5,2009,2009,Gable,Stone,268.0,Gd,Gd,PConc,Gd,TA,No,Unf,Unf,1502,Ex,Y,SBrkr,1502,0,0,1502,0,0,2,0,3,1,Gd,7,Typ,0,NA,Attchd,RFn,2,644,Y,0,114,0,0,0,0,NA,0,Oth,Partial,233170,12.359523080243038,VinylSd,Finished,Siding
20,RL,64.0,10475,NA,IR,Corner,CollgCr,Norm,1Fam,1.0Story,8,5,2008,2008,Gable,Stone,72.0,Gd,Gd,PConc,Gd,TA,Av,Unf,Unf,1694,Ex,Y,SBrkr,1694,0,0,1694,0,0,2,0,3,1,Gd,7,Typ,0,NA,Attchd,RFn,3,776,Y,160,33,0,0,0,0,NA,0,WD,Normal,245350,12.41044104151805,VinylSd,Finished,Siding
60,RL,58.0,10852,NA,IR,Inside,Gilbert,NRR,1Fam,2.0Story,6,5,2000,2000,Gable,None,0.0,TA,Gd,PConc,Gd,TA,No,GLQ,Unf,959,Ex,Y,SBrkr,959,712,0,1671,1,0,2,1,3,1,TA,7,Typ,1,TA,Attchd,Fin,2,472,Y,0,38,0,0,0,0,NA,0,WD,Normal,173000,12.061046873479915,VinylSd,Finished,Siding
70,RL,120.0,13728,NA,Reg,Corner,Edwards,Norm,1Fam,2.0Story,6,7,1935,1986,Hip,None,0.0,TA,Gd,CBlock,TA,TA,No,Rec,Unf,1127,Ex,Y,SBrkr,1236,872,0,2108,0,0,2,0,4,1,Gd,7,Typ,2,TA,Attchd,Unf,2,540,Y,0,0,0,0,90,0,NA,0,WD,Normal,235000,12.367340793126296,Stucco,Finished,Other
60,RL,118.0,35760,NA,IR,CulDSac,NoRidge,Norm,1Fam,2.0Story,10,5,1995,1996,Hip,BrkFace,1378.0,Gd,Gd,PConc,Ex,TA,Gd,GLQ,Unf,1930,Ex,Y,SBrkr,1831,1796,0,3627,1,0,3,1,4,1,Gd,10,Typ,1,TA,Attchd,Fin,3,807,Y,361,76,0,0,0,0,NA,0,WD,Normal,625000,13.345506928718539,HdBoard,Finished,Other
80,RL,76.0,9880,NA,Reg,Inside,Mitchel,Norm,1Fam,SLvl,6,6,1977,1977,Gable,None,0.0,TA,Gd,CBlock,TA,TA,Av,ALQ,Unf,1096,TA,Y,SBrkr,1118,0,0,1118,1,0,1,0,3,1,TA,6,Typ,1,Po,Attchd,Fin,1,358,Y,203,0,0,0,0,576,Fence,0,WD,Normal,171000,12.049418835484797,Plywood,Finished,Other
20,RL,76.0,9120,NA,Reg,Inside,NAmes,Norm,1Fam,1.0Story,6,6,1958,1958,Hip,None,0.0,TA,Gd,CBlock,TA,TA,No,ALQ,Unf,1261,Ex,Y,SBrkr,1261,0,0,1261,1,0,1,0,3,1,TA,6,Typ,1,TA,Attchd,RFn,2,433,Y,0,0,0,0,288,0,NA,1400,WD,Normal,163000,12.0015054797889,MetalSd,Finished,Siding
160,FV,35.0,4017,Pave,IR,Inside,Somerst,Norm,Twnhs,2.0Story,7,5,2006,2007,Gable,None,0.0,Gd,Gd,PConc,Gd,TA,No,Unf,Unf,625,Ex,Y,SBrkr,625,625,0,1250,0,0,2,1,2,1,Gd,5,Typ,0,NA,Detchd,Fin,2,625,Y,0,54,0,0,0,0,NA,0,WD,Normal,171900,12.05466819137094,MetalSd,Finished,Siding
50,RL,138.0,18030,NA,IR,Inside,ClearCr,Norm,1Fam,1.5Story,5,6,1946,1994,Gable,None,0.0,TA,Gd,CBlock,TA,TA,No,Rec,BLQ,1598,TA,Y,SBrkr,1636,971,479,3086,0,0,3,0,3,1,Ex,12,Atype,1,Gd,NA,NA,0,0,Y,122,0,0,0,0,0,Fence,0,WD,Normal,200500,12.20856952572876,MetalSd,Finished,Siding
70,RL,80.0,16560,NA,IR,Inside,Crawfor,Norm,1Fam,2.0Story,6,8,1932,1950,Gable,None,0.0,TA,Gd,BrkTil,Gd,TA,No,Rec,Unf,952,TA,Y,SBrkr,1170,1175,0,2345,0,0,2,1,4,1,TA,9,Typ,1,Gd,Detchd,Unf,2,360,Y,0,0,0,0,0,0,NA,0,WD,Normal,239000,12.384218830913648,Wood,Finished,Siding
50,RL,85.0,10678,NA,Reg,Inside,NoRidge,Norm,1Fam,1.5Story,8,5,1992,2000,Hip,BrkFace,337.0,Gd,Gd,PConc,Gd,TA,No,GLQ,Unf,1683,Ex,Y,SBrkr,2129,743,0,2872,0,0,2,1,4,1,Gd,9,Typ,1,TA,Attchd,Fin,2,541,Y,0,33,0,0,0,0,NA,0,WD,Normal,285000,12.560244459250788,HdBoard,Finished,Other
20,RL,37.0,6951,NA,IR,CulDSac,Mitchel,Norm,1Fam,1.0Story,5,5,1984,1985,Gable,None,0.0,TA,Gd,CBlock,TA,TA,No,ALQ,Unf,876,TA,Y,SBrkr,923,0,0,923,1,0,1,0,3,1,TA,5,Typ,0,NA,Attchd,Unf,1,264,Y,362,0,0,0,0,0,Fence,0,WD,Normal,119500,11.691071650353702,Plywood,Finished,Other
50,RM,70.05,3950,Grvl,Reg,Inside,OldTown,Artery,1Fam,1.5Story,6,8,1926,2004,Gable,None,0.0,TA,Gd,CBlock,TA,TA,No,Rec,Unf,818,TA,Y,SBrkr,818,406,0,1224,0,0,1,0,3,1,TA,5,Typ,0,NA,Detchd,Unf,1,210,N,0,0,116,0,0,0,NA,0,WD,Normal,115000,11.652687407345388,MetalSd,Finished,Siding
50,RL,54.0,7681,NA,IR,FR2,Crawfor,Norm,1Fam,1.5Story,5,6,1921,1950,Gable,None,0.0,TA,Gd,BrkTil,TA,TA,No,Unf,Unf,731,Ex,Y,SBrkr,820,523,0,1343,0,0,1,1,3,1,TA,7,Typ,1,Gd,Detchd,Unf,1,186,Y,192,0,102,0,0,0,NA,0,WD,Normal,154900,11.95053502640496,Wood,Finished,Siding
20,RL,77.0,8335,NA,Reg,Corner,Edwards,Norm,1Fam,1.0Story,5,5,1954,1954,Gable,None,0.0,TA,Gd,Oth,NA,NA,No,NA,NA,0,Gd,Y,SBrkr,1124,0,0,1124,0,0,1,0,3,1,TA,5,Atype,1,Gd,NA,NA,0,0,N,0,36,190,0,0,0,NA,0,WD,Normal,93000,11.440354772135393,Wood,Finished,Siding
60,RL,70.05,11170,NA,IR,Corner,Timber,Norm,1Fam,2.0Story,7,5,1990,1991,Gable,None,0.0,TA,Gd,Oth,Gd,TA,No,LwQ,Unf,1216,Ex,Y,SBrkr,1298,1216,0,2514,0,0,2,1,4,1,TA,8,Typ,0,NA,Attchd,Fin,2,693,Y,0,0,0,0,0,0,Fence,0,WD,Normal,250000,12.429216196844383,MetalSd,Finished,Siding
120,RM,64.0,5587,NA,IR,Inside,Crawfor,Norm,Twnhs,1.0Story,8,5,2008,2008,Hip,Stone,186.0,Ex,Gd,PConc,Ex,TA,Gd,GLQ,Unf,1600,Ex,Y,SBrkr,1652,0,0,1652,1,1,2,0,2,1,Gd,5,Typ,1,Gd,Attchd,Fin,2,482,Y,162,53,0,153,0,0,NA,0,Oth,Partial,392500,12.8802918162046,Other,Finished,Other
60,RL,160.0,15623,NA,IR,Corner,NoRidge,Norm,1Fam,2.0Story,10,5,1996,1996,Hip,None,0.0,Gd,Gd,PConc,Ex,TA,Av,GLQ,Unf,2396,Ex,Y,SBrkr,2411,2065,0,4476,1,0,3,1,4,1,Ex,10,Typ,2,TA,Attchd,Fin,3,813,Y,171,78,0,0,0,555,Fence,0,WD,Abnorml,745000,13.521139497361697,Stucco,Finished,Other
30,RL,60.0,10800,Grvl,Reg,Inside,OldTown,Norm,1Fam,1.0Story,5,6,1920,1950,Hip,None,0.0,TA,Gd,BrkTil,TA,TA,No,Rec,Unf,1120,Ex,Y,SBrkr,1130,0,0,1130,1,0,1,0,2,1,TA,5,Typ,1,Gd,Detchd,Unf,2,720,Y,229,0,0,0,0,0,NA,0,WD,Normal,120000,11.695247021764184,Stucco,Finished,Other
20,RL,50.0,35133,NA,Reg,Inside,Timber,Norm,1Fam,1.0Story,5,4,1963,1963,Hip,BrkFace,226.0,TA,Gd,CBlock,TA,TA,Gd,Rec,Unf,1572,Gd,Y,SBrkr,1572,0,0,1572,1,0,1,1,3,1,TA,5,Typ,2,TA,Attchd,RFn,3,995,Y,0,263,0,0,263,0,NA,0,WD,Normal,186700,12.137258329529814,MetalSd,Finished,Siding
50,RL,60.0,9738,NA,Reg,Inside,Edwards,Norm,1Fam,1.5Story,5,7,1924,1950,Gable,None,0.0,TA,Gd,BrkTil,TA,TA,No,BLQ,Unf,784,Gd,Y,SBrkr,949,272,0,1221,1,0,1,0,4,1,TA,7,Typ,0,NA,Attchd,Unf,1,392,Y,0,0,236,0,0,0,NA,0,WD,Normal,104900,11.560762794384388,Other,Finished,Shingle
190,RL,107.0,10615,NA,IR,Corner,OldTown,Artery,Oth,2.0Story,3,5,1900,1970,Gable,None,0.0,TA,Gd,CBlock,Fa,TA,Mn,BLQ,Unf,978,TA,Y,SBrkr,1014,685,0,1699,1,0,2,0,3,2,TA,7,Typ,0,NA,Detchd,Unf,2,420,Y,0,74,0,0,0,0,NA,0,WD,Abnorml,95000,11.461632170582678,HdBoard,Finished,Other
20,RL,89.0,12461,NA,Reg,Corner,NoRidge,Norm,1Fam,1.0Story,8,5,1994,1995,Gable,None,0.0,Gd,Gd,PConc,Gd,TA,No,GLQ,Unf,1624,Ex,Y,SBrkr,1624,0,0,1624,1,0,2,0,2,1,Gd,5,Typ,1,Po,Attchd,RFn,3,757,Y,0,114,192,0,0,0,Fence,0,WD,Normal,262000,12.476099782743233,Stucco,Finished,Other
60,RL,68.0,8935,NA,IR,Inside,CollgCr,Norm,1Fam,2.0Story,7,5,2002,2002,Gable,BrkFace,95.0,Gd,Gd,PConc,Gd,TA,No,Unf,Unf,831,Ex,Y,SBrkr,831,829,0,1660,0,0,2,1,3,1,Gd,7,Typ,0,NA,Attchd,RFn,2,493,Y,144,68,0,0,0,0,NA,0,WD,Normal,195000,12.180754837545884,VinylSd,Finished,Siding
60,RL,60.0,7500,NA,Reg,Inside,Gilbert,Norm,1Fam,2.0Story,7,5,1999,1999,Gable,None,0.0,TA,Gd,PConc,TA,TA,No,Unf,Unf,994,Gd,Y,SBrkr,1028,776,0,1804,0,0,2,1,3,1,Gd,7,Typ,1,TA,Attchd,Fin,2,442,Y,140,60,0,0,0,0,NA,0,WD,Normal,189000,12.14950229404178,VinylSd,Finished,Siding
190,RL,70.05,32463,NA,Reg,Inside,Mitchel,Norm,Oth,1.0Story,4,4,1961,1975,Gable,Stone,149.0,TA,Gd,CBlock,TA,TA,Av,BLQ,Unf,1249,Ex,Y,SBrkr,1622,0,0,1622,1,0,1,0,3,1,TA,7,Typ,1,TA,Attchd,Fin,4,1356,Y,439,0,0,0,0,0,NA,0,WD,Normal,168000,12.031719258385396,MetalSd,Finished,Siding
160,FV,24.0,2645,Pave,Reg,Inside,Somerst,Norm,Twnhs,2.0Story,8,5,1999,2000,Gable,BrkFace,456.0,Gd,Gd,PConc,Gd,TA,No,Unf,Unf,776,Ex,Y,SBrkr,764,677,0,1441,0,0,2,1,2,1,Gd,5,Typ,0,NA,Detchd,Unf,2,492,Y,206,0,0,0,0,0,NA,0,WD,Normal,174000,12.066810578196666,MetalSd,Finished,Siding
50,RM,60.0,9600,Grvl,Reg,Inside,OldTown,Norm,1Fam,1.5Story,5,8,1925,1994,Oth,None,0.0,TA,Gd,PConc,TA,TA,Mn,Unf,Unf,702,Gd,Y,SBrkr,842,630,0,1472,0,0,1,0,3,1,Gd,6,Typ,0,NA,Detchd,Unf,1,250,N,0,0,84,0,0,0,Fence,0,WD,Normal,125000,11.736069016284437,VinylSd,Finished,Siding
120,RM,70.05,4500,NA,Reg,FR2,Mitchel,Norm,Twnhs,1.0Story,6,5,1999,1999,Hip,BrkFace,425.0,TA,Gd,PConc,Ex,TA,No,GLQ,Unf,1224,Ex,Y,SBrkr,1224,0,0,1224,1,0,2,0,2,1,TA,5,Typ,0,NA,Attchd,Fin,2,402,Y,0,304,0,0,0,0,NA,0,WD,Normal,165000,12.013700752882718,VinylSd,Finished,Siding
60,RL,80.0,9364,NA,Reg,Corner,Sawyer,Norm,1Fam,2.0Story,6,7,1969,1969,Gable,Stone,143.0,TA,Gd,CBlock,TA,TA,No,ALQ,Unf,663,TA,Y,SBrkr,663,689,0,1352,0,0,1,1,4,1,TA,7,Typ,0,NA,Attchd,Fin,1,299,Y,379,36,0,0,0,0,Fence,0,WD,Normal,158000,11.970350312009105,HdBoard,Finished,Other
60,RL,51.0,8029,NA,IR,Inside,Gilbert,Norm,1Fam,2.0Story,6,5,2005,2005,Gable,None,0.0,TA,Gd,PConc,Gd,TA,No,Unf,Unf,728,Ex,Y,SBrkr,728,728,0,1456,0,0,2,1,3,1,Gd,8,Typ,0,NA,Attchd,Fin,2,400,Y,100,24,0,0,0,0,NA,0,WD,Normal,176000,12.078239274020289,VinylSd,Finished,Siding
60,RL,58.0,14054,NA,IR,Inside,Gilbert,Norm,1Fam,2.0Story,7,5,2006,2006,Gable,None,0.0,Gd,Gd,PConc,Gd,TA,Av,Unf,Unf,879,Ex,Y,SBrkr,879,984,0,1863,0,0,2,1,4,1,Gd,9,Typ,1,Gd,Attchd,Fin,3,660,Y,100,17,0,0,0,0,NA,0,Oth,Partial,219210,12.297785453453374,VinylSd,Finished,Siding
75,RM,65.0,8850,NA,IR,Corner,OldTown,Norm,1Fam,2.5Story,7,6,1916,1950,Gable,None,0.0,TA,Gd,BrkTil,TA,TA,No,Unf,Unf,815,Ex,Y,SBrkr,815,875,0,1690,0,0,1,0,3,1,TA,7,Typ,1,Gd,Detchd,Unf,1,225,Y,0,0,330,0,0,0,NA,0,Oth,Normal,144000,11.877568578558138,MetalSd,Unfinished,Siding
20,RL,70.0,9100,NA,Reg,Inside,CollgCr,Norm,1Fam,1.0Story,7,5,2001,2001,Gable,None,0.0,Gd,Gd,PConc,Gd,TA,No,Unf,Unf,1212,Ex,Y,SBrkr,1212,0,0,1212,0,0,2,0,3,1,Gd,6,Typ,0,NA,Attchd,RFn,2,573,Y,356,0,0,0,0,0,NA,0,WD,Normal,178000,12.089538829274222,VinylSd,Finished,Siding
20,RL,75.0,11235,NA,Reg,Inside,Sawyer,Norm,1Fam,1.0Story,4,5,1963,1979,Gable,BrkFace,51.0,TA,Gd,CBlock,TA,TA,No,Rec,Unf,1051,Gd,Y,SBrkr,1382,0,0,1382,0,0,1,1,3,1,TA,6,Typ,1,Po,Attchd,Unf,2,459,Y,0,82,0,0,0,0,NA,0,WD,Normal,148000,11.904967552746252,HdBoard,Finished,Other
20,RL,71.0,9353,NA,Reg,Inside,NAmes,Norm,1Fam,1.0Story,4,5,1970,1970,Gable,None,0.0,TA,Gd,CBlock,TA,TA,No,Unf,Unf,864,Gd,Y,SBrkr,864,0,0,864,0,0,1,0,3,1,TA,5,Typ,0,NA,Attchd,Unf,1,280,Y,0,0,0,0,0,0,NA,0,Oth,Abnorml,116050,11.661776411702583,MetalSd,Finished,Siding
60,RL,80.0,10400,NA,Reg,Corner,CollgCr,Norm,1Fam,2.0Story,7,5,1998,1998,Gable,None,0.0,TA,Gd,PConc,Gd,TA,Av,Unf,Unf,866,Ex,Y,SBrkr,866,913,0,1779,0,0,2,1,3,1,Gd,6,Typ,0,NA,Attchd,RFn,2,546,Y,198,36,0,0,0,0,NA,0,WD,Normal,197900,12.195517131590657,VinylSd,Finished,Siding
50,RM,50.0,6000,NA,Reg,Corner,BrkSide,Norm,1Fam,1.5Story,5,8,1925,1997,Gable,None,0.0,TA,Gd,BrkTil,TA,TA,No,Unf,Unf,884,Ex,Y,SBrkr,884,464,0,1348,1,0,1,0,3,1,TA,5,Typ,1,Po,Detchd,Unf,1,216,N,0,0,208,0,0,0,NA,0,WD,Normal,117000,11.669929213779893,Wood,Finished,Siding
20,RL,75.0,9750,NA,Reg,Inside,CollgCr,Norm,1Fam,1.0Story,7,5,2000,2001,Gable,BrkFace,171.0,Gd,Gd,PConc,Gd,TA,No,Unf,Unf,1630,Ex,Y,SBrkr,1630,0,0,1630,0,0,2,0,3,1,Gd,6,Typ,1,TA,Attchd,Unf,2,451,Y,74,234,0,0,0,0,NA,0,WD,Normal,213000,12.269047444691562,VinylSd,Finished,Siding
20,RL,78.0,10140,NA,Reg,Inside,NWAmes,Norm,1Fam,1.0Story,5,6,1975,1975,Gable,None,0.0,TA,Gd,CBlock,Gd,TA,No,ALQ,Unf,1056,Ex,Y,SBrkr,1074,0,0,1074,1,0,1,1,3,1,TA,6,Typ,0,NA,Attchd,RFn,2,495,Y,0,88,0,0,0,0,Fence,0,WD,Normal,153500,11.941455846009388,HdBoard,Finished,Other
20,RL,90.0,14684,NA,IR,CulDSac,SawyerW,Norm,1Fam,1.0Story,7,7,1990,1991,Hip,BrkFace,234.0,Gd,Gd,CBlock,Gd,TA,Mn,ALQ,BLQ,2158,Gd,Y,SBrkr,2196,0,0,2196,0,0,2,0,3,1,Gd,7,Typ,1,TA,Attchd,RFn,3,701,Y,84,70,0,0,0,0,NA,0,WD,Normal,271900,12.513189630620563,HdBoard,Finished,Other
20,RH,70.05,8900,NA,Reg,Inside,SawyerW,Norm,1Fam,1.0Story,4,4,1966,1966,Gable,None,0.0,TA,Gd,CBlock,TA,TA,No,Rec,Unf,1056,TA,Y,SBrkr,1056,0,0,1056,1,0,1,0,2,1,TA,5,Typ,0,NA,Detchd,Unf,1,384,Y,0,42,0,0,0,0,Fence,0,WD,Normal,107000,11.580584113444043,HdBoard,Finished,Other
20,RL,70.0,9135,NA,Reg,Inside,CollgCr,Norm,1Fam,1.0Story,6,5,2003,2003,Gable,BrkFace,120.0,Gd,Gd,PConc,Gd,TA,Av,GLQ,Unf,1682,Ex,Y,SBrkr,1700,0,0,1700,1,0,2,0,3,1,Gd,7,Typ,0,NA,Attchd,RFn,2,544,Y,192,23,0,0,0,0,NA,0,WD,Normal,200000,12.206072645530174,VinylSd,Finished,Siding
20,RL,70.0,7763,NA,Reg,Inside,NAmes,Norm,1Fam,1.0Story,5,7,1962,1980,Gable,None,0.0,TA,Gd,CBlock,TA,TA,No,Rec,BLQ,931,TA,Y,SBrkr,1283,0,0,1283,1,0,1,0,3,1,TA,6,Typ,0,NA,Detchd,Unf,2,506,Y,0,0,0,0,0,0,NA,0,WD,Normal,140000,11.84939770159144,MetalSd,Finished,Siding
20,RL,85.0,10182,NA,IR,CulDSac,Somerst,NRR,1Fam,1.0Story,8,5,2006,2006,Hip,Stone,420.0,Gd,Gd,PConc,Ex,TA,Mn,GLQ,Unf,1660,Ex,Y,SBrkr,1660,0,0,1660,1,0,2,0,3,1,Gd,8,Typ,1,Gd,Attchd,RFn,2,500,Y,322,50,0,0,0,0,NA,0,Oth,Partial,290000,12.577636201962656,VinylSd,Finished,Siding
60,RL,70.0,11218,NA,Reg,Inside,SawyerW,Norm,1Fam,2.0Story,6,5,1992,1992,Gable,None,0.0,Gd,Gd,PConc,Gd,TA,No,Unf,Unf,1055,Ex,Y,SBrkr,1055,790,0,1845,0,0,2,1,3,1,Gd,8,Typ,1,TA,Attchd,RFn,2,462,Y,635,104,0,0,0,0,Fence,400,WD,Normal,189000,12.14950229404178,Wood,Finished,Siding
50,RL,152.0,12134,NA,IR,Inside,Gilbert,Norm,1Fam,1.5Story,8,7,1988,2005,Gable,None,0.0,Gd,Gd,Oth,Gd,TA,Av,GLQ,Unf,559,Gd,Y,SBrkr,1080,672,0,1752,0,0,2,0,4,1,TA,8,Typ,0,NA,Attchd,RFn,2,492,Y,325,12,0,0,0,0,NA,0,WD,Normal,164000,12.007621706806335,Wood,Finished,Siding
30,RL,50.0,9340,NA,Reg,Inside,Edwards,Norm,1Fam,1.0Story,4,6,1941,1950,Hip,None,0.0,TA,Gd,CBlock,TA,TA,No,Rec,Unf,672,TA,Y,SBrkr,672,0,0,672,1,0,1,0,2,1,TA,4,Typ,0,NA,Attchd,Unf,1,234,N,0,113,0,0,0,0,NA,0,WD,Normal,113000,11.635143097694478,MetalSd,Finished,Siding
80,RL,70.05,10246,NA,IR,CulDSac,Sawyer,Norm,1Fam,SLvl,4,9,1965,2001,Gable,None,0.0,TA,Gd,CBlock,TA,Gd,Av,GLQ,Unf,648,Ex,Y,SBrkr,960,0,0,960,1,1,0,0,0,1,TA,3,Typ,0,NA,Attchd,Unf,1,364,Y,88,0,0,0,0,0,NA,0,WD,Normal,145000,11.884489021402711,VinylSd,Finished,Siding
85,RL,69.0,10205,NA,IR,Inside,NAmes,Norm,1Fam,SFoyer,5,5,1962,1962,Gable,None,0.0,TA,Gd,CBlock,TA,TA,Av,BLQ,Unf,925,TA,Y,SBrkr,999,0,0,999,1,0,1,0,3,1,TA,6,Typ,0,NA,Attchd,Unf,1,300,Y,150,72,0,0,0,0,NA,0,WD,Normal,134500,11.809319478024031,MetalSd,Finished,Siding
20,RL,99.0,7094,NA,IR,Inside,Sawyer,Norm,1Fam,1.0Story,5,5,1966,1966,Gable,None,0.0,TA,Gd,CBlock,TA,TA,No,Rec,LwQ,894,TA,Y,SBrkr,894,0,0,894,0,0,1,0,3,1,TA,5,Typ,0,NA,Detchd,RFn,1,384,Y,0,0,0,0,0,0,Fence,0,WD,Normal,125000,11.736069016284437,VinylSd,Finished,Siding
90,RM,68.0,8930,NA,Reg,Inside,Sawyer,NRR,Oth,1.5Story,6,5,1978,1978,Gable,None,0.0,TA,Gd,Oth,NA,NA,No,NA,NA,0,TA,Y,SBrkr,1318,584,0,1902,0,0,2,0,4,2,TA,8,Typ,0,NA,Attchd,Unf,2,539,Y,0,0,0,0,0,0,NA,0,WD,Normal,112000,11.626254150277232,VinylSd,Finished,Siding
20,FV,72.0,8640,NA,Reg,Inside,Somerst,Norm,1Fam,1.0Story,8,5,2009,2009,Gable,Stone,72.0,Gd,Gd,PConc,Gd,TA,Mn,GLQ,Unf,1300,Ex,Y,SBrkr,1314,0,0,1314,1,0,2,0,3,1,Gd,6,Typ,0,NA,Attchd,RFn,2,552,Y,135,112,0,0,0,0,NA,0,Oth,Partial,229456,12.343466568968994,Other,Finished,Other
50,RM,52.0,6240,NA,Reg,Inside,BrkSide,Norm,1Fam,1.5Story,4,5,1947,1950,Gable,None,0.0,TA,Gd,Oth,NA,NA,No,NA,NA,0,Gd,N,SBrkr,672,240,0,912,0,0,1,0,2,1,TA,3,Typ,0,NA,NA,NA,0,0,N,0,0,0,0,0,0,NA,0,WD,Normal,80500,11.296012463406655,Other,Finished,Shingle
160,RM,21.0,1680,NA,Reg,Inside,BrDale,Norm,Twnhs,2.0Story,6,5,1971,1971,Gable,BrkFace,236.0,TA,Gd,CBlock,TA,TA,No,Unf,Unf,672,TA,Y,SBrkr,672,546,0,1218,0,0,1,1,3,1,TA,7,Typ,0,NA,NA,NA,0,0,N,201,0,0,0,0,0,NA,0,WD,Abnorml,91500,11.424094251263613,Other,Finished,Other
20,RL,66.0,7800,NA,IR,Inside,NAmes,Norm,1Fam,1.0Story,5,5,1964,1964,Gable,None,0.0,TA,Gd,CBlock,TA,TA,No,Rec,LwQ,912,TA,Y,SBrkr,912,0,0,912,0,0,1,0,2,1,TA,5,Typ,0,NA,Attchd,Unf,1,288,Y,0,0,0,0,0,0,NA,0,WD,Abnorml,115000,11.652687407345388,Wood,Finished,Siding
20,RL,55.0,8250,NA,Reg,Inside,Sawyer,Feedr,1Fam,1.0Story,5,5,1968,1968,Hip,None,0.0,TA,Gd,CBlock,TA,TA,No,BLQ,LwQ,952,Ex,Y,SBrkr,1211,0,0,1211,0,0,1,0,3,1,TA,5,Typ,1,TA,Attchd,Unf,1,322,Y,0,63,0,0,0,0,NA,0,WD,Normal,134000,11.805595078933049,HdBoard,Finished,Other
50,RL,78.0,10496,NA,Reg,Inside,NAmes,Artery,1Fam,1.5Story,6,6,1949,1950,Gable,BrkFace,320.0,TA,Gd,CBlock,TA,TA,Mn,Rec,Unf,1040,Ex,Y,SBrkr,1168,678,0,1846,0,0,2,0,3,1,TA,7,Typ,1,Gd,Attchd,Unf,1,315,Y,0,0,0,0,0,0,Fence,0,WD,Normal,143000,11.870599909242044,Wood,Finished,Siding
20,RL,89.0,10680,NA,Reg,Inside,NAmes,Norm,1Fam,1.0Story,5,3,1951,1951,Hip,BrkFace,44.0,TA,Gd,CBlock,TA,Fa,No,LwQ,Unf,2136,TA,N,Fuse,2136,0,0,2136,0,0,2,0,4,1,TA,7,Atype,0,NA,Detchd,Unf,2,528,Y,0,30,0,0,0,0,Fence,0,WD,Normal,137900,11.834284063781393,Wood,Finished,Siding
60,RL,60.0,15384,NA,IR,Inside,Gilbert,NRR,1Fam,2.0Story,7,5,2004,2005,Gable,None,0.0,Gd,Gd,PConc,Gd,TA,Av,GLQ,Unf,788,Ex,Y,SBrkr,788,702,0,1490,1,0,2,1,3,1,Gd,8,Typ,1,Gd,Attchd,Fin,2,388,Y,100,75,0,0,0,0,NA,0,WD,Normal,184000,12.122691036591123,VinylSd,Finished,Siding
80,RL,65.0,10482,NA,Reg,Inside,NAmes,Norm,1Fam,SLvl,6,8,1958,1958,Hip,BrkFace,63.0,TA,Gd,CBlock,TA,TA,Av,GLQ,Unf,588,Ex,Y,SBrkr,1138,0,0,1138,0,1,1,0,3,1,TA,6,Typ,0,NA,Attchd,RFn,1,264,Y,224,0,0,0,0,0,Fence,0,WD,Normal,145000,11.884489021402711,VinylSd,Finished,Siding
60,RL,86.0,14598,NA,IR,CulDSac,Somerst,Feedr,1Fam,2.0Story,6,5,2007,2007,Gable,Stone,74.0,Gd,Gd,PConc,Gd,TA,Mn,Unf,Unf,894,Ex,Y,SBrkr,894,1039,0,1933,0,0,2,1,4,1,Gd,9,Typ,1,Gd,Attchd,Fin,3,668,Y,100,18,0,0,0,0,NA,0,WD,Normal,214000,12.273731294003989,VinylSd,Finished,Siding
20,RL,72.0,8872,NA,Reg,Corner,NAmes,Norm,1Fam,1.0Story,5,8,1965,2008,Gable,BrkFace,300.0,TA,Gd,CBlock,TA,TA,No,ALQ,Unf,912,Ex,Y,SBrkr,912,0,0,912,1,0,1,0,2,1,Gd,5,Typ,0,NA,Detchd,Unf,2,576,Y,0,240,0,0,0,0,NA,0,WD,Normal,147000,11.898187865760873,VinylSd,Finished,Siding
120,RL,65.0,8769,NA,Reg,Corner,NridgHt,Norm,Twnhs,1.0Story,9,5,2008,2008,Hip,BrkFace,766.0,Ex,Gd,PConc,Ex,TA,No,GLQ,Unf,1702,Ex,Y,SBrkr,1702,0,0,1702,1,0,1,1,1,1,Ex,7,Typ,1,Gd,Attchd,Fin,3,1052,Y,0,72,0,0,224,0,NA,0,Oth,Partial,367294,12.813917896253697,MetalSd,Finished,Siding
80,RL,70.0,7910,NA,Reg,Inside,NAmes,Norm,1Fam,SLvl,5,5,1960,1960,Hip,None,0.0,TA,Gd,CBlock,TA,TA,No,ALQ,Unf,1075,Gd,Y,SBrkr,1507,0,0,1507,0,0,2,0,4,1,TA,7,Atype,0,NA,Attchd,Unf,1,404,Y,0,0,0,0,0,0,Fence,0,WD,Normal,127000,11.751942365440728,HdBoard,Finished,Other
90,RL,70.05,18890,NA,IR,Inside,Sawyer,Feedr,Oth,1.5Story,5,5,1977,1977,Oth,None,0.0,TA,Gd,CBlock,Gd,TA,No,GLQ,Rec,1361,Ex,Y,SBrkr,1361,1259,0,2620,0,0,2,2,4,2,TA,12,Typ,1,TA,Attchd,RFn,2,600,N,155,24,145,0,0,0,NA,8300,WD,Normal,190000,12.154779351142624,Plywood,Finished,Other
90,RL,70.0,7728,NA,Reg,Inside,NAmes,Norm,Oth,SLvl,5,6,1962,1962,Hip,BrkFace,120.0,TA,Gd,CBlock,TA,TA,Av,ALQ,Unf,1106,TA,Y,SBrkr,1190,0,0,1190,1,0,1,0,3,1,TA,6,Typ,0,NA,Attchd,Unf,2,540,Y,0,18,0,0,0,0,Fence,0,WD,Normal,132500,11.794337924408413,Wood,Finished,Siding
90,RL,70.0,9842,NA,Reg,FR2,NAmes,Norm,Oth,1.0Story,4,5,1962,1962,Gable,None,0.0,TA,Gd,Oth,NA,NA,No,NA,NA,0,TA,Y,SBrkr,1224,0,0,1224,0,0,2,0,2,2,TA,6,Typ,0,NA,Detchd,Unf,2,462,Y,0,0,0,0,0,0,NA,0,WD,Normal,101800,11.53076538309856,HdBoard,Finished,Other
20,RL,70.05,12160,NA,IR,Inside,NAmes,Norm,1Fam,1.0Story,5,5,1959,1959,Hip,BrkFace,180.0,TA,Gd,CBlock,TA,TA,No,Rec,Unf,1188,Fa,Y,SBrkr,1188,0,0,1188,1,0,1,0,3,1,TA,6,Typ,0,NA,Attchd,RFn,2,531,Y,0,0,0,0,0,0,Fence,0,Oth,Abnorml,142000,11.863582336583399,Plywood,Finished,Other
70,RH,55.0,8525,NA,Reg,Inside,SWISU,Norm,1Fam,2.0Story,5,6,1911,1950,Gable,None,0.0,TA,Gd,PConc,TA,TA,Av,Unf,Unf,940,TA,N,Fuse,1024,940,0,1964,0,0,1,1,4,1,TA,7,Typ,0,NA,NA,NA,0,0,N,0,192,0,0,0,0,NA,0,WD,Abnorml,130000,11.77528972943772,MetalSd,Finished,Siding
70,RL,96.0,13132,NA,Reg,Inside,Crawfor,Norm,1Fam,2.0Story,5,5,1914,1950,Gable,None,0.0,TA,Gd,BrkTil,Gd,TA,Mn,Unf,Unf,747,Gd,Y,Fuse,892,892,0,1784,0,0,1,1,4,1,TA,9,Typ,0,NA,Detchd,Unf,1,180,N,203,40,0,0,0,0,NA,0,WD,Normal,138887,11.841415931849784,Wood,Finished,Siding
160,RL,36.0,2628,NA,Reg,Inside,NridgHt,Norm,Twnhs,2.0Story,7,5,2003,2003,Gable,Stone,106.0,Gd,Gd,PConc,Gd,TA,No,Unf,Unf,764,Ex,Y,SBrkr,764,862,0,1626,0,0,2,1,2,1,Gd,6,Typ,0,NA,Attchd,RFn,2,474,Y,0,27,0,0,0,0,NA,0,WD,Normal,175500,12.075394321888057,Wood,Finished,Shingle
60,RL,41.0,12393,NA,IR,FR2,CollgCr,Norm,1Fam,2.0Story,7,5,2004,2005,Gable,None,0.0,Gd,Gd,PConc,Gd,TA,No,Unf,Unf,847,Ex,Y,SBrkr,847,1101,0,1948,0,0,2,1,4,1,Gd,8,Typ,1,Gd,Attchd,Fin,2,434,Y,100,48,0,0,0,0,NA,0,WD,Normal,195000,12.180754837545884,VinylSd,Finished,Siding
20,RL,63.0,13072,NA,Reg,Inside,SawyerW,NRR,1Fam,1.0Story,6,5,2005,2005,Gable,None,0.0,Gd,Gd,PConc,Gd,TA,No,Unf,Unf,1141,Ex,Y,SBrkr,1141,0,0,1141,0,0,1,1,3,1,TA,6,Typ,0,NA,Detchd,Unf,2,484,Y,0,0,0,0,0,0,NA,0,WD,Abnorml,142500,11.867097278690842,VinylSd,Finished,Siding
20,RL,64.0,9037,NA,IR,Inside,Timber,Norm,1Fam,1.0Story,8,5,2006,2006,Hip,BrkFace,32.0,Gd,Gd,PConc,Gd,TA,Av,GLQ,Unf,1476,Ex,Y,SBrkr,1484,0,0,1484,0,0,2,0,2,1,Ex,6,Typ,1,Gd,Attchd,RFn,2,472,Y,120,33,0,0,0,0,NA,0,WD,Normal,265900,12.490875577231112,VinylSd,Finished,Siding
60,RL,65.0,8158,NA,Reg,Inside,CollgCr,Norm,1Fam,2.0Story,7,5,2003,2003,Gable,BrkFace,252.0,Gd,Gd,PConc,Gd,TA,No,GLQ,Unf,884,Ex,Y,SBrkr,884,884,0,1768,1,0,2,1,3,1,Gd,8,Typ,0,NA,Attchd,RFn,2,543,Y,0,63,0,0,0,0,NA,0,WD,Normal,224900,12.323411137947407,VinylSd,Finished,Siding
20,RL,83.0,9849,NA,Reg,Inside,Somerst,Norm,1Fam,1.0Story,7,6,2007,2007,Hip,Stone,0.0,Gd,Gd,PConc,Gd,TA,Av,Unf,Unf,1689,Ex,Y,SBrkr,1689,0,0,1689,0,0,2,0,3,1,Gd,7,Typ,0,NA,Attchd,RFn,3,954,Y,0,56,0,0,0,0,NA,0,Oth,Partial,248328,12.422505731952896,VinylSd,Finished,Siding
85,RL,85.0,10625,NA,Reg,Inside,NWAmes,Norm,1Fam,SFoyer,7,6,1974,1974,Gable,BrkFace,81.0,TA,Gd,CBlock,Gd,TA,Gd,GLQ,LwQ,1053,TA,Y,SBrkr,1173,0,0,1173,1,0,2,0,3,1,Gd,6,Typ,2,TA,Attchd,RFn,2,528,Y,0,120,0,0,0,0,Fence,0,WD,Abnorml,170000,12.043553716032399,Plywood,Finished,Other
20,RL,107.0,13891,NA,Reg,Inside,NridgHt,Norm,1Fam,1.0Story,10,5,2006,2006,Gable,None,0.0,Ex,Gd,PConc,Ex,Gd,Gd,GLQ,Unf,2076,Ex,Y,SBrkr,2076,0,0,2076,1,0,2,1,2,1,Ex,7,Typ,1,Gd,Attchd,Fin,3,850,Y,216,229,0,0,0,0,NA,0,Oth,Partial,465000,13.049792684569493,VinylSd,Finished,Siding
70,RL,70.05,11435,NA,IR,Corner,Crawfor,Norm,1Fam,2.0Story,8,7,1929,1950,Gable,None,0.0,TA,Gd,PConc,Gd,TA,No,Unf,Unf,792,Fa,Y,SBrkr,792,725,0,1517,0,0,1,0,3,1,Gd,7,Typ,2,Gd,Detchd,Unf,2,400,Y,0,0,0,0,0,0,NA,0,WD,Normal,230000,12.345834587905333,Stucco,Finished,Other
80,RL,78.0,12090,NA,Reg,Inside,NWAmes,Norm,1Fam,SLvl,6,7,1984,2003,Hip,BrkFace,74.0,TA,Gd,CBlock,Gd,TA,No,Unf,Unf,585,Ex,Y,SBrkr,1140,728,0,1868,0,0,3,1,3,1,TA,7,Typ,1,TA,Attchd,Fin,2,477,Y,268,112,0,0,147,0,NA,0,WD,Abnorml,178000,12.089538829274222,VinylSd,Finished,Siding
60,FV,65.0,8125,NA,Reg,Inside,Somerst,Norm,1Fam,2.0Story,7,5,2005,2006,Gable,None,0.0,Gd,Gd,PConc,Gd,TA,No,Unf,Unf,756,Ex,Y,SBrkr,756,797,0,1553,0,0,2,1,3,1,Gd,6,Typ,0,NA,Attchd,RFn,2,615,Y,0,45,0,0,0,0,NA,0,Oth,Partial,186500,12.136186518066006,VinylSd,Finished,Siding
80,RL,70.05,12328,NA,IR,Inside,Mitchel,Norm,1Fam,SLvl,6,5,1976,1976,Gable,BrkFace,335.0,TA,Gd,CBlock,TA,TA,Av,GLQ,Unf,1012,TA,Y,SBrkr,1034,0,0,1034,1,0,1,0,3,1,TA,6,Typ,0,NA,Attchd,Unf,3,888,Y,0,0,0,0,0,0,NA,0,WD,Normal,169900,12.042965307660024,HdBoard,Finished,Other
75,RM,60.0,9600,Grvl,Reg,Inside,OldTown,Norm,1Fam,2.5Story,6,5,1917,1950,Gable,None,0.0,TA,Gd,BrkTil,Gd,TA,No,Rec,Unf,735,Fa,N,SBrkr,1134,924,0,2058,0,0,1,1,3,1,TA,8,Typ,1,Gd,Detchd,Unf,2,396,N,0,0,259,0,0,0,NA,0,WD,Normal,129500,11.771436160121729,Other,Unfinished,Shingle
20,RL,60.0,7200,NA,Reg,Inside,NAmes,Norm,1Fam,1.0Story,5,7,1950,1950,Gable,None,0.0,TA,Gd,CBlock,TA,TA,No,BLQ,Rec,876,TA,Y,SBrkr,988,0,0,988,0,0,1,0,3,1,TA,6,Typ,0,NA,Attchd,Unf,1,276,Y,0,80,0,0,0,0,NA,0,WD,Normal,119000,11.686878772093667,MetalSd,Finished,Siding
20,RL,93.0,11160,NA,Reg,Corner,NAmes,Norm,1Fam,1.0Story,7,5,1968,1968,Hip,None,0.0,Gd,Gd,CBlock,TA,TA,No,ALQ,Unf,2110,Ex,Y,SBrkr,2110,0,0,2110,1,0,2,1,3,1,Ex,8,Typ,2,TA,Attchd,Fin,2,522,Y,0,0,0,0,0,0,NA,0,WD,Normal,244000,12.404923504275338,Other,Finished,Other
120,RL,70.05,3136,NA,IR,Corner,NridgHt,Norm,Twnhs,1.0Story,7,5,2003,2003,Gable,Stone,163.0,Gd,Gd,PConc,Gd,TA,No,Unf,Unf,1405,Ex,Y,SBrkr,1405,0,0,1405,0,0,2,0,2,1,Gd,6,Typ,1,Gd,Attchd,RFn,2,478,Y,148,36,0,0,0,0,NA,0,WD,Normal,171750,12.053795210084596,Wood,Finished,Shingle
20,RL,62.0,9858,NA,Reg,Inside,Mitchel,Norm,1Fam,1.0Story,5,6,1968,1968,Gable,None,0.0,TA,Gd,CBlock,TA,TA,No,BLQ,Unf,864,TA,Y,SBrkr,874,0,0,874,1,0,1,0,3,1,TA,5,Typ,0,NA,Attchd,RFn,1,288,Y,33,0,0,0,0,0,Fence,600,WD,Normal,130000,11.77528972943772,HdBoard,Finished,Other
60,RL,70.05,17542,NA,IR,Inside,Veenker,Norm,1Fam,2.0Story,7,7,1974,2003,Gable,None,0.0,Gd,Gd,CBlock,TA,TA,Gd,LwQ,ALQ,1192,TA,Y,SBrkr,1516,651,0,2167,1,0,2,1,3,1,Gd,9,Typ,2,Gd,Attchd,RFn,2,518,Y,220,47,0,0,0,0,Fence,0,WD,Normal,294000,12.591335046320818,Wood,Finished,Siding
60,RL,60.0,6931,NA,Reg,Inside,Edwards,Norm,1Fam,2.0Story,7,5,2003,2004,Gable,Stone,92.0,Gd,Gd,PConc,Gd,TA,No,Unf,Unf,746,Ex,Y,SBrkr,760,896,0,1656,0,0,2,1,3,1,Gd,7,Typ,1,Gd,Attchd,Fin,2,397,Y,178,128,0,0,0,0,NA,0,WD,Normal,165400,12.016122061571728,VinylSd,Finished,Siding
50,RM,52.0,6240,NA,Reg,Inside,BrkSide,Norm,1Fam,1.5Story,6,6,1931,1950,Gable,None,0.0,TA,Gd,BrkTil,TA,Fa,No,LwQ,Unf,884,TA,Y,Fuse,959,408,0,1367,0,0,1,0,3,1,TA,6,Typ,1,Gd,Detchd,Unf,1,560,Y,0,0,0,0,120,0,NA,0,WD,Normal,127500,11.755871643580617,Wood,Finished,Siding
20,RL,91.0,14303,NA,IR,Corner,NoRidge,Norm,1Fam,1.0Story,8,5,1994,1994,Hip,BrkFace,554.0,Gd,Gd,PConc,Gd,TA,Gd,GLQ,Unf,1986,Ex,Y,SBrkr,1987,0,0,1987,1,0,2,0,2,1,Gd,7,Typ,1,TA,Attchd,Fin,2,691,Y,262,36,0,0,0,0,NA,0,WD,Normal,301500,12.616525295149378,HdBoard,Finished,Other
30,RL,56.0,4060,NA,Reg,Corner,Edwards,Feedr,1Fam,1.0Story,5,8,1922,1950,Gable,None,0.0,TA,Gd,PConc,Fa,TA,No,Unf,Unf,864,Ex,Y,SBrkr,864,0,0,864,0,0,1,0,2,1,TA,4,Typ,0,NA,NA,NA,0,0,Y,0,96,0,0,0,0,NA,0,WD,Normal,99900,11.511924964636645,Wood,Finished,Siding
80,RL,59.0,9587,NA,IR,Inside,Gilbert,Norm,1Fam,SLvl,7,5,2005,2005,Gable,Stone,182.0,Gd,Gd,PConc,Gd,TA,Gd,GLQ,Unf,856,Ex,Y,SBrkr,1166,0,0,1166,1,0,2,0,2,1,Gd,5,Typ,0,NA,Attchd,Fin,2,400,Y,212,0,0,0,0,0,NA,0,WD,Normal,190000,12.154779351142624,VinylSd,Finished,Siding
20,RL,65.0,9750,NA,Reg,FR2,NAmes,Norm,1Fam,1.0Story,6,8,1969,1969,Gable,None,0.0,TA,Gd,CBlock,Gd,TA,No,ALQ,LwQ,1054,Gd,Y,SBrkr,1054,0,0,1054,1,0,1,1,3,1,TA,6,Typ,0,NA,Attchd,Unf,2,460,Y,180,0,0,0,80,0,NA,0,WD,Normal,151000,11.925035115797062,HdBoard,Finished,Other
60,RL,70.05,24682,NA,IR,CulDSac,Gilbert,NRR,1Fam,2.0Story,6,5,1999,1999,Gable,None,0.0,TA,Gd,PConc,Gd,TA,No,Unf,Unf,841,Ex,Y,SBrkr,892,783,0,1675,0,0,2,1,3,1,TA,7,Typ,1,TA,Attchd,Fin,2,502,Y,0,103,0,0,0,0,NA,0,WD,Normal,181000,12.106252310247962,VinylSd,Finished,Siding
20,RL,80.0,9600,NA,Reg,Inside,NAmes,Norm,1Fam,1.0Story,5,6,1956,1956,Hip,None,0.0,TA,Gd,CBlock,TA,TA,No,Rec,Unf,1050,Gd,Y,SBrkr,1050,0,0,1050,0,0,1,0,2,1,TA,5,Typ,0,NA,Attchd,Unf,1,338,Y,0,0,0,0,0,0,NA,0,WD,Normal,128900,11.766792188927278,MetalSd,Finished,Siding
50,RL,70.05,11250,NA,Reg,Inside,ClearCr,Norm,1Fam,1.5Story,4,5,1957,1989,Gable,None,0.0,TA,Gd,CBlock,TA,TA,Av,Unf,Unf,1104,Ex,Y,Fuse,1104,684,0,1788,1,0,1,0,5,1,TA,8,Atype,2,TA,Attchd,Unf,1,304,Y,120,0,0,0,0,0,NA,0,WD,Normal,161500,11.992260421644849,Wood,Finished,Siding
70,RL,60.0,13515,Pave,Reg,Inside,BrkSide,Norm,1Fam,2.0Story,6,6,1919,1950,Oth,None,0.0,TA,Gd,PConc,TA,TA,No,Unf,Unf,764,Ex,Y,Fuse,1060,764,0,1824,0,0,1,0,3,1,TA,8,Typ,1,Gd,Detchd,Unf,2,520,N,0,0,126,0,0,0,Fence,0,WD,Normal,180500,12.103486056755072,Wood,Finished,Siding
120,RH,34.0,4060,NA,Reg,Inside,NAmes,Norm,Twnhs,1.0Story,6,5,1998,1999,Gable,None,0.0,Gd,Gd,PConc,Gd,TA,No,GLQ,Unf,1405,Ex,Y,SBrkr,1337,0,0,1337,1,0,2,0,2,1,Gd,5,Typ,0,NA,Attchd,Fin,2,511,Y,144,68,0,0,0,0,NA,0,Oth,Abnorml,181000,12.106252310247962,MetalSd,Finished,Siding
160,FV,35.0,3735,NA,Reg,FR3,Somerst,Norm,Twnhs,2.0Story,7,5,1999,1999,Hip,BrkFace,218.0,Gd,Gd,PConc,Gd,TA,No,GLQ,Unf,691,Ex,Y,SBrkr,713,739,0,1452,1,0,2,1,3,1,Gd,6,Typ,0,NA,Detchd,Unf,2,506,Y,0,34,0,0,0,0,NA,0,WD,Normal,183900,12.122147410592412,MetalSd,Finished,Siding
190,RM,60.0,10120,NA,IR,Inside,OldTown,Feedr,Oth,2.5Story,7,4,1910,1950,Hip,None,0.0,Fa,Gd,CBlock,TA,TA,No,Unf,Unf,925,TA,N,Fuse,964,925,0,1889,0,0,1,1,4,2,TA,9,Typ,1,Gd,Detchd,Unf,1,308,N,0,0,264,0,0,0,Fence,0,WD,Normal,122000,11.711776323715394,Wood,Unfinished,Siding
20,RL,89.0,13214,NA,IR,Inside,Timber,Norm,1Fam,1.0Story,9,5,2008,2009,Hip,None,0.0,Ex,Gd,PConc,Ex,TA,Gd,Unf,Unf,2002,Ex,Y,SBrkr,2018,0,0,2018,0,0,2,0,3,1,Ex,10,Typ,1,Gd,Attchd,Fin,3,746,Y,144,76,0,0,0,0,NA,0,WD,Normal,378500,12.84397135185964,Other,Finished,Other
50,RL,70.05,14100,NA,IR,Inside,Crawfor,Norm,1Fam,1.5Story,8,9,1935,1997,Gable,BrkFace,632.0,TA,Gd,CBlock,TA,TA,Mn,Rec,Unf,728,Ex,Y,SBrkr,1968,1479,0,3447,0,0,3,1,4,1,Gd,11,Typ,2,Gd,Attchd,Unf,3,1014,Y,314,12,0,0,0,0,Fence,0,WD,Normal,381000,12.850554654108839,Stucco,Finished,Other
50,RL,78.0,11344,NA,Reg,Inside,NAmes,Feedr,1Fam,1.5Story,5,5,1958,1958,Gable,BrkFace,180.0,TA,Gd,CBlock,TA,TA,No,BLQ,Unf,874,TA,Y,Fuse,874,650,0,1524,0,0,1,1,3,1,TA,7,Typ,0,NA,Attchd,Unf,1,315,Y,0,0,0,0,0,0,Fence,0,WD,Normal,144000,11.877568578558138,MetalSd,Finished,Siding
40,RL,70.05,23595,NA,Reg,Inside,ClearCr,Norm,1Fam,1.0Story,7,6,1979,1979,Oth,None,0.0,Gd,Gd,PConc,Gd,TA,Gd,GLQ,Unf,1332,TA,Y,SBrkr,1332,192,0,1524,2,0,0,1,0,1,Gd,4,Typ,1,TA,Attchd,Fin,2,586,Y,268,0,0,0,0,0,NA,0,WD,Normal,260000,12.468436909997665,Plywood,Finished,Other
20,RL,70.05,9156,NA,IR,Inside,NWAmes,Pos,1Fam,1.0Story,6,7,1968,1968,Hip,None,0.0,TA,Gd,CBlock,TA,TA,No,Unf,Unf,1489,Gd,Y,SBrkr,1489,0,0,1489,0,0,2,0,3,1,Gd,7,Typ,1,Gd,Attchd,RFn,2,462,Y,0,0,0,0,0,0,NA,0,WD,Normal,185750,12.132156962580005,Other,Finished,Other
20,RL,70.05,13526,NA,IR,CulDSac,Sawyer,Norm,1Fam,1.0Story,5,6,1965,1965,Hip,BrkFace,114.0,TA,Gd,CBlock,TA,TA,No,BLQ,LwQ,935,TA,Y,SBrkr,935,0,0,935,1,0,1,0,3,1,TA,5,Typ,0,NA,Attchd,Unf,1,288,Y,180,0,0,0,0,0,Fence,0,WD,Normal,137000,11.827736204810263,Plywood,Finished,Other
80,RL,124.0,11512,NA,IR,Corner,Edwards,Norm,1Fam,SLvl,6,7,1959,2006,Gable,BrkFace,84.0,TA,Gd,CBlock,TA,TA,Av,ALQ,Unf,1019,Gd,Y,SBrkr,1357,0,0,1357,1,0,1,0,2,1,Ex,5,Typ,1,Gd,Attchd,RFn,1,312,Y,0,0,0,0,163,0,Fence,0,WD,Normal,177000,12.083905011555967,Plywood,Finished,Other
50,RL,53.0,5362,NA,Reg,Corner,Crawfor,Norm,1Fam,1.5Story,5,6,1910,2003,Gable,None,0.0,TA,Gd,PConc,TA,TA,No,Unf,Unf,661,Ex,Y,SBrkr,661,589,0,1250,0,0,2,0,3,1,TA,8,Typ,1,Gd,Detchd,Unf,2,552,Y,242,0,81,0,0,0,NA,0,WD,Normal,139000,11.842229212112828,Wood,Finished,Shingle
90,RL,95.0,11345,NA,Reg,Corner,NAmes,Feedr,Oth,2.0Story,5,5,1948,1950,Gable,Stone,567.0,TA,Gd,CBlock,TA,TA,No,Rec,Unf,928,Gd,Y,Fuse,928,992,0,1920,0,0,2,0,4,2,TA,10,Typ,0,NA,Detchd,Unf,2,400,Y,0,0,0,0,0,0,NA,0,WD,Normal,137000,11.827736204810263,Other,Finished,Shingle
60,RL,70.05,12936,NA,IR,CulDSac,NWAmes,Norm,1Fam,2.0Story,6,6,1972,1972,Gable,None,0.0,TA,Gd,CBlock,TA,Gd,No,BLQ,Unf,723,TA,Y,SBrkr,735,660,0,1395,0,1,1,1,3,1,TA,6,Typ,1,TA,Attchd,Unf,2,497,Y,294,116,0,0,0,0,NA,0,WD,Normal,162000,11.99535161421452,Plywood,Finished,Other
80,RL,70.05,17871,NA,IR,CulDSac,NWAmes,Norm,1Fam,SLvl,6,5,1967,1976,Gable,BrkFace,359.0,TA,Gd,CBlock,Gd,TA,Av,ALQ,Unf,1680,Fa,Y,SBrkr,1724,0,0,1724,1,0,1,1,3,1,TA,7,Typ,1,Gd,Attchd,RFn,2,480,Y,0,0,0,0,0,0,NA,0,WD,Normal,197900,12.195517131590657,HdBoard,Finished,Other
60,RL,75.0,9473,NA,Reg,Inside,CollgCr,Norm,1Fam,2.0Story,8,5,2002,2002,Gable,None,0.0,Gd,Gd,PConc,Gd,TA,No,GLQ,Unf,1128,Ex,Y,SBrkr,1128,903,0,2031,1,0,2,1,3,1,Gd,7,Typ,1,Gd,Attchd,RFn,2,577,Y,0,211,0,0,0,0,NA,0,WD,Normal,237000,12.375815420117268,VinylSd,Finished,Siding
50,C (all),60.0,7500,NA,Reg,Inside,IDOTRR,Norm,1Fam,1.5Story,4,4,1920,1950,Gable,None,0.0,TA,Gd,CBlock,TA,TA,No,Unf,Unf,698,TA,Y,Fuse,698,430,0,1128,0,0,1,0,2,1,TA,6,Typ,0,NA,Detchd,RFn,2,528,Y,30,0,164,0,0,0,NA,0,Oth,Abnorml,68400,11.133128103610641,MetalSd,Finished,Siding
20,RL,67.0,9808,NA,IR,Inside,CollgCr,Norm,1Fam,1.0Story,7,5,2002,2002,Gable,BrkFace,110.0,Gd,Gd,PConc,Gd,TA,No,GLQ,Unf,1573,Ex,Y,SBrkr,1573,0,0,1573,1,0,2,0,3,1,Gd,6,Typ,0,NA,Attchd,RFn,2,544,Y,0,72,0,0,0,0,NA,0,WD,Normal,227000,12.332705296463539,VinylSd,Finished,Siding
20,RL,50.0,8049,NA,IR,CulDSac,Timber,Norm,1Fam,1.0Story,7,5,1990,1990,Hip,BrkFace,54.0,TA,Gd,CBlock,Gd,TA,No,ALQ,Unf,1309,TA,Y,SBrkr,1339,0,0,1339,1,0,2,0,2,1,TA,6,Typ,1,TA,Attchd,Fin,2,484,Y,0,58,0,0,90,0,NA,0,WD,Normal,180000,12.100712129872347,HdBoard,Finished,Other
20,RL,61.0,8800,NA,IR,Inside,CollgCr,Norm,1Fam,1.0Story,5,7,1977,2008,Gable,None,0.0,TA,Gd,CBlock,Gd,TA,Mn,LwQ,Rec,1040,TA,Y,SBrkr,1040,0,0,1040,0,0,2,0,3,1,Gd,5,Typ,0,NA,Detchd,Unf,2,484,Y,0,0,0,0,288,0,NA,0,WD,Normal,150500,11.921718363171067,HdBoard,Finished,Other
90,RL,94.0,9400,NA,Reg,Corner,Mitchel,Norm,Oth,2.0Story,6,5,1971,1971,Oth,None,0.0,TA,Gd,CBlock,TA,TA,Av,Unf,Unf,912,TA,Y,SBrkr,912,912,0,1824,0,0,2,2,4,2,TA,8,Typ,0,NA,NA,NA,0,0,Y,128,0,0,0,0,0,NA,0,WD,Normal,139000,11.842229212112828,Wood,Finished,Shingle
50,RL,50.0,9638,NA,Reg,Inside,SWISU,Feedr,1Fam,1.5Story,6,7,1919,1990,Gable,None,0.0,TA,Gd,PConc,TA,TA,No,Unf,Unf,804,Ex,Y,SBrkr,1699,748,0,2447,0,0,2,0,4,1,Gd,10,Atype,1,Gd,Detchd,Unf,1,336,Y,272,0,42,0,116,0,NA,0,WD,Normal,169000,12.037653993905211,Wood,Finished,Shingle
50,RM,50.0,6000,NA,Reg,Inside,BrkSide,Norm,1Fam,1.5Story,6,6,1939,1950,Gable,None,0.0,TA,Fa,CBlock,TA,TA,No,Unf,Unf,780,Ex,Y,Fuse,825,587,0,1412,0,0,1,0,4,1,TA,6,Typ,1,Gd,Detchd,Unf,1,280,Y,45,0,0,0,0,0,NA,0,WD,Normal,132500,11.794337924408413,MetalSd,Finished,Siding
20,RL,70.05,9790,NA,Reg,Inside,NWAmes,Feedr,1Fam,1.0Story,6,5,1963,1963,Hip,BrkFace,451.0,TA,Gd,CBlock,TA,TA,No,ALQ,Rec,1328,TA,Y,SBrkr,1328,0,0,1328,1,0,1,1,3,1,TA,6,Typ,2,Gd,Attchd,Unf,2,528,Y,0,26,0,0,0,0,NA,0,WD,Normal,143000,11.870599909242044,HdBoard,Finished,Other
20,RL,70.05,36500,NA,IR,Inside,ClearCr,Norm,1Fam,1.0Story,5,5,1964,1964,Gable,BrkCmn,621.0,TA,Gd,CBlock,TA,TA,Av,Rec,Unf,1624,Fa,Y,SBrkr,1582,0,0,1582,0,1,2,0,4,1,TA,7,Typ,0,NA,Attchd,Unf,2,390,N,168,198,0,0,0,0,NA,0,WD,Normal,190000,12.154779351142624,Wood,Finished,Siding
120,RL,40.0,5664,NA,IR,Inside,StoneBr,Norm,Twnhs,1.0Story,8,5,2000,2000,Gable,None,0.0,Gd,Gd,PConc,Gd,TA,No,GLQ,Unf,1501,Ex,Y,SBrkr,1659,0,0,1659,1,0,2,0,2,1,Ex,5,Typ,1,Gd,Attchd,Fin,2,499,Y,212,59,0,0,0,0,NA,0,WD,Normal,278000,12.535376392672774,Other,Finished,Other
60,RL,86.0,11065,NA,IR,Inside,NridgHt,Norm,1Fam,2.0Story,8,5,2006,2006,Gable,Stone,788.0,Gd,Gd,PConc,Gd,TA,Mn,Unf,Unf,1085,Ex,Y,SBrkr,1120,850,0,1970,0,0,2,1,3,1,Ex,8,Typ,1,Gd,Attchd,Fin,3,753,Y,177,74,0,0,0,0,NA,0,Oth,Partial,281000,12.546109948315882,VinylSd,Finished,Siding
80,RL,70.05,14112,NA,IR,Corner,NAmes,Norm,1Fam,SLvl,5,7,1964,1964,Hip,BrkFace,86.0,TA,Gd,PConc,TA,TA,Av,GLQ,Unf,1152,TA,Y,SBrkr,1152,0,0,1152,1,0,1,0,3,1,TA,6,Typ,1,Gd,Attchd,RFn,2,484,Y,227,0,0,0,0,0,NA,0,WD,Normal,180500,12.103486056755072,HdBoard,Finished,Other
160,RM,21.0,1680,NA,Reg,Inside,BrDale,Norm,Twnhs,2.0Story,5,7,1972,1972,Gable,BrkFace,268.0,TA,Gd,CBlock,TA,TA,No,ALQ,Unf,630,TA,Y,SBrkr,630,672,0,1302,0,0,2,1,3,1,TA,6,Typ,0,NA,Detchd,Unf,1,264,Y,185,0,0,0,0,0,NA,0,WD,Normal,119500,11.691071650353702,Other,Finished,Other
70,RM,60.0,6600,NA,Reg,Corner,OldTown,Norm,1Fam,2.0Story,5,4,1892,1965,Gable,None,0.0,TA,Gd,Oth,TA,TA,No,Unf,Unf,994,TA,N,SBrkr,1378,994,0,2372,0,0,2,0,4,2,TA,11,Atype,0,NA,Attchd,RFn,1,432,Y,0,287,0,0,0,0,NA,0,WD,Normal,107500,11.585246126549855,Wood,Finished,Siding
60,RL,78.0,10140,NA,Reg,Inside,NWAmes,Norm,1Fam,2.0Story,7,5,1976,1976,Gable,None,0.0,TA,Gd,PConc,Gd,TA,No,GLQ,Unf,832,TA,Y,SBrkr,832,832,0,1664,0,0,2,1,4,1,TA,8,Typ,1,TA,Attchd,RFn,2,528,Y,0,28,0,0,259,0,Fence,0,WD,Normal,162900,12.000891794590137,HdBoard,Finished,Other
20,RL,60.0,8172,NA,Reg,Inside,Edwards,Norm,1Fam,1.0Story,5,7,1955,1990,Hip,None,0.0,TA,Gd,CBlock,TA,TA,No,Rec,Unf,864,TA,Y,SBrkr,864,0,0,864,1,0,1,0,2,1,TA,5,Typ,0,NA,Detchd,Unf,2,572,N,0,0,0,0,0,0,NA,0,WD,Normal,115000,11.652687407345388,Plywood,Finished,Other
20,RL,70.0,8400,NA,Reg,Inside,NAmes,Feedr,1Fam,1.0Story,5,5,1968,1968,Hip,BrkFace,168.0,TA,Gd,CBlock,TA,TA,Av,BLQ,Unf,1052,Gd,Y,SBrkr,1052,0,0,1052,1,0,1,1,3,1,TA,5,Typ,0,NA,Attchd,RFn,1,288,Y,356,0,0,0,0,0,Fence,0,WD,Normal,138500,11.83862560460953,HdBoard,Finished,Other
20,RL,80.0,8700,NA,Reg,Inside,NAmes,Norm,1Fam,1.0Story,5,6,1963,1963,Hip,BrkFace,148.0,TA,Gd,CBlock,TA,TA,Mn,ALQ,Unf,1120,Gd,Y,SBrkr,1128,0,0,1128,1,0,2,0,3,1,TA,6,Typ,0,NA,Attchd,RFn,2,525,Y,192,20,123,0,0,0,Fence,0,WD,Normal,155000,11.951180395901384,MetalSd,Finished,Siding
180,RM,35.0,3675,NA,Reg,Inside,Edwards,Norm,Twnhs,SFoyer,6,5,2005,2006,Gable,BrkFace,82.0,TA,Gd,PConc,Gd,TA,Gd,GLQ,Unf,547,Gd,Y,SBrkr,1072,0,0,1072,1,0,2,0,2,1,TA,5,Typ,0,NA,Attchd,Fin,2,525,Y,0,44,0,0,0,0,NA,0,Oth,Partial,140000,11.84939770159144,VinylSd,Finished,Siding
60,RL,313.0,63887,NA,IR,Corner,Edwards,Feedr,1Fam,2.0Story,10,5,2008,2008,Hip,Stone,796.0,Ex,Gd,PConc,Ex,TA,Gd,GLQ,Unf,6110,Ex,Y,SBrkr,4692,950,0,5642,2,0,2,1,3,1,Ex,12,Typ,3,Gd,Attchd,Fin,2,1418,Y,214,292,0,0,0,480,NA,0,Oth,Partial,160000,11.982929094215963,Stucco,Finished,Other
20,RL,75.0,7500,NA,Reg,Inside,NAmes,Norm,1Fam,1.0Story,5,7,1959,1994,Hip,None,0.0,TA,Gd,CBlock,TA,TA,No,LwQ,Rec,1246,Ex,Y,SBrkr,1246,0,0,1246,1,0,1,1,3,1,Gd,6,Typ,0,NA,Attchd,RFn,1,305,Y,218,0,0,0,0,0,Fence,0,WD,Normal,154000,11.944707881395766,Other,Finished,Other
60,RL,70.05,10762,NA,IR,CulDSac,Gilbert,Norm,1Fam,2.0Story,7,5,1999,1999,Gable,BrkFace,344.0,Gd,Gd,PConc,Gd,TA,No,GLQ,Unf,978,Ex,Y,SBrkr,1005,978,0,1983,0,0,2,1,3,1,Gd,9,Typ,1,TA,Attchd,Fin,2,490,Y,0,0,0,0,0,0,NA,0,WD,Normal,225000,12.323855681186558,VinylSd,Finished,Siding
70,RL,70.05,7500,NA,IR,Inside,Crawfor,Norm,1Fam,2.0Story,6,7,1942,1950,Gable,None,0.0,TA,Gd,CBlock,TA,TA,No,BLQ,Unf,771,Fa,Y,SBrkr,753,741,0,1494,0,0,1,0,3,1,Gd,7,Typ,2,Gd,Attchd,Unf,1,213,N,0,0,0,0,224,0,NA,0,WD,Normal,177500,12.086725887897607,Wood,Finished,Siding
60,RL,92.0,10120,NA,Reg,Inside,NoRidge,Norm,1Fam,2.0Story,8,5,1994,1994,Hip,BrkFace,391.0,Gd,Gd,PConc,Gd,TA,No,GLQ,Unf,1165,Ex,Y,SBrkr,1203,1323,0,2526,1,0,2,1,4,1,Gd,8,Typ,1,TA,Attchd,RFn,3,844,Y,309,78,0,0,0,0,NA,0,WD,Normal,290000,12.577636201962656,VinylSd,Finished,Siding
20,RL,73.0,8688,NA,Reg,Inside,Somerst,Norm,1Fam,1.0Story,7,5,2005,2005,Gable,BrkFace,228.0,Gd,Gd,PConc,Gd,TA,Av,Unf,Unf,1616,Ex,Y,SBrkr,1616,0,0,1616,0,0,2,0,3,1,Gd,7,Typ,0,NA,Attchd,RFn,3,834,Y,208,59,0,0,0,0,NA,0,WD,Normal,232000,12.354492650648448,VinylSd,Finished,Siding
160,RM,32.0,3363,NA,Reg,Inside,Edwards,Norm,Twnhs,2.0Story,7,5,2004,2004,Gable,Stone,117.0,Gd,Gd,PConc,Gd,TA,No,Unf,Unf,976,Ex,Y,SBrkr,976,732,0,1708,0,0,2,0,3,1,Gd,7,Atype,0,NA,Detchd,Unf,2,380,Y,0,40,0,0,0,0,NA,0,WD,Normal,130000,11.77528972943772,VinylSd,Finished,Siding
20,RL,108.0,13173,NA,IR,Corner,NridgHt,Norm,1Fam,1.0Story,9,5,2006,2007,Hip,Stone,300.0,Gd,Gd,PConc,Ex,TA,No,GLQ,Unf,1652,Ex,Y,SBrkr,1652,0,0,1652,1,0,2,0,2,1,Ex,6,Typ,2,Gd,Attchd,Fin,2,840,Y,404,102,0,0,0,0,NA,0,WD,Normal,325000,12.691580461311874,VinylSd,Finished,Siding
120,RL,48.0,6955,NA,IR,Inside,NridgHt,Norm,Twnhs,1.0Story,7,5,2005,2006,Gable,Stone,94.0,Gd,Gd,PConc,Gd,TA,No,Unf,Unf,1368,Ex,Y,SBrkr,1368,0,0,1368,0,0,2,0,2,1,Gd,6,Typ,1,Gd,Attchd,RFn,2,474,Y,132,35,0,0,0,0,NA,0,Oth,Partial,202500,12.218495165528731,VinylSd,Finished,Siding
20,RL,60.0,8072,NA,Reg,Inside,CollgCr,Norm,1Fam,1.0Story,5,5,1994,1995,Gable,None,0.0,TA,Gd,PConc,Gd,Gd,No,ALQ,Unf,990,Ex,Y,SBrkr,990,0,0,990,1,0,1,0,3,1,TA,5,Typ,0,NA,Detchd,Unf,2,480,Y,0,64,0,0,0,0,NA,0,WD,Normal,138000,11.835008964139341,VinylSd,Finished,Siding
20,RM,100.0,12000,NA,Reg,Inside,OldTown,Norm,1Fam,1.0Story,5,7,1948,2005,Gable,None,0.0,TA,Gd,CBlock,TA,TA,No,GLQ,ALQ,924,Ex,Y,SBrkr,1122,0,0,1122,1,0,1,0,2,1,Gd,6,Typ,0,NA,Attchd,Unf,2,528,Y,0,36,0,0,0,0,Fence,0,WD,Normal,147000,11.898187865760873,MetalSd,Finished,Siding
20,RL,70.05,7153,NA,Reg,Inside,SawyerW,Norm,1Fam,1.0Story,6,5,1991,1991,Gable,BrkFace,88.0,TA,Gd,CBlock,Gd,TA,No,GLQ,Unf,1278,Gd,Y,SBrkr,1294,0,0,1294,1,0,2,0,3,1,Gd,6,Typ,0,NA,Attchd,RFn,2,496,Y,112,51,0,0,0,0,Fence,0,WD,Normal,179200,12.096257779522967,HdBoard,Finished,Other
20,RL,100.0,17500,NA,Reg,Inside,Crawfor,Pos,1Fam,1.0Story,7,8,1959,2002,Gable,None,0.0,Gd,Gd,PConc,Gd,TA,Av,GLQ,Unf,1902,TA,Y,SBrkr,1902,0,0,1902,1,0,2,0,3,1,Ex,7,Typ,2,TA,Attchd,Fin,2,567,Y,0,207,162,0,0,0,NA,0,WD,Normal,335000,12.721885810807203,HdBoard,Finished,Other
20,RL,68.0,8814,NA,Reg,Inside,CollgCr,Norm,1Fam,1.0Story,7,5,2005,2007,Gable,BrkFace,80.0,Gd,Gd,PConc,Gd,TA,No,GLQ,Unf,1274,Ex,Y,SBrkr,1274,0,0,1274,1,0,2,0,3,1,Gd,6,Typ,0,NA,Attchd,RFn,2,508,Y,264,98,0,0,0,0,NA,0,Oth,Partial,203000,12.220961258023925,VinylSd,Finished,Siding
60,RL,70.05,9572,NA,IR,Inside,NoRidge,Norm,1Fam,2.0Story,8,5,1990,1990,Gable,BrkFace,336.0,Gd,Gd,PConc,Ex,TA,No,GLQ,Unf,1453,Ex,Y,SBrkr,1453,1357,0,2810,0,0,2,1,4,1,Gd,9,Typ,1,Gd,Attchd,RFn,2,750,Y,500,0,0,0,0,0,NA,0,WD,Normal,302000,12.618182296357007,Wood,Finished,Siding
60,RL,108.0,14774,NA,IR,Corner,NoRidge,Norm,1Fam,2.0Story,9,5,1999,1999,Gable,BrkFace,165.0,Gd,Gd,PConc,Gd,TA,No,Unf,Unf,1393,Ex,Y,SBrkr,1422,1177,0,2599,0,0,2,1,4,1,Gd,10,Typ,1,TA,Attchd,Fin,3,779,Y,668,30,0,0,0,0,NA,0,WD,Normal,333168,12.716402146247475,VinylSd,Finished,Siding
20,RL,60.0,8190,NA,Reg,Inside,Edwards,Norm,1Fam,1.0Story,4,6,1954,1954,Hip,None,0.0,TA,Gd,CBlock,TA,TA,No,Rec,Unf,948,Ex,Y,SBrkr,948,0,0,948,1,0,1,0,3,1,TA,5,Typ,1,TA,Detchd,Unf,1,280,Y,0,36,0,0,0,0,NA,0,WD,Normal,119000,11.686878772093667,Wood,Finished,Siding
60,RL,85.0,11075,NA,Reg,Inside,NAmes,Norm,1Fam,2.0Story,6,5,1969,1969,Gable,None,0.0,TA,Gd,CBlock,Fa,TA,Mn,ALQ,LwQ,952,TA,Y,SBrkr,1092,1020,0,2112,0,0,2,1,4,1,TA,9,Typ,2,Gd,Attchd,Unf,2,576,Y,280,0,0,0,0,0,NA,0,WD,Normal,206900,12.239990863733635,HdBoard,Finished,Other
20,RL,61.0,10226,NA,IR,Inside,CollgCr,Norm,1Fam,1.0Story,8,5,2008,2008,Gable,Stone,270.0,Gd,Gd,PConc,Ex,TA,Gd,Unf,Unf,1622,Ex,Y,SBrkr,1630,0,0,1630,1,0,2,0,3,1,Ex,8,Typ,1,Gd,Attchd,RFn,3,860,Y,172,42,0,0,0,0,NA,0,WD,Normal,295493,12.596400426884427,VinylSd,Finished,Siding
120,FV,47.0,4230,Pave,Reg,Corner,Somerst,Norm,Twnhs,1.0Story,7,5,2006,2007,Gable,None,0.0,Gd,Gd,PConc,Ex,Gd,No,Unf,Unf,1352,Ex,Y,SBrkr,1352,0,0,1352,0,0,2,0,2,1,Gd,5,Typ,1,Gd,Attchd,RFn,2,466,Y,0,241,0,0,0,0,NA,0,Oth,Partial,208900,12.249610947544657,VinylSd,Finished,Siding
20,RL,70.05,14781,NA,IR,CulDSac,CollgCr,Norm,1Fam,1.0Story,8,5,2001,2002,Hip,BrkFace,178.0,Gd,Gd,PConc,Gd,TA,Gd,Unf,Unf,1753,Ex,Y,SBrkr,1787,0,0,1787,0,0,2,0,3,1,Gd,7,Typ,1,TA,Attchd,RFn,3,748,Y,198,150,0,0,0,0,NA,0,WD,Normal,275000,12.524526376648708,VinylSd,Finished,Siding
20,RL,75.0,10215,NA,Reg,Inside,Edwards,Norm,1Fam,1.0Story,4,5,1954,1954,Hip,BrkFace,132.0,TA,Gd,PConc,TA,TA,No,ALQ,Unf,864,Ex,Y,SBrkr,948,0,0,948,0,0,1,0,3,1,TA,5,Typ,0,NA,Attchd,Unf,1,248,Y,0,0,0,0,0,0,NA,0,WD,Normal,111000,11.617285480294472,Wood,Finished,Siding
20,RL,70.0,8400,NA,Reg,Inside,NAmes,Norm,1Fam,1.0Story,6,3,1957,1957,Hip,None,0.0,TA,Gd,CBlock,TA,TA,No,ALQ,Rec,1478,Gd,Y,SBrkr,1478,0,0,1478,1,0,1,1,3,1,TA,6,Typ,2,Gd,Attchd,RFn,2,442,Y,114,0,0,0,216,0,NA,0,WD,Normal,156500,11.960811288962345,Other,Finished,Other
20,RL,70.05,6627,NA,IR,Corner,BrkSide,Feedr,1Fam,1.0Story,3,6,1949,1950,Hip,None,0.0,TA,Gd,CBlock,NA,NA,No,NA,NA,0,TA,N,SBrkr,720,0,0,720,0,0,1,0,2,1,TA,4,Typ,0,NA,Detchd,Unf,1,287,Y,0,0,0,0,0,0,NA,0,WD,Normal,72500,11.191341840842766,VinylSd,Finished,Siding
60,RL,107.0,10186,NA,IR,Inside,NoRidge,Norm,1Fam,2.0Story,7,5,1992,1992,Gable,None,0.0,Gd,Gd,PConc,Gd,TA,No,GLQ,Unf,750,Ex,Y,SBrkr,1061,862,0,1923,1,0,2,1,3,1,Gd,8,Typ,1,TA,Attchd,RFn,2,564,Y,240,39,0,0,0,0,NA,0,WD,Normal,190000,12.154779351142624,HdBoard,Finished,Other
30,RL,50.0,5330,NA,Reg,Inside,BrkSide,Norm,1Fam,1.0Story,4,7,1940,1950,Hip,None,0.0,Fa,Gd,CBlock,TA,TA,No,LwQ,Unf,420,Gd,Y,SBrkr,708,0,0,708,0,0,1,0,2,1,Fa,5,Typ,0,NA,NA,NA,0,0,Y,164,0,0,0,0,0,NA,0,WD,Normal,82500,11.320553572322773,VinylSd,Finished,Siding
20,RL,75.0,9986,NA,Reg,Inside,Somerst,Norm,1Fam,1.0Story,8,5,2006,2007,Gable,BrkFace,428.0,Gd,Gd,PConc,Ex,TA,Av,Unf,Unf,1795,Ex,Y,SBrkr,1795,0,0,1795,0,0,2,0,2,1,Gd,7,Typ,1,Gd,Attchd,RFn,3,895,Y,0,49,0,0,0,0,NA,0,Oth,Partial,147000,11.898187865760873,VinylSd,Finished,Siding
30,RM,40.0,3636,NA,Reg,Inside,IDOTRR,Norm,1Fam,1.0Story,4,4,1922,1950,Gable,None,0.0,TA,Gd,BrkTil,TA,Fa,No,Unf,Unf,796,Fa,N,SBrkr,796,0,0,796,0,0,1,0,2,1,TA,5,Typ,0,NA,NA,NA,0,0,N,0,0,100,0,0,0,Fence,0,WD,Normal,55000,10.915088464214607,Other,Finished,Shingle
30,RH,70.0,4270,NA,Reg,Inside,Edwards,Norm,1Fam,1.0Story,3,6,1931,2006,Gable,None,0.0,TA,Gd,BrkTil,TA,TA,No,Rec,Unf,544,Ex,Y,SBrkr,774,0,0,774,0,0,1,0,3,1,Gd,6,Typ,0,NA,NA,NA,0,0,Y,0,0,286,0,0,0,NA,0,WD,Normal,79000,11.27720313144916,MetalSd,Finished,Siding
20,RL,60.0,6600,NA,Reg,Inside,Mitchel,Norm,1Fam,1.0Story,5,9,1982,2008,Gable,None,0.0,Gd,Gd,CBlock,TA,TA,No,ALQ,Unf,816,Ex,Y,SBrkr,816,0,0,816,0,1,1,0,3,1,Gd,5,Typ,1,Gd,Attchd,Unf,1,264,Y,0,0,0,0,0,0,Fence,0,WD,Normal,130500,11.779128505744886,VinylSd,Finished,Siding
50,RM,60.0,10440,Grvl,Reg,Corner,OldTown,Norm,1Fam,1.5Story,6,7,1920,1950,Gable,None,0.0,Gd,Gd,BrkTil,Gd,TA,No,LwQ,Unf,1510,Ex,Y,SBrkr,1584,1208,0,2792,0,0,2,0,5,1,TA,8,Atype,2,TA,Detchd,Unf,2,520,Y,0,547,0,0,480,0,Fence,1150,WD,Normal,256000,12.4529327234617,Wood,Finished,Siding
60,RL,63.0,9084,NA,IR,Inside,Gilbert,Norm,1Fam,2.0Story,7,5,1998,1998,Hip,None,0.0,TA,Gd,PConc,Gd,TA,No,Unf,Unf,935,Gd,Y,SBrkr,955,677,0,1632,0,0,2,1,3,1,TA,8,Typ,1,TA,Attchd,Fin,2,462,Y,0,28,0,0,0,0,NA,0,WD,Normal,176500,12.081076155355488,VinylSd,Finished,Siding
20,RL,85.0,10000,NA,Reg,Inside,Somerst,Norm,1Fam,1.0Story,8,5,2006,2006,Hip,Stone,410.0,Gd,Gd,PConc,Gd,Gd,Av,Unf,Unf,1588,Ex,Y,SBrkr,1588,0,0,1588,0,0,2,0,3,1,Gd,7,Typ,1,Gd,Attchd,RFn,3,825,Y,144,45,0,0,0,0,NA,0,WD,Normal,227000,12.332705296463539,VinylSd,Finished,Siding
80,RL,55.0,10780,NA,IR,Inside,CollgCr,Norm,1Fam,SLvl,5,5,1976,1976,Gable,None,0.0,TA,Gd,CBlock,TA,TA,Av,ALQ,Unf,911,Gd,Y,SBrkr,954,0,0,954,0,0,1,0,3,1,TA,6,Typ,0,NA,Detchd,Unf,2,576,Y,0,0,0,0,0,0,NA,0,WD,Normal,132500,11.794337924408413,MetalSd,Finished,Siding
20,RL,67.0,8877,NA,Reg,Inside,Edwards,Norm,1Fam,1.0Story,4,6,1938,1958,Gable,None,0.0,TA,Gd,CBlock,TA,TA,Mn,ALQ,Unf,816,Ex,Y,SBrkr,816,0,0,816,1,0,1,0,2,1,TA,3,Typ,1,Gd,Detchd,Unf,1,288,Y,0,0,0,0,0,0,NA,0,WD,Normal,100000,11.512925464970229,MetalSd,Finished,Siding
50,RM,60.0,7200,NA,Reg,Corner,IDOTRR,Norm,1Fam,1.5Story,5,6,1938,1995,Gable,None,0.0,TA,Gd,CBlock,TA,TA,No,Unf,Unf,803,Ex,Y,SBrkr,803,557,0,1360,0,0,1,1,2,1,Gd,6,Typ,0,NA,Detchd,Unf,1,297,Y,0,65,190,0,0,0,Fence,0,WD,Normal,125500,11.740061037553975,Wood,Finished,Siding
160,RM,24.0,2368,NA,Reg,Inside,BrDale,Norm,Twnhs,2.0Story,5,6,1970,1970,Gable,BrkFace,312.0,TA,Gd,CBlock,TA,TA,No,LwQ,Unf,765,TA,Y,SBrkr,765,600,0,1365,0,0,1,1,3,1,TA,7,Atype,0,NA,Attchd,Unf,2,440,Y,0,36,0,0,0,0,NA,0,WD,Normal,125000,11.736069016284437,HdBoard,Finished,Other
20,RL,80.0,9650,NA,Reg,Inside,NWAmes,Norm,1Fam,1.0Story,6,5,1977,1977,Gable,BrkFace,360.0,TA,Gd,CBlock,Gd,TA,No,ALQ,Unf,1350,TA,Y,SBrkr,1334,0,0,1334,0,1,2,0,2,1,TA,6,Typ,1,TA,Attchd,RFn,2,630,Y,0,16,0,0,0,0,NA,0,WD,Normal,167900,12.031123843065632,Plywood,Finished,Other
90,RL,87.0,9246,NA,IR,Inside,NWAmes,Feedr,Oth,1.0Story,5,5,1973,1973,Gable,BrkFace,564.0,TA,Gd,CBlock,TA,TA,No,Unf,Unf,1656,TA,Y,SBrkr,1656,0,0,1656,0,0,2,0,4,2,TA,8,Typ,0,NA,Detchd,Unf,2,506,Y,0,211,0,0,0,0,NA,0,WD,Normal,135000,11.813030057420567,Plywood,Finished,Other
30,RM,153.0,4118,Grvl,IR,Corner,OldTown,Feedr,1Fam,1.0Story,4,4,1941,1950,Gable,None,0.0,TA,Gd,CBlock,TA,TA,No,Unf,Unf,693,Fa,N,Fuse,693,0,0,693,0,0,1,0,2,1,Fa,4,Typ,0,NA,NA,NA,0,0,N,0,20,0,0,0,0,NA,0,WD,Normal,52500,10.868568448579715,Wood,Finished,Siding
60,RL,95.0,13450,NA,IR,Corner,CollgCr,Norm,1Fam,2.0Story,7,5,2002,2002,Gable,None,0.0,Gd,Gd,PConc,Gd,TA,No,GLQ,Unf,916,Ex,Y,SBrkr,920,941,0,1861,1,0,2,1,3,1,Gd,8,Typ,0,NA,Attchd,RFn,2,492,Y,146,91,0,0,0,0,NA,0,WD,Normal,200000,12.206072645530174,VinylSd,Finished,Siding
20,RL,120.0,9560,NA,IR,Corner,CollgCr,Norm,1Fam,1.0Story,5,7,1972,1972,Hip,None,0.0,TA,Gd,CBlock,TA,TA,Mn,Rec,Unf,864,Ex,Y,SBrkr,864,0,0,864,0,0,1,0,3,1,TA,5,Typ,0,NA,Attchd,RFn,1,288,Y,0,0,0,0,0,0,NA,0,WD,Normal,128500,11.763684183317412,MetalSd,Finished,Siding
20,RL,70.0,8294,NA,Reg,Inside,NAmes,Norm,1Fam,1.0Story,4,5,1971,1971,Gable,None,0.0,TA,Gd,CBlock,TA,TA,No,Unf,Unf,858,TA,Y,SBrkr,872,0,0,872,0,0,1,0,3,1,TA,5,Typ,0,NA,Detchd,Unf,4,480,Y,0,0,0,0,0,0,Fence,0,WD,Normal,123000,11.719939634354555,MetalSd,Finished,Siding
20,RL,66.0,13695,NA,Reg,Inside,SawyerW,NRR,1Fam,1.0Story,6,5,2003,2004,Gable,None,0.0,TA,Gd,PConc,Gd,TA,No,GLQ,Unf,1114,Ex,Y,SBrkr,1114,0,0,1114,1,0,1,0,3,1,Gd,6,Typ,0,NA,Detchd,Unf,2,576,Y,0,78,0,0,0,0,NA,0,WD,Normal,155000,11.951180395901384,VinylSd,Finished,Siding
60,RL,70.05,9375,NA,Reg,Inside,CollgCr,Norm,1Fam,2.0Story,8,5,2002,2002,Gable,BrkFace,149.0,Gd,Gd,PConc,Gd,TA,No,Unf,Unf,1284,Ex,Y,SBrkr,1284,885,0,2169,0,0,2,1,3,1,Gd,7,Typ,1,Gd,Attchd,RFn,2,647,Y,192,87,0,0,0,0,NA,0,WD,Normal,228500,12.339291489316397,VinylSd,Finished,Siding
50,RL,57.0,7558,NA,Reg,Inside,Crawfor,Norm,1Fam,1.5Story,6,6,1928,1950,Gable,None,0.0,TA,Gd,BrkTil,TA,TA,No,Unf,Unf,896,Gd,Y,SBrkr,1172,741,0,1913,0,0,1,1,3,1,TA,9,Typ,1,TA,Detchd,Unf,2,342,Y,0,0,0,0,0,0,NA,0,WD,Normal,177000,12.083905011555967,Other,Finished,Other
60,RL,85.0,11103,NA,IR,Corner,CollgCr,Norm,1Fam,2.0Story,7,5,2006,2006,Gable,None,0.0,Gd,Gd,PConc,Gd,TA,No,Unf,Unf,728,Ex,Y,SBrkr,728,728,0,1456,0,0,2,1,3,1,Gd,8,Typ,1,TA,Attchd,Fin,2,440,Y,0,0,0,0,0,0,NA,0,Oth,Partial,155835,11.956553034172742,VinylSd,Finished,Siding
30,RM,50.0,6000,NA,Reg,Inside,OldTown,Norm,1Fam,1.0Story,4,4,1920,1950,Hip,None,0.0,TA,Gd,PConc,TA,TA,No,ALQ,Unf,960,Gd,Y,Fuse,960,0,0,960,0,0,1,0,2,1,Fa,5,Typ,0,NA,Detchd,Unf,1,308,Y,0,0,168,0,0,0,NA,0,WD,Normal,108500,11.594505451962652,MetalSd,Finished,Siding
20,RL,70.05,20781,NA,IR,CulDSac,NWAmes,Pos,1Fam,1.0Story,7,7,1968,2003,Hip,None,0.0,TA,Gd,CBlock,TA,TA,No,BLQ,Rec,1568,TA,Y,SBrkr,2156,0,0,2156,0,0,2,0,3,1,TA,9,Typ,1,Gd,Attchd,RFn,2,508,Y,0,80,0,290,0,0,NA,0,WD,Normal,262500,12.478006361013815,HdBoard,Finished,Other
20,RL,93.0,15306,NA,IR,Corner,Timber,Norm,1Fam,1.0Story,8,5,2006,2007,Gable,Stone,100.0,Gd,Gd,PConc,Ex,TA,Gd,GLQ,Unf,1732,Ex,Y,SBrkr,1776,0,0,1776,1,0,2,0,3,1,Gd,7,Typ,1,Gd,Attchd,Fin,3,712,Y,0,0,0,0,0,0,NA,0,Oth,Partial,283463,12.554836882168736,VinylSd,Finished,Siding
20,RL,70.05,16196,NA,IR,Inside,SawyerW,Norm,1Fam,1.0Story,7,5,1998,1998,Gable,None,0.0,Gd,Gd,PConc,Gd,TA,Gd,GLQ,Unf,1482,Ex,Y,SBrkr,1494,0,0,1494,1,0,2,0,3,1,Gd,5,Typ,1,Po,Attchd,RFn,2,514,Y,402,25,0,0,0,0,NA,0,WD,Normal,215000,12.2783933071098,VinylSd,Finished,Siding
70,RM,50.0,5250,Pave,Reg,Inside,OldTown,Norm,1Fam,2.0Story,8,5,1872,1987,Gable,None,0.0,TA,Gd,BrkTil,TA,Fa,No,LwQ,Unf,684,Fa,N,SBrkr,938,1215,205,2358,0,0,2,0,4,1,TA,8,Typ,0,NA,NA,NA,0,0,Y,0,54,20,0,0,0,NA,0,WD,Normal,122000,11.711776323715394,MetalSd,Finished,Siding
90,RL,91.0,11643,NA,Reg,Inside,NAmes,Artery,Oth,2.0Story,5,5,1969,1969,Gable,BrkFace,368.0,TA,Gd,CBlock,TA,TA,No,LwQ,Unf,1248,TA,Y,SBrkr,1338,1296,0,2634,1,1,2,2,6,2,TA,12,Typ,0,NA,Detchd,Unf,4,968,Y,0,0,0,0,0,0,NA,0,WD,Normal,200000,12.206072645530174,MetalSd,Finished,Siding
60,RL,70.0,9247,NA,IR,Inside,NAmes,Norm,1Fam,2.0Story,6,6,1962,1962,Gable,BrkFace,318.0,TA,Gd,CBlock,TA,TA,No,Rec,Unf,858,Ex,Y,SBrkr,858,858,0,1716,0,0,1,1,4,1,TA,8,Typ,1,Gd,Attchd,Fin,2,490,Y,0,84,0,0,120,0,NA,0,WD,Normal,171000,12.049418835484797,HdBoard,Finished,Other
50,RM,50.0,6000,NA,Reg,Inside,BrkSide,Norm,1Fam,1.5Story,6,9,1937,2000,Gable,None,0.0,Gd,Gd,BrkTil,TA,TA,No,Unf,Unf,698,TA,Y,SBrkr,786,390,0,1176,0,0,1,0,2,1,TA,4,Typ,0,NA,Detchd,Unf,2,624,N,210,0,0,0,0,0,NA,0,WD,Normal,134900,11.812289042195847,MetalSd,Finished,Siding
50,RL,56.0,14720,NA,IR,CulDSac,NoRidge,Norm,1Fam,1.5Story,8,5,1995,1996,Hip,BrkFace,579.0,Gd,Gd,PConc,Gd,TA,Av,GLQ,Unf,2033,Ex,Y,SBrkr,2053,1185,0,3238,1,0,2,1,4,1,Gd,9,Typ,1,Gd,Attchd,Fin,3,666,Y,283,86,0,0,0,0,NA,0,WD,Normal,410000,12.92391243868049,VinylSd,Finished,Siding
60,RL,70.05,10316,NA,IR,Inside,CollgCr,Norm,1Fam,2.0Story,7,5,2000,2000,Gable,None,0.0,Gd,Gd,PConc,Gd,TA,No,GLQ,Unf,992,Ex,Y,SBrkr,992,873,0,1865,1,0,2,1,3,1,Gd,7,Typ,1,TA,Attchd,RFn,3,839,Y,0,184,0,0,0,0,NA,0,WD,Normal,235000,12.367340793126296,VinylSd,Finished,Siding
80,RL,102.0,10192,NA,IR,Inside,NWAmes,Norm,1Fam,SLvl,7,6,1968,1992,Gable,BrkFace,143.0,TA,Gd,CBlock,TA,TA,No,Unf,Unf,570,Gd,Y,SBrkr,1222,698,0,1920,0,0,3,0,4,1,Gd,8,Typ,1,TA,Attchd,RFn,2,487,Y,0,98,0,0,0,0,Fence,0,WD,Normal,170000,12.043553716032399,MetalSd,Finished,Siding
20,RL,70.05,9477,NA,Reg,Corner,NAmes,Norm,1Fam,1.0Story,5,5,1966,1966,Gable,BrkFace,65.0,TA,Gd,CBlock,TA,TA,No,Rec,Unf,864,TA,Y,SBrkr,892,0,0,892,0,0,1,0,3,1,TA,5,Typ,0,NA,Attchd,RFn,1,264,Y,0,0,0,0,0,0,Fence,0,WD,Normal,110000,11.608235644774552,HdBoard,Finished,Other
20,RL,70.05,12537,NA,IR,CulDSac,NAmes,Norm,1Fam,1.0Story,5,6,1971,2008,Gable,None,0.0,TA,Gd,CBlock,TA,TA,No,GLQ,Unf,1078,Ex,Y,SBrkr,1078,0,0,1078,1,0,1,1,3,1,TA,6,Typ,1,Po,Attchd,Fin,2,500,Y,0,0,0,0,0,0,NA,0,WD,Normal,149900,11.917723684090689,VinylSd,Finished,Siding
160,FV,70.05,2117,NA,Reg,Inside,Somerst,Norm,Twnhs,2.0Story,6,5,2000,2000,Gable,BrkFace,216.0,Gd,Gd,PConc,Gd,TA,No,GLQ,Unf,756,Ex,Y,SBrkr,769,804,0,1573,0,0,2,1,3,1,Gd,5,Typ,0,NA,Detchd,Unf,2,440,Y,0,32,0,0,0,0,NA,0,WD,Normal,177500,12.086725887897607,MetalSd,Finished,Siding
20,RL,129.0,16737,NA,Reg,FR3,NridgHt,Norm,1Fam,1.0Story,9,5,2004,2005,Hip,BrkFace,66.0,Gd,Gd,PConc,Ex,TA,Av,GLQ,Unf,1980,Ex,Y,SBrkr,1980,0,0,1980,1,0,2,0,3,1,Ex,8,Typ,1,Gd,Attchd,Fin,3,770,Y,194,45,0,0,0,0,NA,0,WD,Normal,315000,12.66032791780777,VinylSd,Finished,Siding
70,RL,51.0,9842,NA,Reg,Inside,SWISU,Feedr,1Fam,2.0Story,5,6,1921,1998,Gable,None,0.0,TA,Gd,BrkTil,TA,Fa,No,Unf,Unf,612,Ex,Y,SBrkr,990,1611,0,2601,0,0,3,1,4,1,TA,8,Typ,0,NA,Attchd,RFn,2,621,Y,183,0,301,0,0,0,NA,0,WD,Normal,189000,12.14950229404178,Wood,Finished,Siding
20,RL,124.0,16158,NA,IR,Inside,StoneBr,Norm,1Fam,1.0Story,7,5,2005,2005,Hip,Stone,16.0,Gd,Gd,PConc,Ex,TA,Av,ALQ,Unf,1530,Ex,Y,SBrkr,1530,0,0,1530,1,0,2,0,3,1,Gd,7,Typ,1,Gd,Attchd,Fin,2,430,Y,168,36,0,0,0,0,NA,0,WD,Normal,260000,12.468436909997665,VinylSd,Finished,Siding
50,RL,70.05,12513,NA,IR,FR2,NAmes,Feedr,1Fam,1.5Story,4,4,1920,2007,Gable,None,0.0,TA,Gd,BrkTil,TA,Fa,No,Unf,Unf,715,Gd,Y,SBrkr,1281,457,0,1738,0,0,2,0,4,1,TA,7,Typ,1,Gd,Attchd,Unf,1,368,Y,55,0,0,0,0,0,NA,0,WD,Normal,104900,11.560762794384388,VinylSd,Finished,Siding
60,RL,73.0,8499,NA,IR,Inside,Gilbert,Norm,1Fam,2.0Story,6,5,2006,2007,Gable,None,0.0,TA,Gd,PConc,Gd,TA,No,Unf,Unf,616,Ex,Y,SBrkr,616,796,0,1412,0,0,2,1,3,1,Gd,6,Typ,1,Gd,Attchd,Fin,2,432,Y,0,36,0,0,0,0,NA,0,Oth,Partial,156932,11.963567869487337,VinylSd,Finished,Siding
160,FV,30.0,3180,Pave,Reg,Inside,Somerst,Norm,Twnhs,2.0Story,7,5,2005,2005,Gable,None,0.0,Gd,Gd,PConc,Gd,TA,No,Unf,Unf,600,Ex,Y,SBrkr,520,600,80,1200,0,0,2,1,2,1,Gd,4,Typ,0,NA,Detchd,RFn,2,480,Y,0,166,0,0,0,0,NA,0,WD,Abnorml,144152,11.87862357740665,MetalSd,Finished,Siding
60,FV,70.05,7500,NA,Reg,Inside,Somerst,Norm,1Fam,2.0Story,7,5,2000,2000,Gable,None,0.0,Gd,Gd,PConc,Gd,TA,No,GLQ,Unf,814,Ex,Y,SBrkr,814,860,0,1674,1,0,2,1,3,1,Gd,7,Typ,0,NA,Attchd,RFn,2,663,Y,0,96,0,0,0,0,NA,0,WD,Normal,216000,12.283033686666302,VinylSd,Finished,Siding
60,RL,68.0,9179,NA,IR,Inside,CollgCr,Norm,1Fam,2.0Story,7,5,1999,1999,Gable,BrkFace,158.0,Gd,Gd,PConc,Gd,TA,No,GLQ,Unf,873,Ex,Y,SBrkr,882,908,0,1790,1,0,2,1,3,1,Gd,7,Typ,0,NA,Attchd,RFn,2,588,Y,0,88,0,0,0,0,NA,0,WD,Abnorml,193000,12.170445467887022,VinylSd,Finished,Siding
160,RM,41.0,2665,NA,Reg,Inside,MeadowV,Norm,Twnhs,2.0Story,5,6,1977,1977,Gable,None,0.0,TA,Gd,PConc,TA,TA,No,ALQ,Rec,757,Ex,Y,SBrkr,925,550,0,1475,0,0,2,0,4,1,TA,6,Typ,1,TA,Attchd,RFn,1,336,Y,104,26,0,0,0,0,NA,0,WD,Normal,127000,11.751942365440728,Other,Finished,Other
120,RM,70.05,4435,NA,Reg,Inside,CollgCr,Norm,Twnhs,1.0Story,6,5,2003,2004,Gable,BrkFace,170.0,Gd,Gd,PConc,Gd,TA,Av,GLQ,Unf,848,Ex,Y,SBrkr,848,0,0,848,1,0,1,0,1,1,Gd,4,Typ,0,NA,Attchd,Fin,2,420,Y,140,0,0,0,0,0,NA,0,WD,Normal,144000,11.877568578558138,VinylSd,Finished,Siding
20,RL,48.0,10635,NA,IR,FR2,CollgCr,Norm,1Fam,1.0Story,8,5,2003,2003,Hip,BrkFace,171.0,Gd,Gd,PConc,Gd,TA,Av,BLQ,GLQ,1657,Ex,Y,SBrkr,1668,0,0,1668,1,0,2,0,3,1,Gd,8,Typ,1,TA,Attchd,Fin,2,502,Y,0,262,0,0,0,0,NA,0,WD,Normal,232000,12.354492650648448,VinylSd,Finished,Siding
50,RL,90.0,5400,NA,Reg,Corner,OldTown,Artery,1Fam,1.5Story,4,6,1920,1950,Gable,None,0.0,Fa,Gd,PConc,TA,TA,No,ALQ,Rec,840,Ex,Y,SBrkr,840,534,0,1374,0,0,1,0,2,1,TA,6,Typ,0,NA,Detchd,Fin,1,338,Y,0,0,198,0,0,0,NA,0,WD,Normal,105000,11.56171562913966,Other,Finished,Other
80,RL,80.0,9600,NA,Reg,Inside,NAmes,Norm,1Fam,SLvl,6,6,1955,1996,Hip,None,0.0,TA,Gd,CBlock,TA,TA,Av,BLQ,Unf,992,Gd,Y,SBrkr,1661,0,0,1661,1,0,1,0,3,1,Gd,8,Typ,1,TA,Attchd,RFn,1,377,Y,0,28,0,0,178,0,Fence,0,WD,Normal,165500,12.016726473799254,Other,Finished,Shingle
60,RL,75.0,9750,NA,Reg,Corner,CollgCr,Norm,1Fam,2.0Story,7,6,1998,1998,Gable,None,0.0,TA,Gd,PConc,Gd,TA,Av,GLQ,Unf,1108,Ex,Y,SBrkr,1108,989,0,2097,1,0,2,1,3,1,Gd,8,Typ,1,TA,Detchd,RFn,2,583,Y,253,170,0,0,0,0,NA,0,WD,Normal,274300,12.521977676925694,VinylSd,Finished,Siding
20,RL,70.05,11400,NA,Reg,Inside,NoRidge,Norm,1Fam,1.0Story,10,5,2001,2002,Hip,BrkFace,705.0,Ex,Gd,PConc,Ex,TA,Gd,GLQ,Unf,2633,Ex,Y,SBrkr,2633,0,0,2633,1,0,2,1,2,1,Ex,8,Typ,2,Gd,Attchd,RFn,3,804,Y,314,140,0,0,0,0,NA,0,WD,Normal,466500,13.053013299269535,VinylSd,Finished,Siding
60,FV,85.0,10625,NA,Reg,Inside,Somerst,Norm,1Fam,2.0Story,7,5,2005,2005,Gable,None,0.0,Gd,Gd,PConc,Gd,TA,No,Unf,Unf,1026,Ex,Y,SBrkr,1026,932,0,1958,0,0,2,1,3,1,Gd,9,Typ,1,Gd,Attchd,Fin,3,936,Y,154,210,0,0,0,0,NA,0,WD,Normal,250000,12.429216196844383,Other,Finished,Other
20,RL,89.0,10991,NA,IR,Inside,Timber,Norm,1Fam,1.0Story,8,5,2007,2007,Gable,BrkFace,80.0,Gd,Gd,PConc,Gd,TA,Gd,Unf,Unf,1571,Ex,Y,SBrkr,1571,0,0,1571,0,0,2,0,3,1,Gd,7,Typ,1,Gd,Attchd,Fin,3,722,Y,100,36,0,0,0,0,NA,0,Oth,Partial,239000,12.384218830913648,VinylSd,Finished,Siding
30,RL,52.0,6292,NA,Reg,Inside,SWISU,Norm,1Fam,1.0Story,6,5,1930,1950,Gable,None,0.0,TA,Gd,BrkTil,Gd,TA,Mn,Rec,Unf,768,TA,N,SBrkr,790,0,0,790,0,0,1,0,2,1,TA,4,Typ,0,NA,Detchd,Unf,1,160,Y,0,141,0,0,0,0,NA,0,WD,Normal,91000,11.418614785498987,Wood,Finished,Siding
50,RL,60.0,10998,Grvl,Reg,Inside,Edwards,Norm,1Fam,1.5Story,5,5,1941,1960,Gable,None,0.0,TA,Gd,CBlock,TA,TA,No,LwQ,BLQ,984,Ex,Y,SBrkr,984,620,0,1604,0,0,2,0,3,1,TA,6,Atype,0,NA,Detchd,Unf,2,660,Y,0,68,0,0,0,0,NA,0,WD,Normal,117000,11.669929213779893,Wood,Finished,Siding
160,RM,21.0,1953,NA,Reg,Inside,BrDale,Norm,Twnhs,2.0Story,6,5,1973,1973,Gable,BrkFace,408.0,TA,Gd,CBlock,TA,Fa,No,BLQ,Unf,483,TA,Y,SBrkr,483,504,0,987,0,0,1,1,2,1,TA,5,Typ,0,NA,Detchd,Unf,1,264,Y,72,0,0,0,0,0,NA,0,WD,Normal,83000,11.326595886778735,HdBoard,Finished,Other
80,RL,73.0,9735,NA,Reg,Inside,Timber,Norm,1Fam,SLvl,5,5,2006,2007,Gable,None,0.0,TA,Gd,PConc,Gd,TA,No,Unf,Unf,384,Gd,Y,SBrkr,754,640,0,1394,0,0,2,1,3,1,Gd,7,Typ,0,NA,Attchd,Fin,2,400,Y,100,0,0,0,0,0,NA,0,WD,Normal,167500,12.028738630247258,VinylSd,Finished,Siding
30,RL,45.0,8212,Grvl,Reg,Inside,Edwards,Norm,1Fam,1.0Story,3,3,1914,1950,Gable,None,0.0,TA,Fa,BrkTil,TA,Fa,No,Rec,Unf,864,TA,N,Fuse,864,0,0,864,1,0,1,0,2,1,TA,5,Typ,0,NA,Detchd,Unf,1,200,Y,0,0,96,0,0,0,NA,0,WD,Normal,58500,10.976782033219948,Stucco,Finished,Other
20,RL,70.05,12925,NA,IR,Corner,NAmes,Norm,1Fam,1.0Story,6,7,1970,1970,Gable,None,0.0,TA,Gd,CBlock,TA,TA,Mn,BLQ,Unf,1205,Ex,Y,SBrkr,2117,0,0,2117,0,0,2,1,4,1,TA,7,Typ,2,Gd,Attchd,Fin,2,550,Y,0,42,0,0,0,0,NA,0,WD,Normal,237500,12.377922902456833,Plywood,Finished,Other
70,RM,60.0,7200,NA,Reg,Corner,OldTown,Norm,1Fam,2.0Story,7,7,1920,1950,Hip,None,0.0,TA,Gd,BrkTil,Fa,TA,No,Unf,Unf,596,Ex,Y,SBrkr,998,764,0,1762,1,0,1,1,4,1,Gd,8,Typ,0,NA,Detchd,Unf,2,576,N,36,0,221,0,0,0,NA,0,WD,Normal,157000,11.964001084330445,Wood,Finished,Siding
30,RL,70.05,25339,NA,Reg,Inside,Sawyer,Norm,1Fam,1.0Story,5,7,1918,2007,Gable,None,0.0,TA,Gd,BrkTil,TA,TA,No,Unf,Unf,816,Ex,Y,SBrkr,1416,0,0,1416,0,0,2,0,3,1,Gd,7,Typ,0,NA,Attchd,Unf,2,576,N,0,0,112,0,0,0,NA,0,WD,Normal,112000,11.626254150277232,Wood,Finished,Siding
50,RL,60.0,9060,NA,Reg,Inside,Edwards,Norm,1Fam,1.5Story,6,5,1939,1950,Gable,None,0.0,TA,Gd,BrkTil,TA,TA,Mn,Rec,Unf,560,TA,Y,SBrkr,698,560,0,1258,0,0,1,0,2,1,TA,6,Typ,0,NA,Detchd,Unf,1,280,N,0,0,0,0,0,0,Fence,0,WD,Normal,105000,11.56171562913966,Wood,Finished,Shingle
50,RM,40.0,5436,NA,Reg,Inside,IDOTRR,Norm,1Fam,1.5Story,4,8,1922,2007,Gable,None,0.0,TA,Gd,BrkTil,TA,TA,No,BLQ,Unf,796,Gd,Y,SBrkr,796,358,0,1154,1,0,1,0,3,1,Gd,7,Typ,0,NA,Detchd,Unf,1,240,N,0,96,0,0,0,0,Fence,0,WD,Normal,125500,11.740061037553975,VinylSd,Finished,Siding
60,RL,80.0,16692,NA,IR,Inside,NWAmes,NRR,1Fam,2.0Story,7,5,1978,1978,Gable,BrkFace,184.0,TA,Gd,CBlock,Gd,TA,No,BLQ,LwQ,1392,TA,Y,SBrkr,1392,1392,0,2784,1,0,3,1,5,1,Gd,12,Typ,2,TA,Attchd,RFn,2,564,Y,0,112,0,0,440,519,Fence,2000,WD,Normal,250000,12.429216196844383,Plywood,Finished,Other
50,RM,60.0,8520,Grvl,Reg,Inside,OldTown,Artery,1Fam,1.5Story,6,7,1916,1950,Gable,None,0.0,TA,Gd,BrkTil,TA,TA,No,Rec,LwQ,714,TA,N,SBrkr,1664,862,0,2526,0,0,2,0,5,1,Gd,10,Typ,1,Gd,Detchd,Unf,1,216,Y,88,15,0,0,0,0,Fence,0,WD,Abnorml,136000,11.820410164718188,Stucco,Finished,Other
20,RL,42.0,14892,NA,IR,CulDSac,Gilbert,Norm,1Fam,1.0Story,9,5,2006,2007,Gable,Stone,160.0,Ex,Gd,PConc,Ex,TA,Gd,GLQ,Unf,1746,Ex,Y,SBrkr,1746,0,0,1746,1,0,2,0,3,1,Ex,7,Typ,2,Gd,Attchd,Fin,3,758,Y,201,39,0,0,0,0,NA,0,WD,Normal,377500,12.841325847671216,VinylSd,Finished,Siding
50,RM,60.0,6000,NA,Reg,Inside,BrkSide,Norm,1Fam,1.5Story,6,6,1941,1950,Gable,None,0.0,TA,Gd,BrkTil,TA,Gd,No,ALQ,Unf,735,Ex,Y,SBrkr,869,349,0,1218,0,1,1,0,3,1,TA,6,Typ,1,Gd,Detchd,Unf,2,440,Y,0,0,0,0,0,0,NA,0,WD,Normal,131000,11.782952602183288,Wood,Finished,Siding
20,RL,70.0,9100,NA,Reg,Inside,CollgCr,Norm,1Fam,1.0Story,7,5,2000,2000,Gable,BrkFace,244.0,Gd,Gd,PConc,Gd,TA,Av,GLQ,Unf,1525,Ex,Y,SBrkr,1525,0,0,1525,1,0,2,0,3,1,Gd,6,Typ,0,NA,Attchd,RFn,2,541,Y,219,36,0,0,0,0,NA,0,WD,Normal,235000,12.367340793126296,VinylSd,Finished,Siding
90,RL,65.0,8944,NA,Reg,Inside,NAmes,Norm,Oth,1.0Story,5,5,1967,1967,Gable,None,0.0,TA,Gd,CBlock,TA,TA,No,Unf,Unf,1584,TA,Y,SBrkr,1584,0,0,1584,0,0,2,0,4,2,TA,8,Atype,0,NA,Detchd,Unf,3,792,Y,0,152,0,0,0,0,NA,0,WD,Normal,124000,11.728036844587175,Plywood,Finished,Other
85,RL,68.0,7838,NA,Reg,Inside,NAmes,Norm,1Fam,SFoyer,5,5,1967,1967,Gable,None,0.0,TA,Gd,CBlock,TA,TA,Av,ALQ,Unf,864,TA,Y,SBrkr,900,0,0,900,1,0,1,0,3,1,TA,6,Typ,1,Po,Attchd,RFn,1,288,Y,175,144,0,0,0,0,Fence,0,WD,Normal,123000,11.719939634354555,HdBoard,Finished,Other
190,RM,60.0,10800,Pave,Reg,Inside,OldTown,Norm,Oth,1.5Story,6,7,1905,2000,Gable,None,0.0,TA,Gd,BrkTil,Fa,TA,No,Unf,Unf,482,Ex,N,SBrkr,1221,691,0,1912,0,0,2,0,3,2,TA,7,Typ,1,TA,Detchd,Unf,2,672,Y,0,25,212,0,0,0,NA,0,WD,Normal,163000,12.0015054797889,Wood,Finished,Siding
120,RL,53.0,4045,NA,Reg,Inside,Blmngtn,Norm,Twnhs,1.0Story,7,5,2006,2006,Hip,BrkFace,45.0,Gd,Gd,PConc,Gd,TA,Av,GLQ,Unf,1356,Ex,Y,SBrkr,1500,0,0,1500,1,0,2,0,2,1,Gd,6,Typ,1,Gd,Attchd,Fin,3,648,Y,161,20,0,0,0,0,NA,0,Oth,Partial,246578,12.415433652431746,VinylSd,Finished,Siding
60,RL,88.0,12665,NA,IR,Inside,Timber,Norm,1Fam,2.0Story,8,5,2005,2006,Hip,BrkFace,245.0,Gd,Gd,PConc,Gd,Gd,Gd,Unf,Unf,1094,Ex,Y,SBrkr,1133,1349,0,2482,0,0,2,1,4,1,Gd,9,Typ,1,Gd,Attchd,Fin,3,642,Y,144,39,0,0,0,0,NA,0,WD,Normal,281213,12.54686766829102,VinylSd,Finished,Siding
20,RL,70.05,57200,NA,IR,Inside,Timber,Norm,1Fam,1.0Story,5,5,1948,1950,Gable,None,0.0,TA,Gd,CBlock,TA,TA,Av,BLQ,Rec,747,TA,Y,SBrkr,1687,0,0,1687,1,0,1,0,3,1,TA,7,Atype,2,TA,Detchd,Unf,2,572,N,0,0,50,0,0,0,NA,0,WD,Normal,160000,11.982929094215963,Wood,Finished,Siding
70,RM,51.0,6120,NA,Reg,Inside,BrkSide,Norm,1Fam,2.0Story,5,8,1920,2004,Gable,None,0.0,TA,Gd,BrkTil,TA,TA,Mn,Unf,Unf,939,Ex,Y,SBrkr,939,574,0,1513,0,0,1,1,4,1,TA,8,Typ,0,NA,Detchd,Unf,1,180,N,24,0,150,0,0,0,NA,0,WD,Normal,137500,11.831379196088763,MetalSd,Finished,Siding
50,RL,60.0,7200,NA,Reg,Inside,NAmes,Norm,1Fam,1.5Story,5,4,1950,1982,Gable,None,0.0,TA,Gd,CBlock,TA,TA,No,Rec,BLQ,1208,Gd,Y,Fuse,1136,768,0,1904,1,0,1,1,3,1,TA,7,Atype,0,NA,Attchd,Unf,1,240,Y,0,0,168,0,0,0,Fence,0,WD,Normal,138000,11.835008964139341,Wood,Finished,Siding
50,RL,51.0,6171,NA,Reg,Inside,SWISU,Norm,1Fam,1.5Story,6,6,1925,1990,Gable,None,0.0,TA,Gd,BrkTil,TA,TA,No,BLQ,Unf,976,Ex,Y,SBrkr,1160,448,0,1608,0,0,2,1,3,1,Gd,7,Typ,1,Gd,Detchd,Unf,1,216,Y,147,16,0,0,0,0,Fence,0,WD,Normal,137450,11.83101549359339,Wood,Finished,Shingle
50,RM,50.0,6000,NA,Reg,Corner,BrkSide,Norm,1Fam,1.5Story,6,7,1929,1950,Gable,None,0.0,TA,Gd,BrkTil,TA,TA,No,Unf,Unf,862,TA,Y,SBrkr,950,208,0,1158,0,0,1,0,3,1,TA,5,Typ,1,Gd,Attchd,RFn,1,208,Y,0,0,112,0,0,0,NA,0,WD,Normal,120000,11.695247021764184,Wood,Finished,Shingle
60,RL,62.0,7415,NA,IR,Inside,Gilbert,Norm,1Fam,2.0Story,6,5,2004,2004,Gable,None,0.0,TA,Gd,PConc,TA,TA,No,GLQ,Unf,839,Ex,Y,SBrkr,864,729,0,1593,1,0,2,1,3,1,TA,8,Typ,1,TA,Attchd,Fin,2,398,Y,100,75,0,0,0,0,NA,0,WD,Normal,193000,12.170445467887022,VinylSd,Finished,Siding
20,RL,64.0,6762,NA,Reg,Inside,CollgCr,Norm,1Fam,1.0Story,7,5,2006,2006,Gable,None,0.0,Gd,Gd,PConc,Gd,Gd,Av,Unf,Unf,1286,Ex,Y,SBrkr,1294,0,0,1294,0,0,2,0,2,1,Gd,6,Typ,1,Gd,Attchd,RFn,2,662,Y,168,55,0,0,0,0,NA,0,Oth,Partial,193879,12.174989532116426,VinylSd,Finished,Siding
20,RL,49.0,15256,NA,IR,CulDSac,Somerst,NRR,1Fam,1.0Story,8,5,2007,2007,Gable,Stone,84.0,Gd,Gd,PConc,Gd,TA,Gd,GLQ,Unf,1485,Ex,Y,SBrkr,1464,0,0,1464,1,0,2,0,3,1,Gd,6,Typ,0,NA,Attchd,Unf,3,754,Y,168,160,0,0,0,0,NA,0,WD,Normal,282922,12.552926520261092,VinylSd,Finished,Siding
50,RL,60.0,10410,Grvl,Reg,Corner,OldTown,Artery,1Fam,1.5Story,3,4,1915,1950,Gable,None,0.0,TA,Gd,PConc,TA,TA,No,Unf,Unf,672,TA,Y,SBrkr,694,520,0,1214,0,0,1,0,3,1,TA,6,Typ,0,NA,Detchd,Unf,3,936,Y,216,0,160,0,0,0,Fence,0,WD,Abnorml,105000,11.56171562913966,Wood,Finished,Siding
120,RM,44.0,3842,NA,IR,Inside,Crawfor,Norm,Twnhs,1.0Story,8,5,2004,2005,Hip,Stone,174.0,Gd,Gd,PConc,Ex,TA,Gd,GLQ,Unf,1594,Ex,Y,SBrkr,1646,0,0,1646,1,1,2,0,2,1,Gd,5,Typ,1,Gd,Attchd,Fin,2,482,Y,128,53,0,0,155,0,NA,0,WD,Normal,275000,12.524526376648708,Other,Finished,Other
85,RL,70.0,8445,NA,Reg,Corner,CollgCr,Norm,1Fam,SFoyer,5,7,1972,2007,Gable,None,0.0,TA,Gd,CBlock,Gd,TA,Av,GLQ,Unf,768,TA,Y,SBrkr,768,0,0,768,1,0,1,0,2,1,TA,5,Typ,0,NA,Detchd,Unf,2,396,Y,58,0,0,0,0,0,Fence,0,WD,Normal,133000,11.79810440720389,Wood,Finished,Shingle
20,RL,70.05,8780,NA,IR,Corner,Mitchel,Norm,1Fam,1.0Story,5,5,1985,1985,Gable,None,0.0,TA,Gd,CBlock,TA,TA,No,ALQ,Unf,833,Ex,Y,SBrkr,833,0,0,833,1,0,1,0,3,1,TA,5,Typ,0,NA,NA,NA,0,0,Y,0,0,0,0,0,0,Fence,0,WD,Normal,112000,11.626254150277232,Plywood,Finished,Other
70,RM,60.0,7740,NA,Reg,Inside,OldTown,Norm,1Fam,2.0Story,4,7,1910,1950,Gable,None,0.0,TA,Gd,CBlock,Fa,TA,No,Unf,Unf,622,Gd,Y,SBrkr,741,622,0,1363,0,0,1,0,3,1,TA,6,Typ,0,NA,Detchd,Unf,2,528,Y,0,0,0,0,168,0,NA,0,WD,Normal,125500,11.740061037553975,VinylSd,Finished,Siding
60,RL,46.0,20544,NA,IR,CulDSac,NWAmes,Norm,1Fam,2.0Story,7,6,1986,1991,Gable,BrkFace,123.0,TA,Gd,CBlock,Gd,TA,No,Unf,Unf,791,Gd,Y,SBrkr,1236,857,0,2093,0,0,2,1,3,1,TA,7,Typ,1,TA,Attchd,Fin,2,542,Y,364,63,0,0,0,0,Fence,0,WD,Normal,215000,12.2783933071098,Plywood,Finished,Other
60,RL,79.0,12420,NA,Reg,Inside,CollgCr,Norm,1Fam,2.0Story,7,5,2001,2001,Gable,None,0.0,Gd,Gd,PConc,Gd,TA,No,GLQ,Unf,944,Ex,Y,SBrkr,944,896,0,1840,1,0,2,1,3,1,Gd,6,Typ,0,NA,Attchd,RFn,2,622,Y,0,45,0,0,0,0,NA,0,WD,Normal,230000,12.345834587905333,VinylSd,Finished,Siding
50,RL,80.0,9600,NA,Reg,Inside,NAmes,Norm,1Fam,1.5Story,6,8,1950,2005,Gable,None,0.0,TA,Gd,CBlock,TA,TA,No,BLQ,Unf,856,Ex,Y,SBrkr,1112,556,0,1668,0,0,1,1,3,1,TA,6,Atype,0,NA,Attchd,Unf,1,271,Y,0,0,0,0,0,0,Fence,0,WD,Normal,140000,11.84939770159144,VinylSd,Finished,Siding
90,RL,60.0,7200,NA,Reg,Inside,NAmes,Norm,Oth,1.0Story,4,5,1949,1950,Gable,None,0.0,TA,Gd,Oth,NA,NA,No,NA,NA,0,Fa,N,Fuse,1040,0,0,1040,0,0,2,0,2,2,TA,6,Typ,0,NA,Detchd,Unf,2,420,Y,0,0,0,0,0,0,NA,0,WD,Normal,90000,11.407564949312402,Other,Finished,Other
20,RL,88.0,10994,NA,IR,Corner,SawyerW,Norm,1Fam,1.0Story,8,5,2005,2006,Gable,Stone,366.0,Gd,Gd,PConc,Gd,Gd,No,GLQ,Unf,1844,Ex,Y,SBrkr,1844,0,0,1844,1,0,2,0,2,1,Gd,7,Typ,1,Gd,Attchd,Fin,2,620,Y,165,44,0,0,0,0,NA,0,Oth,Abnorml,257000,12.456831363877356,VinylSd,Finished,Siding
50,RL,64.0,13053,Pave,Reg,Inside,BrkSide,Norm,1Fam,1.5Story,6,7,1923,2000,Oth,None,0.0,TA,Gd,BrkTil,TA,TA,No,Unf,Unf,833,Gd,Y,SBrkr,1053,795,0,1848,0,0,1,1,4,1,Gd,8,Typ,1,Gd,Detchd,Unf,2,370,N,0,0,0,0,220,0,NA,0,WD,Normal,207000,12.240474072247506,Wood,Finished,Siding
120,RL,51.0,3635,NA,Reg,Inside,Blmngtn,Norm,Twnhs,1.0Story,7,5,2007,2007,Hip,BrkFace,130.0,Gd,Gd,PConc,Gd,TA,No,ALQ,Unf,1386,Ex,Y,SBrkr,1569,0,0,1569,0,1,2,0,1,1,Gd,7,Typ,1,TA,Attchd,RFn,3,660,Y,143,20,0,0,0,0,NA,0,WD,Normal,175900,12.077670930725649,VinylSd,Finished,Siding
190,RM,60.0,11340,NA,Reg,Inside,OldTown,Norm,Oth,2.0Story,4,6,1885,1950,Gable,None,0.0,TA,Gd,PConc,TA,TA,No,Unf,Unf,777,Gd,Y,SBrkr,1246,1044,0,2290,0,0,2,0,4,2,TA,11,Typ,0,NA,Detchd,Unf,2,560,N,0,0,114,0,0,0,NA,0,WD,Normal,122500,11.715866308966918,Other,Finished,Shingle
60,RL,70.05,16545,NA,IR,Inside,NoRidge,Norm,1Fam,2.0Story,8,5,1998,1998,Gable,BrkFace,731.0,Gd,Gd,PConc,Gd,TA,Mn,GLQ,Unf,1284,Ex,Y,SBrkr,1310,1140,0,2450,1,0,2,1,3,1,Gd,7,Typ,1,TA,Attchd,Fin,3,1069,Y,0,126,0,0,0,0,NA,0,WD,Normal,340000,12.736700896592344,VinylSd,Finished,Siding
20,RL,71.0,9204,NA,Reg,Inside,NAmes,Norm,1Fam,1.0Story,5,5,1963,1963,Gable,None,0.0,TA,Gd,CBlock,TA,TA,No,BLQ,Rec,1144,TA,Y,SBrkr,1144,0,0,1144,1,0,1,1,3,1,TA,6,Typ,0,NA,Detchd,Unf,1,336,Y,0,88,0,0,0,0,NA,0,Oth,Normal,124000,11.728036844587175,HdBoard,Finished,Other
20,RL,70.05,16381,NA,IR,Inside,Crawfor,Norm,1Fam,1.0Story,6,5,1969,1969,Gable,BrkFace,312.0,Gd,Gd,CBlock,TA,TA,Av,Rec,Unf,1844,Gd,Y,SBrkr,1844,0,0,1844,1,0,2,0,3,1,Gd,7,Typ,1,TA,Attchd,RFn,2,540,Y,0,73,216,0,0,0,NA,0,WD,Normal,223000,12.314927050442256,Plywood,Finished,Other
60,RL,90.0,11700,NA,Reg,Corner,NWAmes,Norm,1Fam,2.0Story,6,6,1968,1968,Gable,BrkFace,420.0,TA,Gd,CBlock,TA,TA,No,ALQ,Unf,708,Gd,Y,SBrkr,708,708,0,1416,0,0,2,1,3,1,TA,7,Typ,1,TA,Attchd,RFn,2,776,Y,0,169,0,0,119,0,NA,0,WD,Normal,179900,12.100156419938624,HdBoard,Finished,Other
120,RL,53.0,4043,NA,Reg,Inside,NPkVill,Norm,Twnhs,1.0Story,6,5,1977,1977,Gable,None,0.0,TA,Gd,CBlock,Gd,TA,No,ALQ,Unf,1069,TA,Y,SBrkr,1069,0,0,1069,0,0,2,0,2,1,TA,4,Typ,1,Po,Attchd,RFn,2,440,Y,0,55,0,0,165,0,NA,0,WD,Normal,127500,11.755871643580617,Plywood,Finished,Other
120,RM,37.0,4435,NA,Reg,Inside,CollgCr,Norm,Twnhs,1.0Story,6,5,2003,2003,Gable,BrkFace,170.0,Gd,Gd,PConc,Gd,TA,Av,GLQ,Unf,848,Ex,Y,SBrkr,848,0,0,848,1,0,1,0,1,1,Gd,3,Typ,0,NA,Attchd,Fin,2,420,Y,140,0,0,0,0,0,NA,0,WD,Normal,136500,11.824079893607152,VinylSd,Finished,Siding
80,RL,70.05,19690,NA,IR,CulDSac,Edwards,Norm,1Fam,SLvl,6,7,1966,1966,Oth,None,0.0,Gd,Gd,CBlock,Gd,TA,Av,Unf,Unf,697,TA,Y,SBrkr,1575,626,0,2201,0,0,2,0,4,1,Gd,8,Typ,1,Gd,Attchd,Unf,2,432,Y,586,236,0,0,0,738,Fence,0,WD,Abnorml,274970,12.524417279788771,Plywood,Finished,Other
20,RL,70.05,9503,NA,Reg,Inside,NAmes,Norm,1Fam,1.0Story,5,5,1958,1983,Hip,None,0.0,TA,Gd,CBlock,TA,TA,No,ALQ,Rec,1024,TA,Y,SBrkr,1344,0,0,1344,1,0,1,0,2,1,TA,6,Atype,1,TA,Detchd,Unf,1,484,Y,316,28,0,0,0,0,Fence,0,WD,Normal,144000,11.877568578558138,HdBoard,Finished,Other
20,RL,80.0,10721,NA,IR,Inside,NAmes,Norm,1Fam,1.0Story,6,6,1959,1959,Hip,Stone,243.0,Gd,Gd,CBlock,TA,TA,No,Unf,Unf,1252,Ex,Y,SBrkr,1252,0,0,1252,0,0,1,0,3,1,Gd,7,Typ,0,NA,Detchd,Unf,2,528,Y,0,39,0,0,0,0,NA,0,WD,Normal,142000,11.863582336583399,HdBoard,Finished,Other
60,RL,81.0,10944,NA,IR,Inside,NoRidge,Norm,1Fam,2.0Story,7,5,1994,1994,Gable,BrkFace,448.0,Gd,Gd,PConc,Gd,TA,No,GLQ,Unf,1223,Ex,Y,SBrkr,1223,904,0,2127,1,0,2,1,3,1,Gd,5,Typ,2,TA,Attchd,RFn,2,525,Y,171,132,0,0,0,0,NA,0,WD,Normal,271000,12.509874099861838,VinylSd,Finished,Siding
50,RL,60.0,10930,Grvl,Reg,Inside,NAmes,Artery,1Fam,1.5Story,5,6,1945,1950,Gable,None,0.0,TA,Gd,CBlock,TA,TA,No,BLQ,Unf,913,TA,Y,Fuse,1048,510,0,1558,1,0,1,1,3,1,TA,6,Typ,1,TA,Attchd,Unf,1,288,Y,0,0,0,0,0,0,NA,0,WD,Normal,140000,11.84939770159144,MetalSd,Finished,Siding
30,RM,60.0,7200,NA,Reg,Corner,OldTown,Norm,1Fam,1.0Story,5,7,1940,1992,Gable,Stone,294.0,TA,Gd,CBlock,TA,TA,No,BLQ,Unf,788,TA,Y,SBrkr,804,0,0,804,1,0,1,0,2,1,Gd,4,Typ,2,Gd,Attchd,Unf,1,240,Y,0,0,154,0,0,0,Fence,0,WD,Abnorml,119000,11.686878772093667,MetalSd,Finished,Siding
20,RL,70.05,12546,NA,IR,Corner,NWAmes,Norm,1Fam,1.0Story,6,7,1981,1981,Gable,BrkFace,310.0,Gd,Gd,CBlock,Gd,TA,No,BLQ,Unf,1440,Ex,Y,SBrkr,1440,0,0,1440,0,0,2,0,3,1,Gd,7,Typ,1,TA,Attchd,Fin,2,467,Y,0,0,99,0,0,0,NA,0,WD,Normal,182900,12.116694834378958,MetalSd,Finished,Siding
60,RL,60.0,21930,NA,IR,Inside,Gilbert,NRR,1Fam,2.0Story,5,5,2005,2005,Gable,None,0.0,Gd,Gd,PConc,Gd,Gd,Av,Unf,Unf,732,Ex,Y,SBrkr,734,1104,0,1838,0,0,2,1,4,1,TA,7,Typ,1,Gd,Attchd,Fin,2,372,Y,100,40,0,0,0,0,NA,0,WD,Normal,192140,12.16597955196373,VinylSd,Finished,Siding
120,RL,70.05,4928,NA,IR,Inside,NPkVill,Norm,Twnhs,1.0Story,6,6,1976,1976,Gable,None,0.0,TA,Gd,CBlock,Gd,TA,No,LwQ,Unf,958,TA,Y,SBrkr,958,0,0,958,0,0,2,0,2,1,TA,5,Typ,0,NA,Attchd,RFn,2,440,Y,0,60,0,0,0,0,NA,0,WD,Normal,143750,11.875830958659597,Plywood,Finished,Other
30,RL,60.0,10800,Grvl,Reg,Inside,OldTown,Norm,1Fam,1.0Story,4,6,1927,2007,Gable,None,0.0,TA,Gd,BrkTil,TA,TA,No,Unf,Unf,656,TA,Y,SBrkr,968,0,0,968,0,0,2,0,4,1,TA,5,Typ,0,NA,Detchd,Unf,1,216,Y,0,0,0,0,0,0,NA,0,WD,Normal,64500,11.074420502783864,Wood,Finished,Siding
60,RL,93.0,10261,NA,IR,Inside,Gilbert,Norm,1Fam,2.0Story,6,5,2000,2000,Gable,BrkFace,318.0,TA,Gd,PConc,Gd,TA,No,Unf,Unf,936,Ex,Y,SBrkr,962,830,0,1792,1,0,2,1,3,1,TA,8,Typ,1,TA,Attchd,Fin,2,451,Y,0,0,0,0,0,0,NA,0,WD,Normal,186500,12.136186518066006,VinylSd,Finished,Siding
20,RL,80.0,17400,NA,Reg,Inside,Mitchel,Norm,1Fam,1.0Story,5,5,1977,1977,Gable,None,0.0,TA,Gd,CBlock,TA,TA,No,ALQ,Unf,1126,Fa,Y,SBrkr,1126,0,0,1126,1,0,2,0,3,1,TA,5,Typ,1,Gd,Attchd,RFn,2,484,N,295,41,0,0,0,0,NA,0,WD,Normal,160000,11.982929094215963,Other,Finished,Other
20,RL,80.0,8400,NA,Reg,Inside,NAmes,Norm,1Fam,1.0Story,6,9,1962,2005,Gable,BrkFace,237.0,Gd,Gd,CBlock,TA,TA,No,Unf,Unf,1319,TA,Y,SBrkr,1537,0,0,1537,1,0,1,1,3,1,Gd,7,Typ,1,Gd,Attchd,RFn,2,462,Y,0,36,0,0,0,0,Fence,0,Oth,Abnorml,174000,12.066810578196666,Wood,Finished,Siding
20,RL,60.0,9000,NA,Reg,FR2,NAmes,Norm,1Fam,1.0Story,4,6,1971,1971,Gable,None,0.0,TA,Gd,PConc,TA,TA,No,ALQ,Unf,864,TA,Y,SBrkr,864,0,0,864,0,0,1,0,3,1,TA,5,Typ,0,NA,Detchd,Unf,2,528,Y,0,0,0,0,0,0,Fence,0,WD,Normal,120500,11.699405031912846,HdBoard,Finished,Other
20,RL,96.0,12444,NA,Reg,FR2,NridgHt,Norm,1Fam,1.0Story,8,5,2008,2008,Hip,Stone,426.0,Ex,Gd,PConc,Ex,TA,Av,GLQ,Unf,1932,Ex,Y,SBrkr,1932,0,0,1932,1,0,2,0,2,1,Ex,7,Typ,1,Gd,Attchd,Fin,3,774,Y,0,66,0,304,0,0,NA,0,Oth,Partial,394617,12.885670953244288,VinylSd,Finished,Siding
20,RM,90.0,7407,NA,Reg,Inside,OldTown,Artery,1Fam,1.0Story,6,7,1957,1996,Gable,None,0.0,TA,Gd,CBlock,TA,TA,No,GLQ,Unf,912,TA,Y,Fuse,1236,0,0,1236,1,0,1,0,2,1,TA,6,Typ,0,NA,Attchd,Unf,2,923,Y,0,158,158,0,0,0,Fence,0,WD,Normal,149700,11.91638857040772,MetalSd,Finished,Siding
60,RL,80.0,11584,NA,Reg,Inside,NWAmes,Norm,1Fam,SLvl,7,6,1979,1979,Hip,BrkFace,96.0,TA,Gd,CBlock,TA,TA,No,GLQ,Rec,539,TA,Y,SBrkr,1040,685,0,1725,0,0,2,1,3,1,TA,6,Typ,1,TA,Attchd,RFn,2,550,Y,0,88,216,0,0,0,NA,0,WD,Normal,197000,12.190959007720126,HdBoard,Finished,Other
70,RL,79.0,11526,NA,IR,Inside,Crawfor,Norm,1Fam,2.5Story,6,7,1922,1994,Gable,None,0.0,TA,Gd,BrkTil,Ex,TA,No,Unf,Unf,588,Fa,Y,SBrkr,1423,748,384,2555,0,0,2,0,3,1,TA,11,Atype,1,Gd,Detchd,Fin,2,672,Y,431,0,0,0,0,0,NA,0,WD,Normal,191000,12.160028707028767,MetalSd,Finished,Siding
120,RM,70.05,4426,NA,Reg,Inside,CollgCr,Norm,Twnhs,1.0Story,6,5,2004,2004,Gable,BrkFace,147.0,Gd,Gd,PConc,Gd,TA,Av,GLQ,Unf,848,Ex,Y,SBrkr,848,0,0,848,1,0,1,0,1,1,Gd,3,Typ,1,TA,Attchd,RFn,2,420,Y,149,0,0,0,0,0,NA,0,WD,Normal,149300,11.913712983527281,VinylSd,Finished,Siding
60,FV,85.0,11003,NA,Reg,Inside,Somerst,Norm,1Fam,2.0Story,10,5,2008,2008,Gable,Stone,160.0,Ex,Gd,PConc,Ex,TA,Av,GLQ,Unf,1017,Ex,Y,SBrkr,1026,981,0,2007,1,0,2,1,3,1,Ex,10,Typ,1,Gd,Attchd,Fin,3,812,Y,168,52,0,0,0,0,NA,0,WD,Normal,310000,12.644327576461329,VinylSd,Finished,Siding
30,RL,70.05,8854,NA,Reg,Inside,BrkSide,Norm,1Fam,1.5Story,6,6,1916,1950,Gable,None,0.0,TA,Gd,BrkTil,TA,TA,No,Unf,Unf,952,Fa,N,Fuse,952,0,0,952,0,0,1,0,2,1,Fa,4,Typ,1,Gd,Detchd,Unf,1,192,N,0,98,0,0,40,0,NA,0,WD,Normal,121000,11.703545824578878,Wood,Unfinished,Siding
20,RL,63.0,8500,NA,Reg,FR2,CollgCr,Norm,1Fam,1.0Story,7,5,2004,2004,Gable,BrkFace,106.0,Gd,Gd,PConc,Gd,TA,Av,Unf,Unf,1422,Ex,Y,SBrkr,1422,0,0,1422,0,0,2,0,3,1,Gd,7,Typ,0,NA,Attchd,RFn,2,626,Y,192,60,0,0,0,0,NA,0,WD,Normal,179600,12.098487434850236,VinylSd,Finished,Siding
85,RL,70.0,8400,NA,Reg,Inside,Sawyer,Norm,1Fam,SFoyer,6,5,1966,1966,Gable,None,0.0,TA,Gd,CBlock,TA,TA,Gd,LwQ,Rec,814,Gd,Y,SBrkr,913,0,0,913,1,0,1,0,3,1,TA,6,Typ,0,NA,Detchd,Unf,1,240,Y,0,0,252,0,0,0,NA,0,WD,Normal,129000,11.76756768334381,VinylSd,Finished,Siding
20,RL,70.05,26142,NA,IR,CulDSac,Mitchel,Norm,1Fam,1.0Story,5,7,1962,1962,Gable,BrkFace,189.0,TA,Gd,CBlock,TA,TA,No,Rec,Unf,1188,TA,Y,SBrkr,1188,0,0,1188,0,0,1,0,3,1,TA,6,Typ,0,NA,Attchd,Unf,1,312,N,261,39,0,0,0,0,NA,0,WD,Normal,157900,11.969717200243734,HdBoard,Finished,Other
60,RL,80.0,10000,NA,Reg,Inside,CollgCr,Norm,1Fam,2.0Story,8,5,1995,1996,Gable,BrkFace,438.0,Gd,Gd,PConc,Gd,TA,No,GLQ,Unf,1220,Ex,Y,SBrkr,1220,870,0,2090,1,0,2,1,3,1,Gd,8,Typ,1,TA,Attchd,RFn,2,556,Y,0,65,0,0,0,0,NA,0,WD,Normal,240000,12.388394202324129,VinylSd,Finished,Siding
50,RL,70.0,11767,NA,Reg,Inside,Edwards,Norm,1Fam,2.0Story,4,7,1910,2000,Gable,None,0.0,TA,Gd,CBlock,Fa,TA,No,Unf,Unf,560,Gd,N,SBrkr,796,550,0,1346,0,0,1,1,2,1,TA,6,Atype,0,NA,Detchd,Unf,1,384,Y,168,24,0,0,0,0,Fence,0,WD,Normal,112000,11.626254150277232,HdBoard,Finished,Other
180,RM,21.0,1533,NA,Reg,Inside,MeadowV,Norm,Twnhs,SFoyer,5,7,1970,1970,Gable,None,0.0,TA,Gd,CBlock,Gd,TA,Av,GLQ,Unf,630,Ex,Y,SBrkr,630,0,0,630,1,0,1,0,1,1,Ex,3,Typ,0,NA,NA,NA,0,0,Y,0,0,0,0,0,0,NA,0,WD,Abnorml,92000,11.429543856031177,Other,Finished,Other
90,RL,60.0,9000,NA,Reg,FR2,NAmes,Norm,Oth,2.0Story,5,5,1974,1974,Gable,None,0.0,TA,Gd,CBlock,Gd,TA,No,Unf,Unf,896,TA,Y,SBrkr,896,896,0,1792,0,0,2,2,4,2,TA,8,Typ,0,NA,NA,NA,0,0,Y,32,45,0,0,0,0,NA,0,WD,Normal,136000,11.820410164718188,VinylSd,Finished,Siding
20,RL,78.0,9262,NA,Reg,Inside,Somerst,Norm,1Fam,1.0Story,8,5,2008,2009,Gable,Stone,194.0,Gd,Gd,PConc,Gd,TA,No,Unf,Unf,1573,Ex,Y,SBrkr,1578,0,0,1578,0,0,2,0,3,1,Ex,7,Typ,1,Gd,Attchd,Fin,3,840,Y,0,36,0,0,0,0,NA,0,Oth,Partial,287090,12.567551034433226,Other,Finished,Other
180,RM,35.0,3675,NA,Reg,Inside,Edwards,Norm,Twnhs,SLvl,5,5,2005,2005,Gable,BrkFace,80.0,TA,Gd,PConc,Gd,TA,Gd,GLQ,Unf,547,Gd,Y,SBrkr,1072,0,0,1072,1,0,1,0,2,1,TA,5,Typ,0,NA,Attchd,Fin,2,525,Y,0,28,0,0,0,0,NA,0,WD,Normal,145000,11.884489021402711,VinylSd,Finished,Siding
20,RL,90.0,17217,NA,Reg,Inside,Mitchel,Norm,1Fam,1.0Story,5,5,2006,2006,Gable,None,0.0,TA,Gd,PConc,Gd,TA,No,Unf,Unf,1140,Ex,Y,SBrkr,1140,0,0,1140,0,0,1,0,3,1,TA,6,Typ,0,NA,NA,NA,0,0,Y,36,56,0,0,0,0,NA,0,WD,Abnorml,84500,11.344506813345266,VinylSd,Finished,Siding
20,FV,62.0,7500,Pave,Reg,Inside,Somerst,Norm,1Fam,1.0Story,7,5,2004,2005,Gable,None,0.0,Gd,Gd,PConc,Gd,TA,No,GLQ,Unf,1221,Ex,Y,SBrkr,1221,0,0,1221,1,0,2,0,2,1,Gd,6,Typ,0,NA,Attchd,RFn,2,400,Y,0,113,0,0,0,0,NA,0,WD,Normal,185000,12.128111104060462,VinylSd,Finished,Siding
60,RL,62.0,7917,NA,Reg,Inside,Gilbert,Norm,1Fam,2.0Story,6,5,1999,2000,Gable,None,0.0,TA,Gd,PConc,Gd,TA,No,Unf,Unf,953,Ex,Y,SBrkr,953,694,0,1647,0,0,2,1,3,1,TA,7,Typ,1,TA,Attchd,RFn,2,460,Y,0,40,0,0,0,0,NA,0,WD,Normal,175000,12.072541252905651,VinylSd,Finished,Siding
20,RL,85.0,13175,NA,Reg,Inside,NWAmes,Norm,1Fam,1.0Story,6,6,1978,1988,Gable,Stone,119.0,TA,Gd,CBlock,Gd,TA,No,ALQ,Rec,1542,TA,Y,SBrkr,2073,0,0,2073,1,0,2,0,3,1,TA,7,Atype,2,TA,Attchd,Unf,2,500,Y,349,0,0,0,0,0,Fence,0,WD,Normal,210000,12.254862809699606,Plywood,Finished,Other
70,RL,66.0,9042,NA,Reg,Inside,Crawfor,Norm,1Fam,2.0Story,7,9,1941,2006,Gable,None,0.0,Ex,Gd,Oth,TA,Gd,No,GLQ,Unf,1152,Ex,Y,SBrkr,1188,1152,0,2340,0,0,2,0,4,1,Gd,9,Typ,2,Gd,Attchd,RFn,1,252,Y,0,60,0,0,0,0,Fence,2500,WD,Normal,266500,12.493129522588037,Other,Finished,Other
20,RL,68.0,9717,NA,Reg,Inside,NAmes,Norm,1Fam,1.0Story,5,6,1950,1996,Hip,None,0.0,TA,Gd,CBlock,TA,TA,Mn,GLQ,Rec,1078,Gd,Y,Fuse,1078,0,0,1078,1,0,1,0,2,1,Gd,5,Typ,0,NA,Attchd,Unf,1,240,Y,366,0,112,0,0,0,NA,0,WD,Normal,142125,11.864462231052837,MetalSd,Finished,Siding
20,RL,75.0,9937,NA,Reg,Inside,Edwards,Norm,1Fam,1.0Story,5,6,1965,1965,Gable,None,0.0,Gd,Gd,CBlock,TA,TA,No,BLQ,LwQ,1256,Gd,Y,SBrkr,1256,0,0,1256,1,0,1,1,3,1,TA,6,Typ,0,NA,Attchd,Fin,1,276,Y,736,68,0,0,0,0,NA,0,WD,Normal,147500,11.901583454762012,HdBoard,Finished,Other
